Data for Figure 1a.,,,,,,,,,,Data for Figure 1b.,,,,,,,,
Date (MT),0.20 m,0.40 m,0.75 m,1.00 m,1.50 m,2.50 m,4.63 m,6.00 m,,,,,,,,,,
5/1/13 0:00,,,12.28,11.13,9.71,9.59,10.27,10.68,,04/01/14,07/01/14,10/01/14,01/01/15,04/01/15,07/01/15,10/01/15,01/01/16,"depth, m"
5/1/13 1:00,,,12.36,11.32,9.86,9.61,10.26,10.68,,10.53,27.8,13.7,1.00,12.49,25.22,17.61,-0.41,-0.20
5/2/13 1:00,,,12.13,11.47,10.13,9.68,10.27,10.68,,8.99,24.5,15.6,1.85,11.02,22.74,17.91,1.49,-0.40
5/3/13 1:00,,,11.89,11.40,10.32,9.76,10.27,10.68,,7.7,22.1,17.4,3.45,10.67,21.03,18.12,3.62,-0.75
5/4/13 1:00,,,12.01,11.41,10.43,9.86,10.27,10.67,,7.5,20.4,17.8,4.43,9.85,19.16,17.65,4.11,-1.00
5/5/13 1:00,,,12.40,11.59,10.53,9.94,10.27,10.68,,7.3,17.6,17.9,6.54,8.80,16.14,17.16,6.15,-1.50
5/6/13 1:00,,,12.79,11.89,10.66,10.02,10.28,10.67,,7.9,14.7,17.6,9.65,8.77,13.74,16.82,9.11,-2.50
5/7/13 1:00,,,12.94,12.12,10.82,10.12,10.29,10.67,,9.6,11.8,15.5,12.68,9.86,11.48,15.14,12.61,-4.63
5/8/13 1:00,,,12.84,12.21,10.98,10.21,10.30,10.67,,10.4,11.4,14.5,13.33,10.60,11.34,14.18,13.23,-6.00
5/9/13 1:00,,,12.45,12.12,11.10,10.28,10.30,10.68,,,,,,,,,,
5/10/13 1:00,,,12.48,12.01,11.16,10.36,10.32,10.68,,,,,,,,,,
5/11/13 1:00,,,12.84,12.15,11.20,10.44,10.33,10.69,,,,,,,,,,
5/12/13 1:00,,,13.35,12.43,11.29,10.51,10.34,10.69,,,,,,,,,,
5/13/13 1:00,,,14.01,12.84,11.42,10.58,10.36,10.69,,,,,,,,,,
5/14/13 1:00,,,14.70,13.34,11.62,10.65,10.38,10.70,,,,,,,,,,
5/15/13 1:00,,,15.31,13.85,11.87,10.73,10.39,10.70,,,,,,,,,,
5/16/13 1:00,,,15.54,14.24,12.15,10.83,10.41,10.71,,,,,,,,,,
5/17/13 1:00,,,15.81,14.50,12.41,10.93,10.43,10.72,,,,,,,,,,
5/18/13 1:00,,,16.17,14.82,12.65,11.05,10.45,10.74,,,,,,,,,,
5/19/13 1:00,,,16.11,15.02,12.89,11.16,10.48,10.75,,,,,,,,,,
5/20/13 1:00,,,15.83,14.98,13.08,11.29,10.50,10.76,,,,,,,,,,
5/21/13 1:00,,,15.72,14.92,13.20,11.41,10.53,10.77,,,,,,,,,,
5/22/13 1:00,,,15.91,14.96,13.29,11.54,10.55,10.78,,,,,,,,,,
5/23/13 1:00,,,16.36,15.18,13.38,11.67,10.57,10.80,,,,,,,,,,
5/24/13 1:00,,,16.96,15.56,13.53,11.80,10.60,10.81,,,,,,,,,,
5/25/13 1:00,,,17.47,15.98,13.73,11.94,10.63,10.81,,,,,,,,,,
5/26/13 1:00,,,17.79,16.33,13.96,12.09,10.66,10.83,,,,,,,,,,
5/27/13 1:00,,,18.06,16.62,14.20,12.24,10.69,10.84,,,,,,,,,,
5/28/13 1:00,,,18.23,16.86,14.43,12.38,10.71,10.85,,,,,,,,,,
5/29/13 1:00,,,18.20,17.00,14.63,12.54,10.74,10.87,,,,,,,,,,
5/30/13 1:00,,,17.84,16.95,14.80,12.69,10.77,10.88,,,,,,,,,,
5/31/13 1:00,,,17.60,16.79,14.90,12.84,10.80,10.90,,,,,,,,,,
6/1/13 1:00,,,17.66,16.76,14.95,12.98,10.84,10.91,,,,,,,,,,
6/2/13 1:00,,,17.87,16.83,15.01,13.11,10.87,10.93,,,,,,,,,,
6/3/13 1:00,,,18.26,17.04,15.09,13.23,10.91,10.95,,,,,,,,,,
6/4/13 1:00,,,18.62,17.31,15.21,13.35,10.95,10.96,,,,,,,,,,
6/5/13 1:00,,,18.92,17.57,15.37,13.46,10.99,10.98,,,,,,,,,,
6/6/13 1:00,,,19.27,17.85,15.54,13.57,11.03,11.00,,,,,,,,,,
6/7/13 1:00,,,19.62,18.13,15.73,13.68,11.07,11.02,,,,,,,,,,
6/8/13 1:00,,,19.96,18.43,15.93,13.79,11.11,11.04,,,,,,,,,,
6/9/13 1:00,,,20.29,18.71,16.14,13.90,11.15,11.06,,,,,,,,,,
6/10/13 1:00,,,20.68,19.01,16.35,14.02,11.19,11.08,,,,,,,,,,
6/11/13 1:00,,,21.08,19.35,16.58,14.14,11.24,11.10,,,,,,,,,,
6/12/13 1:00,,,21.36,19.66,16.81,14.26,11.28,11.12,,,,,,,,,,
6/13/13 1:00,,,21.55,19.90,17.03,14.39,11.33,11.14,,,,,,,,,,
6/14/13 1:00,,,21.51,20.06,17.23,14.52,11.37,11.17,,,,,,,,,,
6/15/13 1:00,,,21.49,20.10,17.40,14.64,11.42,11.19,,,,,,,,,,
6/16/13 1:00,,,21.65,20.21,17.54,14.77,11.47,11.21,,,,,,,,,,
6/17/13 1:00,,,21.83,20.36,17.68,14.90,11.51,11.24,,,,,,,,,,
6/18/13 1:00,,,22.05,20.53,17.81,15.03,11.56,11.26,,,,,,,,,,
6/19/13 1:00,,,22.16,20.69,17.95,15.15,11.61,11.29,,,,,,,,,,
6/20/13 1:00,,,22.20,20.78,18.08,15.28,11.66,11.31,,,,,,,,,,
6/21/13 1:00,,,22.30,20.87,18.20,15.41,11.72,11.34,,,,,,,,,,
6/22/13 1:00,,,22.43,20.98,18.31,15.53,11.77,11.37,,,,,,,,,,
6/23/13 1:00,,,22.52,21.09,18.42,15.65,11.82,11.39,,,,,,,,,,
6/24/13 1:00,,,22.62,21.19,18.52,15.76,11.87,11.42,,,,,,,,,,
6/25/13 1:00,,,22.71,21.28,18.62,15.88,11.92,11.45,,,,,,,,,,
6/26/13 1:00,,,22.92,21.40,18.73,15.99,11.97,11.48,,,,,,,,,,
6/27/13 1:00,,,23.18,21.57,18.83,16.10,12.02,11.51,,,,,,,,,,
6/28/13 1:00,,,23.56,21.81,18.96,16.21,12.08,11.54,,,,,,,,,,
6/29/13 1:00,,,23.98,22.12,19.11,16.32,12.13,11.57,,,,,,,,,,
6/30/13 1:00,,,24.23,22.41,19.29,16.44,12.18,11.60,,,,,,,,,,
7/1/13 1:00,,,24.37,22.60,19.47,16.56,12.23,11.63,,,,,,,,,,
7/2/13 1:00,,,24.57,22.79,19.64,16.68,12.29,11.66,,,,,,,,,,
7/3/13 1:00,,,24.73,22.98,19.81,16.81,12.34,11.69,,,,,,,,,,
7/4/13 1:00,,,24.73,23.10,19.97,16.94,12.39,11.72,,,,,,,,,,
7/5/13 1:00,,,24.69,23.14,20.11,17.07,12.45,11.76,,,,,,,,,,
7/6/13 1:00,,,24.78,23.21,20.22,17.20,12.50,11.79,,,,,,,,,,
7/7/13 1:00,,,24.75,23.27,20.32,17.33,12.56,11.82,,,,,,,,,,
7/8/13 1:00,,,24.73,23.28,20.42,17.44,12.61,11.86,,,,,,,,,,
7/9/13 1:00,,,24.86,23.34,20.50,17.56,12.67,11.89,,,,,,,,,,
7/10/13 1:00,,,25.07,23.47,20.58,17.66,12.73,11.93,,,,,,,,,,
7/11/13 1:00,,,25.32,23.64,20.68,17.75,12.79,11.96,,,,,,,,,,
7/12/13 1:00,,,25.49,23.82,20.80,17.85,12.84,12.00,,,,,,,,,,
7/13/13 1:00,,,25.53,23.93,20.93,17.95,12.90,12.04,,,,,,,,,,
7/14/13 1:00,,,25.62,24.01,21.04,18.04,12.96,12.07,,,,,,,,,,
7/15/13 1:00,,,25.66,24.11,21.15,18.14,13.02,12.11,,,,,,,,,,
7/16/13 1:00,,,25.60,24.11,21.24,18.23,13.09,12.15,,,,,,,,,,
7/17/13 1:00,,,25.68,24.15,21.32,18.32,13.15,12.19,,,,,,,,,,
7/18/13 1:00,,,25.73,24.22,21.39,18.42,13.21,12.23,,,,,,,,,,
7/19/13 1:00,,,25.70,24.24,21.47,18.51,13.27,12.27,,,,,,,,,,
7/20/13 1:00,,,25.82,24.28,21.53,18.59,13.33,12.31,,,,,,,,,,
7/21/13 1:00,,,26.08,24.42,21.60,18.67,13.40,12.35,,,,,,,,,,
7/22/13 1:00,,,26.26,24.57,21.69,18.75,13.46,12.39,,,,,,,,,,
7/23/13 1:00,,,26.45,24.73,21.79,18.82,13.53,12.44,,,,,,,,,,
7/24/13 1:00,,,26.54,24.86,21.90,18.90,13.60,12.48,,,,,,,,,,
7/25/13 1:00,,,26.47,24.92,22.01,18.98,13.66,12.53,,,,,,,,,,
7/26/13 1:00,,,26.28,24.89,22.09,19.06,13.73,12.57,,,,,,,,,,
7/27/13 1:00,,,26.11,24.79,22.14,19.12,13.78,12.60,,,,,,,,,,
7/29/13 12:05,,,25.34,24.47,22.18,19.31,13.93,12.72,,,,,,,,,,
7/30/13 1:00,,,25.18,24.26,22.15,19.36,13.98,12.75,,,,,,,,,,
7/31/13 1:00,,,25.07,24.11,22.08,19.41,14.04,12.79,,,,,,,,,,
8/1/13 1:00,,,25.05,24.02,22.02,19.45,14.10,12.84,,,,,,,,,,
8/2/13 1:00,,,24.57,23.86,21.97,19.47,14.17,12.89,,,,,,,,,,
8/3/13 1:00,,,24.34,23.69,21.95,19.49,14.20,12.91,,,,,,,,,,
8/5/13 6:05,,,24.76,23.66,21.78,19.52,14.36,13.03,,,,,,,,,,
8/6/13 1:00,,,24.86,23.73,21.78,19.52,14.42,13.07,,,,,,,,,,
8/7/13 1:00,,,24.69,23.73,21.79,19.52,14.47,13.12,,,,,,,,,,
8/8/13 1:00,,,24.47,23.59,21.79,19.53,14.53,13.16,,,,,,,,,,
8/9/13 1:00,,,24.44,23.52,21.76,19.54,14.56,13.21,,,,,,,,,,
8/10/13 1:00,,,24.33,23.45,21.74,19.54,14.59,13.26,,,,,,,,,,
8/12/13 6:05,,,24.25,23.28,21.66,19.54,14.70,13.35,,,,,,,,,,
8/13/13 8:05,,,24.05,23.23,21.61,19.54,14.79,13.42,,,,,,,,,,
8/14/13 1:00,,,23.98,23.15,21.59,19.54,14.84,13.46,,,,,,,,,,
8/15/13 1:00,,,23.89,23.09,21.56,19.55,14.90,13.50,,,,,,,,,,
8/17/13 0:55,,,23.80,23.01,21.52,19.55,14.96,13.55,,,,,,,,,,
8/18/13 0:55,,,23.92,22.99,21.49,19.55,15.01,13.59,,,,,,,,,,
8/19/13 0:55,,,24.11,23.08,21.47,19.56,15.06,13.63,,,,,,,,,,
8/20/13 0:55,,,24.37,23.21,21.49,19.56,15.11,13.68,,,,,,,,,,
8/21/13 0:55,,,24.68,23.39,21.53,19.56,15.15,13.72,,,,,,,,,,
8/22/13 0:55,,,24.74,23.55,21.60,19.57,15.20,13.77,,,,,,,,,,
8/23/13 0:55,,,24.69,23.57,21.67,19.59,15.24,13.81,,,,,,,,,,
8/24/13 0:55,,,24.85,23.64,21.72,19.61,15.28,13.85,,,,,,,,,,
8/25/13 0:55,,,24.91,23.74,21.77,19.63,15.32,13.89,,,,,,,,,,
8/26/13 0:55,,,24.83,23.74,21.82,19.66,15.36,13.93,,,,,,,,,,
8/27/13 0:55,,,24.54,23.68,21.86,19.68,15.40,13.97,,,,,,,,,,
8/28/13 0:55,,,24.14,23.46,21.86,19.71,15.44,14.01,,,,,,,,,,
8/29/13 0:55,,,24.16,23.32,21.81,19.74,15.48,14.05,,,,,,,,,,
8/30/13 0:55,,,24.45,23.38,21.77,19.75,15.52,14.09,,,,,,,,,,
8/31/13 0:55,,,24.76,23.54,21.77,19.77,15.55,14.12,,,,,,,,,,
9/1/13 0:55,,,24.81,23.68,21.82,19.78,15.59,14.16,,,,,,,,,,
9/2/13 0:55,,,24.70,23.68,21.87,19.79,15.62,14.20,,,,,,,,,,
9/3/13 0:55,,,24.61,23.65,21.90,19.81,15.66,14.23,,,,,,,,,,
9/4/13 0:55,,,24.66,23.64,21.91,19.83,15.69,14.27,,,,,,,,,,
9/5/13 0:55,,,24.84,23.70,21.92,19.85,15.73,14.30,,,,,,,,,,
9/6/13 0:55,,,25.08,23.84,21.95,19.87,15.76,14.34,,,,,,,,,,
9/7/13 0:55,,,25.19,23.97,22.01,19.88,15.80,14.37,,,,,,,,,,
9/8/13 0:55,,,25.23,24.04,22.07,19.90,15.83,14.41,,,,,,,,,,
9/9/13 0:55,,,25.33,24.11,22.12,19.93,15.86,14.44,,,,,,,,,,
9/10/13 0:55,,,25.28,24.17,22.20,19.96,15.90,14.48,,,,,,,,,,
9/11/13 0:55,,,24.60,23.99,22.21,19.99,15.93,14.51,,,,,,,,,,
9/12/13 0:55,,,23.76,23.53,22.18,20.02,15.96,14.54,,,,,,,,,,
9/13/13 0:55,,,23.17,23.06,22.06,20.04,15.99,14.58,,,,,,,,,,
9/14/13 0:55,,,22.85,22.68,21.89,20.06,16.03,14.61,,,,,,,,,,
9/15/13 0:55,,,22.70,22.44,21.72,20.05,16.06,14.64,,,,,,,,,,
9/16/13 0:55,,,22.42,22.24,21.56,20.04,16.09,14.67,,,,,,,,,,
9/17/13 0:55,,,22.09,21.98,21.42,20.01,16.12,14.70,,,,,,,,,,
9/18/13 0:55,,,21.95,21.76,21.27,19.98,16.15,14.74,,,,,,,,,,
9/19/13 0:55,,,21.80,21.61,21.12,19.93,16.19,14.77,,,,,,,,,,
9/20/13 0:55,,,21.56,21.43,20.99,19.89,16.22,14.80,,,,,,,,,,
9/21/13 0:55,,,21.28,21.22,20.86,19.84,16.25,14.83,,,,,,,,,,
9/22/13 0:55,,,21.02,20.99,20.72,19.79,16.28,14.87,,,,,,,,,,
9/23/13 0:55,,,20.86,20.80,20.58,19.73,16.31,14.90,,,,,,,,,,
9/24/13 0:55,,,20.29,20.58,20.44,19.68,16.33,14.93,,,,,,,,,,
9/25/13 0:55,,,19.52,20.07,20.28,19.61,16.35,14.96,,,,,,,,,,
9/26/13 0:55,,,19.18,19.64,20.06,19.55,16.37,14.98,,,,,,,,,,
9/27/13 0:55,,,19.11,19.38,19.82,19.47,16.39,15.01,,,,,,,,,,
9/28/13 0:55,,,19.16,19.28,19.63,19.39,16.41,15.04,,,,,,,,,,
9/29/13 0:55,,,18.64,19.10,19.47,19.31,16.43,15.07,,,,,,,,,,
9/30/13 0:55,,,17.91,18.62,19.29,19.22,16.45,15.10,,,,,,,,,,
10/1/13 0:55,,,17.49,18.18,19.06,19.13,16.46,15.12,,,,,,,,,,
10/2/13 0:55,,,17.35,17.88,18.81,19.03,16.47,15.15,,,,,,,,,,
10/3/13 0:55,,,17.37,17.74,18.59,18.93,16.48,15.17,,,,,,,,,,
10/4/13 0:55,,,17.38,17.67,18.41,18.82,16.50,15.20,,,,,,,,,,
10/5/13 0:55,,,17.08,17.56,18.27,18.71,16.50,15.22,,,,,,,,,,
10/6/13 0:55,,,16.01,17.06,18.11,18.61,16.51,15.25,,,,,,,,,,
10/7/13 0:55,,,15.32,16.43,17.87,18.50,16.51,15.27,,,,,,,,,,
10/8/13 0:55,,,14.99,15.97,17.57,18.39,16.51,15.29,,,,,,,,,,
10/9/13 0:55,,,14.91,15.69,17.29,18.27,16.51,15.31,,,,,,,,,,
10/10/13 0:55,,,14.92,15.56,17.04,18.15,16.51,15.33,,,,,,,,,,
10/11/13 0:55,,,14.88,15.47,16.85,18.02,16.50,15.34,,,,,,,,,,
10/12/13 0:55,,,14.55,15.30,16.68,17.89,16.50,15.36,,,,,,,,,,
10/13/13 0:55,,,14.17,15.00,16.51,17.76,16.49,15.38,,,,,,,,,,
10/14/13 0:55,,,13.97,14.75,16.31,17.63,16.48,15.39,,,,,,,,,,
10/15/13 0:55,,,13.89,14.58,16.12,17.51,16.47,15.40,,,,,,,,,,
10/16/13 0:55,,,13.67,14.42,15.94,17.38,16.46,15.42,,,,,,,,,,
10/17/13 0:55,,,13.35,14.18,15.77,17.26,16.44,15.43,,,,,,,,,,
10/17/13 20:55,,,13.00,13.90,15.59,17.14,16.42,15.44,,,,,,,,,,
10/18/13 1:00,,,12.74,13.63,15.39,17.01,16.40,15.44,,,,,,,,,,
10/19/13 1:00,,,12.58,13.42,15.19,16.89,16.38,15.45,,,,,,,,,,
10/20/13 1:00,,,12.31,13.20,15.00,16.76,16.36,15.46,,,,,,,,,,
10/21/13 1:00,,,12.11,12.98,14.81,16.63,16.34,15.46,,,,,,,,,,
10/22/13 1:00,,,12.00,12.81,14.62,16.50,16.31,15.47,,,,,,,,,,
10/23/13 1:00,,,11.90,12.67,14.45,16.38,16.28,15.47,,,,,,,,,,
10/24/13 1:00,,,11.85,12.58,14.34,16.29,16.27,15.47,,,,,,,,,,
10/25/13 15:45,,,11.77,12.45,14.12,16.09,16.21,15.47,,,,,,,,,,
10/26/13 1:00,,,11.67,12.38,14.03,16.00,16.19,15.47,,,,,,,,,,
10/27/13 1:00,,,11.57,12.26,13.92,15.89,16.16,15.47,,,,,,,,,,
10/28/13 1:00,,,11.51,12.16,13.80,15.77,16.13,15.46,,,,,,,,,,
10/29/13 1:00,,,11.58,12.13,13.69,15.66,16.10,15.46,,,,,,,,,,
10/30/13 1:00,,,11.46,12.10,13.60,15.56,16.06,15.45,,,,,,,,,,
10/31/13 1:00,,,11.11,11.92,13.51,15.46,16.02,15.45,,,,,,,,,,
11/1/13 1:00,,,10.78,11.67,13.39,15.36,15.99,15.44,,,,,,,,,,
11/2/13 1:00,,,10.64,11.47,13.25,15.26,15.95,15.43,,,,,,,,,,
11/3/13 1:00,,,10.43,11.29,13.09,15.16,15.91,15.42,,,,,,,,,,
11/4/13 1:00,,,10.21,11.10,12.95,15.06,15.87,15.41,,,,,,,,,,
11/5/13 1:00,,,9.88,10.86,12.80,14.96,15.83,15.40,,,,,,,,,,
11/6/13 1:00,,,9.51,10.59,12.63,14.86,15.79,15.39,,,,,,,,,,
11/7/13 1:00,,,9.00,10.23,12.44,14.74,15.75,15.37,,,,,,,,,,
11/8/13 1:00,,,8.73,9.90,12.23,14.64,15.71,15.36,,,,,,,,,,
11/9/13 1:00,,,8.64,9.70,12.02,14.52,15.67,15.34,,,,,,,,,,
11/10/13 1:00,,,8.55,9.55,11.83,14.40,15.62,15.33,,,,,,,,,,
11/11/13 1:00,,,8.49,9.44,11.66,14.28,15.58,15.31,,,,,,,,,,
11/12/13 1:00,,,8.43,9.34,11.51,14.16,15.53,15.30,,,,,,,,,,
11/13/13 10:00,,,8.38,9.27,11.42,14.08,15.51,15.28,,,,,,,,,,
11/17/13 0:55,,,8.10,8.97,11.01,13.67,15.33,15.21,,,,,,,,,,
11/18/13 0:55,,,7.95,8.88,10.93,13.59,15.29,15.20,,,,,,,,,,
11/19/13 0:55,,,7.81,8.75,10.83,13.49,15.22,15.18,,,,,,,,,,
11/20/13 0:55,,,7.65,8.61,10.71,13.38,15.17,15.15,,,,,,,,,,
11/21/13 0:55,,,7.49,8.46,10.59,13.28,15.12,15.13,,,,,,,,,,
11/21/13 19:15,,,7.57,8.38,10.47,13.19,15.06,15.10,,,,,,,,,,
11/22/13 1:00,,,7.68,8.42,10.37,13.09,15.02,15.08,,,,,,,,,,
11/23/13 1:00,,,7.40,8.34,10.30,12.99,14.96,15.05,,,,,,,,,,
11/24/13 1:00,,,7.08,8.12,10.21,12.90,14.91,15.02,,,,,,,,,,
11/25/13 1:00,,,6.94,7.93,10.09,12.81,14.86,14.99,,,,,,,,,,
11/26/13 1:00,,,6.80,7.79,9.96,12.72,14.81,14.96,,,,,,,,,,
11/27/13 1:00,,,6.56,7.62,9.83,12.62,14.76,14.93,,,,,,,,,,
11/28/13 1:00,,,6.31,7.42,9.69,12.53,14.71,14.90,,,,,,,,,,
11/29/13 1:00,,,6.09,7.21,9.55,12.43,14.66,14.87,,,,,,,,,,
11/30/13 1:00,,,5.94,7.03,9.40,12.34,14.61,14.83,,,,,,,,,,
12/1/13 1:00,,,5.91,6.92,9.26,12.24,14.56,14.79,,,,,,,,,,
12/2/13 1:00,,,5.86,6.84,9.13,12.14,14.51,14.75,,,,,,,,,,
12/3/13 1:00,,,5.84,6.78,9.02,12.03,14.46,14.71,,,,,,,,,,
12/4/13 1:00,,,5.80,6.72,8.92,11.94,14.41,14.68,,,,,,,,,,
12/5/13 1:00,,,5.68,6.65,8.83,11.84,14.37,14.64,,,,,,,,,,
12/6/13 1:00,,,5.51,6.52,8.74,11.75,14.31,14.61,,,,,,,,,,
12/7/13 1:00,,,5.34,6.38,8.63,11.65,14.26,14.57,,,,,,,,,,
12/8/13 1:00,,,5.19,6.23,8.52,11.56,14.21,14.53,,,,,,,,,,
12/9/13 1:00,,,5.10,6.13,8.43,11.49,14.17,14.50,,,,,,,,,,
12/10/13 6:05,,,4.93,5.96,8.28,11.37,14.10,14.45,,,,,,,,,,
12/11/13 1:00,,,4.81,5.85,8.17,11.28,14.05,14.42,,,,,,,,,,
12/12/13 1:00,,,4.68,5.73,8.06,11.19,14.00,14.38,,,,,,,,,,
12/13/13 1:00,,,4.55,5.60,7.94,11.09,13.95,14.34,,,,,,,,,,
12/14/13 1:00,,,4.44,5.48,7.83,11.00,13.89,14.30,,,,,,,,,,
12/15/13 1:05,,,4.35,5.37,7.72,10.90,13.84,14.26,,,,,,,,,,
12/16/13 1:05,,,4.27,5.28,7.61,10.81,13.79,14.22,,,,,,,,,,
12/17/13 1:05,,,4.19,5.19,7.51,10.72,13.73,14.18,,,,,,,,,,
12/18/13 1:05,,,4.12,5.11,7.41,10.62,13.68,14.14,,,,,,,,,,
12/19/13 1:00,,,4.06,5.04,7.32,10.53,13.62,14.10,,,,,,,,,,
12/20/13 1:05,,,4.02,4.97,7.23,10.45,13.57,14.06,,,,,,,,,,
12/21/13 1:05,,,3.99,4.91,7.14,10.36,13.51,14.02,,,,,,,,,,
12/22/13 1:05,,,3.96,4.87,7.07,10.27,13.46,13.98,,,,,,,,,,
12/23/13 1:05,,,3.91,4.82,7.00,10.19,13.41,13.94,,,,,,,,,,
12/24/13 1:00,,,3.87,4.77,6.93,10.11,13.36,13.90,,,,,,,,,,
12/25/13 1:05,,,3.82,4.72,6.86,10.03,13.31,13.86,,,,,,,,,,
12/26/13 1:05,,,3.74,4.66,6.79,9.96,13.26,13.82,,,,,,,,,,
12/27/13 1:05,,,3.64,4.57,6.72,9.88,13.20,13.78,,,,,,,,,,
12/28/13 1:00,,,3.54,4.49,6.65,9.80,13.15,13.73,,,,,,,,,,
12/29/13 1:05,,,3.45,4.40,6.57,9.73,13.09,13.70,,,,,,,,,,
12/30/13 1:05,,,3.37,4.32,6.49,9.66,13.04,13.65,,,,,,,,,,
12/31/13 1:00,,,3.30,4.24,6.41,9.58,12.99,13.61,,,,,,,,,,
1/1/14 1:05,,,3.23,4.17,6.33,9.51,12.93,13.57,,,,,,,,,,
1/2/14 1:05,,,3.18,4.10,6.26,9.44,12.88,13.53,,,,,,,,,,
1/3/14 1:05,,,3.13,4.04,6.18,9.36,12.83,13.48,,,,,,,,,,
1/4/14 1:00,,,3.07,3.98,6.12,9.29,12.77,13.44,,,,,,,,,,
1/5/14 1:05,,,3.01,3.92,6.05,9.22,12.73,13.40,,,,,,,,,,
1/6/14 1:05,,,2.95,3.86,5.98,9.15,12.68,13.36,,,,,,,,,,
1/7/14 1:05,,,2.88,3.80,5.91,9.09,12.62,13.32,,,,,,,,,,
1/8/14 1:05,,,2.80,3.73,5.84,9.02,12.58,13.27,,,,,,,,,,
1/9/14 1:05,,,2.74,3.66,5.78,8.95,12.52,13.23,,,,,,,,,,
1/10/14 1:05,,,2.70,3.60,5.71,8.88,12.47,13.19,,,,,,,,,,
1/11/14 1:05,,,2.66,3.55,5.64,8.81,12.41,13.15,,,,,,,,,,
1/12/14 1:05,,,2.64,3.51,5.58,8.75,12.36,13.10,,,,,,,,,,
1/13/14 1:05,,,2.61,3.47,5.52,8.68,12.31,13.06,,,,,,,,,,
1/14/14 1:00,,,2.59,3.45,5.49,8.64,12.28,13.03,,,,,,,,,,
1/15/14 14:10,,,2.54,3.39,5.40,8.54,12.20,12.96,,,,,,,,,,
1/16/14 1:00,,,2.51,3.36,5.37,8.50,12.16,12.93,,,,,,,,,,
1/17/14 1:00,,,2.47,3.32,5.32,8.44,12.11,12.89,,,,,,,,,,
1/18/14 1:00,,,2.42,3.27,5.26,8.38,12.06,12.85,,,,,,,,,,
1/19/14 1:00,,,2.36,3.22,5.21,8.32,12.02,12.81,,,,,,,,,,
1/20/14 1:00,,,2.31,3.17,5.16,8.26,11.96,12.76,,,,,,,,,,
1/21/14 1:00,,,2.24,3.11,5.11,8.20,11.91,12.72,,,,,,,,,,
1/22/14 1:00,,,2.18,3.05,5.05,8.15,11.87,12.68,,,,,,,,,,
1/23/14 1:00,,,2.11,3.00,5.00,8.09,11.82,12.64,,,,,,,,,,
1/24/14 1:00,,,2.04,2.94,4.94,8.04,11.77,12.60,,,,,,,,,,
1/25/14 1:05,,,1.97,2.87,4.88,7.98,11.72,12.56,,,,,,,,,,
1/26/14 1:05,,,1.90,2.80,4.82,7.92,11.67,12.52,,,,,,,,,,
1/27/14 1:05,,,1.83,2.73,4.76,7.87,11.62,12.47,,,,,,,,,,
1/28/14 1:05,,,1.78,2.68,4.70,7.81,11.58,12.43,,,,,,,,,,
1/29/14 1:05,,,1.74,2.63,4.64,7.75,11.53,12.39,,,,,,,,,,
1/30/14 1:05,,,1.70,2.58,4.59,7.70,11.48,12.35,,,,,,,,,,
1/31/14 1:05,,,1.69,2.55,4.53,7.64,11.44,12.31,,,,,,,,,,
2/1/14 1:05,,,1.69,2.52,4.49,7.59,11.39,12.27,,,,,,,,,,
2/2/14 1:05,,,1.69,2.51,4.45,7.53,11.34,12.23,,,,,,,,,,
2/3/14 1:05,,,1.70,2.50,4.41,7.48,11.29,12.19,,,,,,,,,,
2/4/14 1:05,,,1.71,2.49,4.38,7.43,11.25,12.15,,,,,,,,,,
2/5/14 1:05,,,1.72,2.49,4.35,7.38,11.21,12.11,,,,,,,,,,
2/6/14 1:00,,,1.72,2.48,4.32,7.34,11.16,12.07,,,,,,,,,,
2/7/14 1:00,,,1.73,2.48,4.30,7.29,11.11,12.03,,,,,,,,,,
2/8/14 1:00,,,1.74,2.47,4.27,7.25,11.07,11.99,,,,,,,,,,
2/9/14 1:00,,,1.74,2.47,4.25,7.20,11.02,11.95,,,,,,,,,,
2/10/14 1:00,,,1.76,2.47,4.23,7.16,10.97,11.91,,,,,,,,,,
2/11/14 1:00,,,1.77,2.47,4.21,7.12,10.93,11.87,,,,,,,,,,
2/12/14 1:00,,,1.78,2.47,4.19,7.09,10.88,11.83,,,,,,,,,,
2/13/14 1:00,,,1.79,2.47,4.17,7.05,10.84,11.79,,,,,,,,,,
2/14/14 1:00,,,1.80,2.47,4.15,7.01,10.79,11.75,,,,,,,,,,
2/15/14 1:00,,,1.82,2.47,4.14,6.98,10.75,11.70,,,,,,,,,,
2/16/14 1:00,,,1.83,2.47,4.12,6.95,10.70,11.66,,,,,,,,,,
2/17/14 1:00,,,1.83,2.47,4.11,6.92,10.65,11.62,,,,,,,,,,
2/18/14 1:00,,,1.85,2.47,4.09,6.89,10.61,11.58,,,,,,,,,,
2/19/14 1:00,,,1.92,2.50,4.06,6.86,10.57,11.54,,,,,,,,,,
2/20/14 1:00,,,2.09,2.60,4.05,6.83,10.53,11.50,,,,,,,,,,
2/21/14 1:00,,,2.23,2.72,4.07,6.80,10.48,11.46,,,,,,,,,,
2/22/14 1:00,,,2.27,2.79,4.10,6.77,10.44,11.42,,,,,,,,,,
2/23/14 1:00,,,2.26,2.81,4.13,6.76,10.40,11.38,,,,,,,,,,
2/24/14 1:00,,,2.27,2.82,4.14,6.74,10.36,11.34,,,,,,,,,,
2/25/14 1:00,,,2.33,2.84,4.14,6.73,10.32,11.30,,,,,,,,,,
2/26/14 1:00,,,2.61,2.94,4.15,6.71,10.28,11.27,,,,,,,,,,
2/27/14 1:00,,,3.16,3.20,4.18,6.70,10.25,11.23,,,,,,,,,,
2/28/14 1:00,,,3.60,3.53,4.27,6.69,10.20,11.19,,,,,,,,,,
3/1/14 1:05,,,4.02,3.85,4.39,6.68,10.17,11.16,,,,,,,,,,
3/2/14 1:05,,,4.40,4.17,4.55,6.68,10.13,11.12,,,,,,,,,,
3/3/14 1:05,,,4.75,4.47,4.72,6.70,10.10,11.08,,,,,,,,,,
3/4/14 1:00,,,5.04,4.75,4.90,6.72,10.06,11.05,,,,,,,,,,
3/5/14 1:00,,,5.20,4.97,5.07,6.76,10.03,11.02,,,,,,,,,,
3/6/14 1:00,,,5.33,5.13,5.23,6.81,10.00,10.98,,,,,,,,,,
3/7/14 1:00,,,5.50,5.28,5.37,6.85,9.96,10.95,,,,,,,,,,
3/8/14 1:00,,,5.60,5.43,5.50,6.91,9.94,10.92,,,,,,,,,,
3/9/14 1:00,,,5.65,5.52,5.62,6.96,9.91,10.88,,,,,,,,,,
3/10/14 1:00,,,5.79,5.62,5.72,7.01,9.88,10.85,,,,,,,,,,
3/11/14 1:05,,,5.98,5.75,5.82,7.06,9.86,10.83,,,,,,,,,,
3/12/14 1:05,,,6.08,5.90,5.92,7.11,9.84,10.80,,,,,,,,,,
3/13/14 1:05,,,5.98,5.93,6.02,7.16,9.81,10.77,,,,,,,,,,
3/14/14 1:00,,,6.00,5.94,6.09,7.21,9.80,10.74,,,,,,,,,,
3/15/14 1:00,,,6.18,6.02,6.15,7.26,9.78,10.71,,,,,,,,,,
3/16/14 1:00,,,6.30,6.15,6.21,7.31,9.76,10.69,,,,,,,,,,
3/17/14 1:00,,,6.36,6.21,6.29,7.35,9.75,10.66,,,,,,,,,,
3/18/14 1:00,,,6.49,6.31,6.36,7.39,9.73,10.64,,,,,,,,,,
3/19/14 1:00,,,6.48,6.38,6.43,7.43,9.72,10.62,,,,,,,,,,
3/20/14 1:00,,,6.44,6.39,6.49,7.47,9.71,10.60,,,,,,,,,,
3/21/14 1:00,,,6.49,6.41,6.54,7.51,9.69,10.57,,,,,,,,,,
3/22/14 1:00,,,6.77,6.52,6.58,7.55,9.69,10.56,,,,,,,,,,
3/23/14 1:00,,,6.90,6.69,6.65,7.58,9.68,10.54,,,,,,,,,,
3/24/14 1:00,,,6.85,6.74,6.74,7.62,9.67,10.52,,,,,,,,,,
3/25/14 1:00,,,6.95,6.78,6.79,7.66,9.66,10.50,,,,,,,,,,
3/26/14 1:00,,,7.19,6.90,6.85,7.69,9.65,10.48,,,,,,,,,,
3/27/14 1:00,,,7.30,7.05,6.92,7.73,9.65,10.47,,,,,,,,,,
3/28/14 1:00,,,7.32,7.12,7.01,7.76,9.65,10.45,,,,,,,,,,
3/29/14 1:00,,,7.46,7.20,7.08,7.80,9.64,10.44,,,,,,,,,,
3/30/14 1:00,,,7.65,7.32,7.15,7.84,9.64,10.42,,,,,,,,,,
3/31/14 1:00,,,7.67,7.44,7.23,7.88,9.63,10.41,,,,,,,,,,
4/1/14 1:00,,,7.72,7.47,7.31,7.92,9.63,10.40,,,,,,,,,,
4/2/14 1:00,,,7.87,7.58,7.37,7.96,9.62,10.39,,,,,,,,,,
4/3/14 1:00,,,7.86,7.66,7.45,8.00,9.62,10.37,,,,,,,,,,
4/4/14 1:00,,,7.85,7.67,7.51,8.04,9.62,10.36,,,,,,,,,,
4/5/14 1:00,,,7.89,7.70,7.56,8.08,9.62,10.35,,,,,,,,,,
4/6/14 1:00,,,8.11,7.80,7.61,8.12,9.62,10.34,,,,,,,,,,
4/7/14 1:00,,,8.30,7.94,7.67,8.16,9.62,10.33,,,,,,,,,,
4/8/14 1:00,10.53,8.99,8.53,8.09,7.75,8.20,9.62,10.32,,,,,,,,,,
4/9/14 1:00,11.39,9.73,8.91,8.31,7.84,8.24,9.62,10.31,,,,,,,,,,
4/10/14 1:00,12.33,10.26,9.33,8.61,7.96,8.28,9.62,10.31,,,,,,,,,,
4/11/14 1:00,12.57,10.83,9.79,8.94,8.12,8.33,9.62,10.30,,,,,,,,,,
4/12/14 1:00,12.23,11.07,10.21,9.28,8.29,8.38,9.63,10.30,,,,,,,,,,
4/13/14 1:00,10.39,10.91,10.50,9.59,8.49,8.44,9.63,10.29,,,,,,,,,,
4/14/14 1:00,8.07,9.17,10.20,9.72,8.68,8.52,9.63,10.29,,,,,,,,,,
4/15/14 1:05,8.97,9.00,9.72,9.52,8.82,8.60,9.63,10.29,,,,,,,,,,
4/16/14 1:05,10.66,9.60,9.64,9.38,8.87,8.68,9.64,10.29,,,,,,,,,,
4/17/14 1:05,11.09,10.02,9.83,9.42,8.90,8.76,9.65,10.28,,,,,,,,,,
4/18/14 1:05,11.98,10.50,10.04,9.53,8.94,8.82,9.65,10.28,,,,,,,,,,
4/19/14 1:05,13.13,11.33,10.36,9.70,9.00,8.88,9.66,10.28,,,,,,,,,,
4/20/14 1:05,13.64,11.81,10.83,10.00,9.11,8.94,9.68,10.28,,,,,,,,,,
4/21/14 1:05,14.02,12.11,11.18,10.30,9.25,9.00,9.69,10.28,,,,,,,,,,
4/22/14 1:00,14.09,12.63,11.54,10.58,9.41,9.06,9.70,10.28,,,,,,,,,,
4/23/14 1:00,14.63,12.92,11.83,10.86,9.59,9.13,9.71,10.29,,,,,,,,,,
4/24/14 1:00,13.31,12.52,12.02,11.10,9.77,9.21,9.73,10.29,,,,,,,,,,
4/25/14 1:00,13.67,12.58,11.99,11.21,9.94,9.29,9.74,10.29,,,,,,,,,,
4/26/14 1:00,14.30,13.00,12.14,11.32,10.08,9.37,9.76,10.30,,,,,,,,,,
4/27/14 1:00,11.93,12.41,12.31,11.49,10.21,9.46,9.77,10.30,,,,,,,,,,
4/28/14 1:00,10.50,11.47,12.00,11.50,10.34,9.54,9.79,10.31,,,,,,,,,,
4/29/14 1:00,10.25,10.68,11.54,11.32,10.43,9.62,9.82,10.31,,,,,,,,,,
4/30/14 1:00,9.97,10.99,11.28,11.13,10.45,9.68,9.82,10.32,,,,,,,,,,
5/1/14 6:05,11.62,10.52,11.04,10.92,10.42,9.77,9.85,10.33,,,,,,,,,,
5/2/14 1:00,13.26,11.51,11.11,10.83,10.38,9.83,9.87,10.33,,,,,,,,,,
5/3/14 1:00,15.21,12.68,11.54,10.96,10.36,9.87,9.89,10.34,,,,,,,,,,
5/4/14 1:00,16.36,13.73,12.14,11.25,10.39,9.91,9.91,10.34,,,,,,,,,,
5/5/14 1:00,16.25,14.28,12.76,11.67,10.50,9.95,9.93,10.36,,,,,,,,,,
5/6/14 1:00,16.27,14.45,13.13,12.04,10.67,9.99,9.96,10.36,,,,,,,,,,
5/7/14 1:00,15.74,14.61,13.42,12.33,10.86,10.04,9.98,10.37,,,,,,,,,,
5/8/14 1:00,14.13,14.00,13.50,12.55,11.05,10.11,10.01,10.38,,,,,,,,,,
5/9/14 1:00,14.03,13.39,13.30,12.59,11.21,10.18,10.03,10.39,,,,,,,,,,
5/10/14 1:00,14.21,13.62,13.20,12.54,11.32,10.26,10.04,10.41,,,,,,,,,,
5/11/14 1:00,11.96,12.98,13.12,12.54,11.40,10.33,10.06,10.43,,,,,,,,,,
5/12/14 1:00,9.84,11.32,12.56,12.38,11.45,10.41,10.08,10.45,,,,,,,,,,
5/13/14 1:05,10.72,10.82,11.83,11.97,11.44,10.48,10.11,10.46,,,,,,,,,,
5/14/14 1:00,11.71,11.25,11.62,11.65,11.36,10.54,10.13,10.47,,,,,,,,,,
5/15/14 1:05,12.97,11.93,11.74,11.54,11.25,10.58,10.16,10.47,,,,,,,,,,
5/16/14 1:05,13.54,12.48,12.01,11.61,11.18,10.62,10.18,10.48,,,,,,,,,,
5/17/14 1:05,14.92,12.97,12.25,11.74,11.16,10.64,10.20,10.50,,,,,,,,,,
5/18/14 1:05,16.31,13.95,12.64,11.93,11.19,10.66,10.23,10.51,,,,,,,,,,
5/19/14 1:05,17.26,14.71,13.17,12.25,11.26,10.68,10.25,10.53,,,,,,,,,,
5/20/14 1:05,15.77,15.32,13.54,12.50,11.35,10.70,10.27,10.54,,,,,,,,,,
5/21/14 5:05,17.10,15.69,14.16,12.99,11.56,10.74,10.30,10.55,,,,,,,,,,
5/22/14 1:00,17.14,15.55,14.37,13.28,11.74,10.78,10.32,10.57,,,,,,,,,,
5/23/14 1:00,17.08,15.62,14.51,13.48,11.92,10.84,10.34,10.58,,,,,,,,,,
5/24/14 1:00,17.04,15.64,14.63,13.65,12.09,10.90,10.36,10.60,,,,,,,,,,
5/25/14 1:00,16.16,15.62,14.71,13.77,12.24,10.97,10.39,10.61,,,,,,,,,,
5/26/14 1:00,16.01,14.91,14.60,13.84,12.37,11.04,10.41,10.62,,,,,,,,,,
5/27/14 1:00,18.60,15.92,14.64,13.83,12.47,11.11,10.43,10.64,,,,,,,,,,
5/28/14 1:00,19.42,16.93,15.13,14.02,12.54,11.20,10.45,10.65,,,,,,,,,,
5/29/14 1:00,19.81,17.45,15.61,14.35,12.65,11.28,10.47,10.67,,,,,,,,,,
5/30/14 1:00,20.01,17.76,16.01,14.68,12.81,11.35,10.49,10.69,,,,,,,,,,
5/31/14 1:00,20.72,18.10,16.33,14.98,12.99,11.42,10.51,10.70,,,,,,,,,,
6/1/14 1:00,21.81,18.80,16.70,15.27,13.17,11.50,10.54,10.72,,,,,,,,,,
6/2/14 1:00,21.53,19.11,17.12,15.60,13.36,11.60,10.57,10.73,,,,,,,,,,
6/3/14 1:00,22.17,19.46,17.44,15.92,13.57,11.74,10.59,10.75,,,,,,,,,,
6/4/14 1:00,21.85,19.58,17.83,16.29,13.85,11.93,10.63,10.77,,,,,,,,,,
6/5/14 1:00,22.72,19.94,17.95,16.44,14.01,12.02,10.66,10.78,,,,,,,,,,
6/6/14 1:00,23.32,20.51,18.24,16.66,14.19,12.15,10.68,10.79,,,,,,,,,,
6/7/14 1:00,23.21,20.60,18.54,16.94,14.40,12.29,10.71,10.81,,,,,,,,,,
6/8/14 1:00,21.42,20.56,18.77,17.18,14.61,12.44,10.75,10.82,,,,,,,,,,
6/9/14 1:00,19.72,19.06,18.57,17.31,14.82,12.59,10.79,10.84,,,,,,,,,,
6/10/14 1:00,20.80,19.29,18.27,17.20,14.99,12.74,10.82,10.86,,,,,,,,,,
6/11/14 1:00,21.37,19.60,18.30,17.17,15.10,12.89,10.86,10.87,,,,,,,,,,
6/12/14 1:00,21.84,19.66,18.42,17.24,15.20,13.02,10.91,10.89,,,,,,,,,,
6/13/14 1:05,23.07,20.20,18.61,17.35,15.29,13.12,10.95,10.91,,,,,,,,,,
6/14/14 1:05,22.35,20.63,18.95,17.54,15.39,13.22,10.99,10.93,,,,,,,,,,
6/15/14 1:05,21.29,20.00,19.01,17.72,15.51,13.32,11.04,10.95,,,,,,,,,,
6/16/14 1:05,22.90,20.25,18.94,17.76,15.64,13.43,11.09,10.97,,,,,,,,,,
6/17/14 1:00,23.87,20.97,19.15,17.84,15.74,13.54,11.14,10.99,,,,,,,,,,
6/18/14 1:00,23.28,21.24,19.54,18.06,15.83,13.63,11.19,11.02,,,,,,,,,,
6/19/14 1:00,23.49,21.10,19.64,18.26,15.96,13.72,11.24,11.04,,,,,,,,,,
6/20/14 1:00,23.81,21.29,19.70,18.36,16.09,13.81,11.29,11.07,,,,,,,,,,
6/21/14 1:00,24.25,21.77,19.88,18.48,16.21,13.89,11.34,11.09,,,,,,,,,,
6/22/14 1:00,24.67,21.84,20.05,18.64,16.32,13.98,11.38,11.12,,,,,,,,,,
6/23/14 1:00,24.85,22.29,20.29,18.81,16.45,14.07,11.43,11.14,,,,,,,,,,
6/24/14 1:05,25.77,22.52,20.53,19.02,16.58,14.15,11.48,11.17,,,,,,,,,,
6/25/14 1:00,26.12,22.91,20.80,19.22,16.72,14.23,11.53,11.20,,,,,,,,,,
6/26/14 1:00,26.25,23.22,21.03,19.44,16.87,14.30,11.58,11.23,,,,,,,,,,
6/27/14 1:00,26.37,23.46,21.25,19.64,17.02,14.39,11.63,11.25,,,,,,,,,,
6/28/14 1:00,25.48,23.04,21.42,19.85,17.18,14.48,11.68,11.28,,,,,,,,,,
6/29/14 1:05,26.10,23.36,21.54,19.98,17.34,14.56,11.72,11.31,,,,,,,,,,
6/30/14 1:05,27.59,24.01,21.76,20.15,17.48,14.66,11.77,11.34,,,,,,,,,,
7/1/14 1:05,27.77,24.49,22.11,20.38,17.63,14.75,11.81,11.37,,,,,,,,,,
7/2/14 1:05,27.66,24.62,22.38,20.63,17.79,14.85,11.86,11.40,,,,,,,,,,
7/3/14 1:05,28.13,24.89,22.58,20.84,17.95,14.95,11.91,11.43,,,,,,,,,,
7/4/14 1:05,28.67,25.30,22.83,21.04,18.12,15.05,11.95,11.46,,,,,,,,,,
7/5/14 1:05,28.70,25.43,23.09,21.27,18.29,15.15,12.00,11.49,,,,,,,,,,
7/6/14 1:05,28.91,25.58,23.30,21.48,18.46,15.26,12.05,11.52,,,,,,,,,,
7/7/14 1:05,29.71,26.05,23.54,21.69,18.64,15.38,12.10,11.55,,,,,,,,,,
7/8/14 1:05,29.13,26.19,23.82,21.91,18.80,15.48,12.15,11.58,,,,,,,,,,
7/9/14 1:05,28.75,25.98,23.85,22.09,18.98,15.60,12.20,11.61,,,,,,,,,,
7/10/14 1:05,28.18,25.77,23.80,22.15,19.13,15.71,12.25,11.64,,,,,,,,,,
7/11/14 1:05,28.37,25.80,23.71,22.15,19.25,15.82,12.30,11.67,,,,,,,,,,
7/12/14 1:05,27.26,25.50,23.69,22.17,19.35,15.94,12.35,11.71,,,,,,,,,,
7/13/14 1:05,26.87,25.05,23.57,22.16,19.44,16.05,12.41,11.74,,,,,,,,,,
7/14/14 1:05,27.81,25.39,23.64,22.16,19.52,16.16,12.47,11.78,,,,,,,,,,
7/15/14 1:05,27.23,25.95,23.77,22.20,19.56,16.23,12.51,11.80,,,,,,,,,,
7/16/14 1:00,25.51,24.65,23.76,22.32,19.65,16.36,12.58,11.85,,,,,,,,,,
7/17/14 1:00,25.54,24.49,23.48,22.23,19.72,16.45,12.63,11.88,,,,,,,,,,
7/18/14 1:00,23.84,23.79,23.32,22.11,19.74,16.54,12.68,11.92,,,,,,,,,,
7/19/14 1:00,25.08,23.55,23.03,21.99,19.76,16.63,12.74,11.96,,,,,,,,,,
7/20/14 1:00,26.46,24.36,23.02,21.88,19.75,16.70,12.80,11.99,,,,,,,,,,
7/21/14 1:00,26.98,24.65,23.19,21.93,19.74,16.77,12.86,12.03,,,,,,,,,,
7/22/14 1:00,28.03,25.20,23.37,22.02,19.76,16.84,12.92,12.07,,,,,,,,,,
7/23/14 1:00,29.05,25.90,23.68,22.17,19.81,16.90,12.97,12.10,,,,,,,,,,
7/24/14 1:00,28.69,26.34,24.05,22.40,19.89,16.96,13.03,12.14,,,,,,,,,,
7/25/14 1:00,28.03,25.99,24.20,22.61,20.00,17.02,13.08,12.18,,,,,,,,,,
7/26/14 1:00,27.59,25.75,24.21,22.72,20.11,17.09,13.14,12.22,,,,,,,,,,
7/27/14 1:00,26.55,25.28,24.15,22.76,20.22,17.16,13.19,12.25,,,,,,,,,,
7/28/14 1:00,27.30,25.53,24.07,22.74,20.30,17.23,13.24,12.29,,,,,,,,,,
7/29/14 1:00,24.56,24.72,24.03,22.75,20.35,17.31,13.29,12.33,,,,,,,,,,
7/30/14 1:00,23.74,23.68,23.59,22.62,20.39,17.38,13.34,12.37,,,,,,,,,,
7/31/14 1:00,24.50,23.50,23.23,22.38,20.40,17.45,13.39,12.40,,,,,,,,,,
8/1/14 1:00,24.67,23.75,23.14,22.22,20.35,17.51,13.44,12.44,,,,,,,,,,
8/2/14 1:00,25.28,23.59,23.05,22.13,20.30,17.56,13.49,12.48,,,,,,,,,,
8/3/14 1:00,26.76,24.46,23.12,22.08,20.27,17.61,13.54,12.51,,,,,,,,,,
8/4/14 1:00,24.63,24.43,23.36,22.17,20.25,17.65,13.59,12.55,,,,,,,,,,
8/5/14 1:05,23.59,23.13,23.09,22.18,20.26,17.69,13.64,12.59,,,,,,,,,,
8/6/14 1:05,25.36,23.47,22.83,22.00,20.26,17.72,13.69,12.63,,,,,,,,,,
8/7/14 1:05,26.44,24.19,22.97,21.96,20.23,17.76,13.74,12.67,,,,,,,,,,
8/8/14 1:05,26.58,24.43,23.14,22.03,20.21,17.79,13.79,12.70,,,,,,,,,,
8/9/14 1:05,26.28,24.71,23.33,22.13,20.22,17.82,13.84,12.74,,,,,,,,,,
8/10/14 1:05,25.14,24.13,23.34,22.20,20.25,17.85,13.89,12.78,,,,,,,,,,
8/11/14 1:00,26.15,24.29,23.31,22.21,20.29,17.89,13.94,12.82,,,,,,,,,,
8/12/14 1:00,26.35,24.72,23.48,22.27,20.32,17.92,13.99,12.86,,,,,,,,,,
8/13/14 1:00,25.96,24.56,23.57,22.36,20.36,17.96,14.04,12.90,,,,,,,,,,
8/14/14 1:00,24.44,24.06,23.51,22.40,20.41,18.00,14.08,12.94,,,,,,,,,,
8/15/14 1:00,23.90,23.48,23.27,22.33,20.44,18.04,14.12,12.98,,,,,,,,,,
8/16/14 1:00,24.40,23.30,23.04,22.21,20.46,18.08,14.17,13.02,,,,,,,,,,
8/17/14 1:00,25.09,23.66,22.97,22.10,20.44,18.13,14.21,13.06,,,,,,,,,,
8/18/14 1:00,25.86,23.96,23.06,22.10,20.42,18.16,14.26,13.09,,,,,,,,,,
8/19/14 1:00,25.52,24.33,23.24,22.16,20.41,18.20,14.30,13.13,,,,,,,,,,
8/20/14 1:00,24.62,23.79,23.24,22.23,20.43,18.23,14.34,13.17,,,,,,,,,,
8/21/14 1:00,24.23,23.58,23.11,22.19,20.45,18.25,14.39,13.21,,,,,,,,,,
8/22/14 1:00,23.34,23.20,22.97,22.13,20.46,18.29,14.43,13.25,,,,,,,,,,
8/23/14 1:00,20.70,22.22,22.64,22.00,20.45,18.32,14.48,13.29,,,,,,,,,,
8/24/14 1:00,19.82,20.77,21.93,21.69,20.41,18.35,14.52,13.33,,,,,,,,,,
8/25/14 1:00,21.00,20.95,21.49,21.29,20.31,18.37,14.56,13.36,,,,,,,,,,
8/26/14 1:00,20.15,20.93,21.41,21.06,20.17,18.39,14.61,13.40,,,,,,,,,,
8/27/14 1:00,19.40,20.21,21.07,20.87,20.04,18.39,14.65,13.44,,,,,,,,,,
8/28/14 1:00,19.62,19.89,20.66,20.58,19.92,18.39,14.69,13.48,,,,,,,,,,
8/29/14 1:00,19.82,19.91,20.45,20.32,19.77,18.38,14.73,13.52,,,,,,,,,,
8/30/14 1:00,19.83,19.95,20.41,20.17,19.63,18.35,14.77,13.55,,,,,,,,,,
8/31/14 1:00,20.22,20.01,20.41,20.09,19.51,18.32,14.81,13.59,,,,,,,,,,
9/1/14 1:00,20.25,20.01,20.43,20.05,19.41,18.29,14.85,13.63,,,,,,,,,,
9/2/14 1:00,20.74,20.20,20.44,20.02,19.33,18.26,14.89,13.67,,,,,,,,,,
9/3/14 1:00,21.35,20.50,20.53,20.02,19.27,18.22,14.93,13.70,,,,,,,,,,
9/4/14 1:00,20.42,20.59,20.68,20.07,19.23,18.19,14.96,13.74,,,,,,,,,,
9/5/14 1:00,20.32,20.05,20.53,20.08,19.21,18.16,15.00,13.78,,,,,,,,,,
9/6/14 1:00,20.83,20.28,20.46,19.99,19.18,18.14,15.03,13.82,,,,,,,,,,
9/7/14 1:00,20.62,20.26,20.51,19.98,19.15,18.12,15.06,13.85,,,,,,,,,,
9/8/14 1:00,20.84,20.47,20.55,19.98,19.12,18.10,15.09,13.89,,,,,,,,,,
9/9/14 1:00,19.44,20.16,20.57,20.01,19.11,18.09,15.12,13.92,,,,,,,,,,
9/10/14 1:00,18.12,19.00,20.15,19.91,19.09,18.07,15.15,13.96,,,,,,,,,,
9/11/14 1:00,17.79,18.64,19.71,19.61,19.04,18.06,15.17,13.99,,,,,,,,,,
9/12/14 1:00,17.18,18.23,19.45,19.36,18.94,18.05,15.19,14.02,,,,,,,,,,
9/13/14 1:00,17.10,17.91,19.19,19.15,18.83,18.03,15.21,14.05,,,,,,,,,,
9/14/14 1:00,17.48,17.88,18.98,18.94,18.71,18.01,15.23,14.07,,,,,,,,,,
9/15/14 1:00,18.25,18.09,18.92,18.79,18.59,17.98,15.25,14.11,,,,,,,,,,
9/16/14 1:00,18.38,18.34,19.00,18.74,18.48,17.94,15.28,14.13,,,,,,,,,,
9/17/14 1:00,18.54,18.41,19.07,18.75,18.40,17.90,15.30,14.16,,,,,,,,,,
9/18/14 1:00,18.66,18.56,19.13,18.76,18.35,17.86,15.32,14.19,,,,,,,,,,
9/19/14 1:00,18.90,18.66,19.20,18.79,18.31,17.83,15.34,14.22,,,,,,,,,,
9/20/14 1:00,19.15,18.84,19.29,18.83,18.29,17.79,15.36,14.25,,,,,,,,,,
9/21/14 1:00,18.85,18.94,19.40,18.89,18.28,17.76,15.38,14.28,,,,,,,,,,
9/22/14 1:00,18.73,18.73,19.34,18.92,18.28,17.74,15.39,14.30,,,,,,,,,,
9/23/14 1:00,18.58,18.65,19.25,18.89,18.28,17.72,15.40,14.33,,,,,,,,,,
9/24/14 1:00,18.06,18.44,19.17,18.83,18.26,17.70,15.42,14.35,,,,,,,,,,
9/25/14 1:00,17.97,18.30,19.06,18.76,18.24,17.68,15.43,14.37,,,,,,,,,,
9/26/14 1:00,17.63,18.12,18.98,18.69,18.20,17.67,15.44,14.39,,,,,,,,,,
9/27/14 1:00,17.67,17.99,18.87,18.61,18.16,17.65,15.45,14.42,,,,,,,,,,
9/28/14 1:00,17.34,17.95,18.79,18.54,18.12,17.64,15.46,14.44,,,,,,,,,,
9/29/14 1:00,15.67,17.22,18.53,18.43,18.07,17.62,15.47,14.46,,,,,,,,,,
9/30/14 1:00,14.49,16.24,17.98,18.17,18.00,17.60,15.48,14.48,,,,,,,,,,
10/1/14 1:00,13.73,15.57,17.40,17.78,17.89,17.58,15.49,14.50,,,,,,,,,,
10/2/14 1:00,12.90,14.77,16.79,17.36,17.73,17.55,15.50,14.52,,,,,,,,,,
10/3/14 1:00,12.36,14.22,16.24,16.90,17.52,17.51,15.50,14.53,,,,,,,,,,
10/4/14 1:00,12.37,13.95,15.84,16.49,17.29,17.46,15.51,14.55,,,,,,,,,,
10/5/14 1:00,12.49,13.84,15.59,16.17,17.05,17.39,15.52,14.57,,,,,,,,,,
10/6/14 1:00,12.44,13.76,15.43,15.94,16.84,17.32,15.53,14.59,,,,,,,,,,
10/7/14 1:00,12.54,13.67,15.30,15.76,16.64,17.24,15.54,14.60,,,,,,,,,,
10/8/14 1:00,12.81,13.68,15.17,15.61,16.47,17.15,15.54,14.62,,,,,,,,,,
10/9/14 1:00,13.38,13.87,15.09,15.48,16.32,17.06,15.55,14.64,,,,,,,,,,
10/10/14 1:00,13.92,14.03,15.05,15.40,16.18,16.97,15.55,14.65,,,,,,,,,,
10/11/14 1:00,13.18,14.29,15.07,15.36,16.10,16.91,15.55,14.66,,,,,,,,,,
10/13/14 13:05,12.34,13.02,14.69,15.16,15.85,16.69,15.55,14.70,,,,,,,,,,
10/14/14 1:05,11.07,12.68,14.41,14.97,15.77,16.64,15.55,14.71,,,,,,,,,,
10/15/14 1:05,11.04,12.33,14.05,14.68,15.64,16.56,15.54,14.72,,,,,,,,,,
10/16/14 1:05,11.43,12.30,13.80,14.42,15.48,16.48,15.54,14.73,,,,,,,,,,
10/17/14 1:05,11.61,12.36,13.71,14.25,15.32,16.40,15.53,14.74,,,,,,,,,,
10/18/14 1:05,11.59,12.36,13.68,14.14,15.17,16.31,15.52,14.75,,,,,,,,,,
10/19/14 1:05,12.88,12.70,13.68,14.07,15.05,16.23,15.51,14.76,,,,,,,,,,
10/20/14 1:05,12.49,12.95,13.84,14.09,14.94,16.14,15.50,14.77,,,,,,,,,,
10/21/14 1:05,12.36,12.82,13.85,14.11,14.87,16.06,15.49,14.78,,,,,,,,,,
10/22/14 1:05,12.34,12.78,13.80,14.08,14.82,15.98,15.47,14.78,,,,,,,,,,
10/23/14 1:05,11.46,12.49,13.73,14.04,14.76,15.90,15.46,14.79,,,,,,,,,,
10/24/14 1:05,10.94,12.08,13.54,13.94,14.70,15.84,15.44,14.79,,,,,,,,,,
10/25/14 1:05,10.60,11.75,13.32,13.79,14.63,15.77,15.43,14.80,,,,,,,,,,
10/26/14 1:05,11.14,11.74,13.13,13.62,14.53,15.71,15.41,14.80,,,,,,,,,,
10/27/14 1:05,11.12,11.89,13.11,13.51,14.43,15.64,15.39,14.81,,,,,,,,,,
10/28/14 1:05,9.32,11.20,12.99,13.45,14.34,15.58,15.38,14.81,,,,,,,,,,
10/29/14 1:05,8.11,10.31,12.56,13.24,14.25,15.51,15.36,14.81,,,,,,,,,,
10/30/14 1:05,8.08,9.81,12.06,12.91,14.13,15.45,15.34,14.81,,,,,,,,,,
10/31/14 1:05,8.20,9.66,11.73,12.59,13.97,15.38,15.32,14.81,,,,,,,,,,
11/1/14 1:05,9.39,9.87,11.53,12.34,13.80,15.30,15.29,14.81,,,,,,,,,,
11/2/14 1:05,9.96,10.40,11.61,12.22,13.62,15.22,15.27,14.81,,,,,,,,,,
11/3/14 1:05,9.23,10.24,11.67,12.22,13.50,15.14,15.26,14.81,,,,,,,,,,
11/4/14 1:05,7.27,9.45,11.46,12.14,13.40,15.05,15.24,14.81,,,,,,,,,,
11/5/14 1:05,6.55,8.63,10.97,11.89,13.29,14.97,15.21,14.80,,,,,,,,,,
11/6/14 1:05,6.49,8.29,10.53,11.55,13.15,14.89,15.19,14.80,,,,,,,,,,
11/7/14 1:05,6.51,8.06,10.21,11.24,12.97,14.80,15.17,14.80,,,,,,,,,,
11/8/14 1:05,6.31,7.94,9.98,10.99,12.79,14.72,15.14,14.79,,,,,,,,,,
11/9/14 1:00,5.91,7.66,9.78,10.78,12.61,14.62,15.12,14.79,,,,,,,,,,
11/10/14 1:00,5.56,7.42,9.57,10.58,12.44,14.52,15.10,14.78,,,,,,,,,,
11/11/14 1:05,4.32,6.79,9.29,10.37,12.27,14.42,15.07,14.77,,,,,,,,,,
11/12/14 1:05,3.64,6.21,8.87,10.09,12.11,14.32,15.04,14.77,,,,,,,,,,
11/13/14 1:05,2.50,5.42,8.39,9.75,11.92,14.22,15.02,14.76,,,,,,,,,,
11/14/14 1:00,2.57,4.88,7.85,9.35,11.71,14.11,14.99,14.75,,,,,,,,,,
11/15/14 1:00,3.52,4.97,7.46,8.94,11.46,14.00,14.95,14.74,,,,,,,,,,
11/16/14 1:00,3.27,5.04,7.29,8.66,11.20,13.88,14.92,14.73,,,,,,,,,,
11/17/14 1:00,2.53,4.62,7.05,8.43,10.96,13.75,14.89,14.72,,,,,,,,,,
11/18/14 1:00,2.10,4.19,6.71,8.16,10.75,13.62,14.85,14.71,,,,,,,,,,
11/19/14 1:00,2.01,3.90,6.39,7.87,10.54,13.49,14.81,14.70,,,,,,,,,,
11/20/14 1:00,2.02,3.77,6.12,7.59,10.31,13.35,14.77,14.69,,,,,,,,,,
11/21/14 1:00,2.13,3.70,5.92,7.35,10.08,13.21,14.73,14.67,,,,,,,,,,
11/22/14 1:00,2.02,3.67,5.78,7.15,9.87,13.07,14.69,14.66,,,,,,,,,,
11/23/14 1:00,2.51,3.70,5.66,6.99,9.68,12.93,14.64,14.64,,,,,,,,,,
11/24/14 1:00,2.29,3.71,5.59,6.87,9.50,12.79,14.60,14.63,,,,,,,,,,
11/25/14 1:00,2.17,3.56,5.51,6.76,9.35,12.65,14.55,14.61,,,,,,,,,,
11/26/14 1:00,2.29,3.50,5.41,6.65,9.21,12.52,14.50,14.59,,,,,,,,,,
11/27/14 1:00,2.12,3.43,5.33,6.54,9.07,12.39,14.45,14.57,,,,,,,,,,
11/28/14 1:00,2.09,3.34,5.24,6.43,8.93,12.26,14.40,14.55,,,,,,,,,,
11/29/14 1:00,1.99,3.32,5.17,6.33,8.80,12.14,14.35,14.53,,,,,,,,,,
11/30/14 1:00,2.08,3.25,5.11,6.25,8.68,12.02,14.30,14.50,,,,,,,,,,
12/1/14 1:00,3.02,3.56,5.10,6.18,8.57,11.90,14.25,14.47,,,,,,,,,,
12/2/14 1:00,2.45,3.68,5.22,6.19,8.48,11.79,14.20,14.44,,,,,,,,,,
12/3/14 1:00,2.88,3.56,5.20,6.19,8.40,11.68,14.15,14.41,,,,,,,,,,
12/4/14 0:00,4.27,4.11,5.28,6.18,8.34,11.58,14.09,14.37,,,,,,,,,,
12/5/14 0:00,4.90,4.74,5.57,6.28,8.29,11.48,14.04,14.34,,,,,,,,,,
12/6/14 0:00,4.42,4.83,5.83,6.45,8.27,11.39,13.99,14.31,,,,,,,,,,
12/7/14 0:00,4.46,4.88,5.93,6.56,8.27,11.31,13.93,14.27,,,,,,,,,,
12/8/14 0:00,3.43,4.59,5.96,6.62,8.28,11.24,13.88,14.24,,,,,,,,,,
12/9/14 0:00,2.46,4.06,5.79,6.59,8.28,11.17,13.82,14.20,,,,,,,,,,
12/10/14 0:00,1.90,3.50,5.50,6.45,8.26,11.11,13.77,14.16,,,,,,,,,,
12/11/14 0:00,1.61,3.15,5.21,6.26,8.20,11.05,13.72,14.13,,,,,,,,,,
12/12/14 0:00,1.48,2.90,4.94,6.05,8.10,10.99,13.66,14.09,,,,,,,,,,
12/13/14 0:00,1.74,2.81,4.75,5.86,7.99,10.93,13.61,14.05,,,,,,,,,,
12/14/14 0:00,3.03,3.22,4.69,5.72,7.87,10.86,13.55,14.01,,,,,,,,,,
12/15/14 0:00,3.11,3.64,4.85,5.71,7.77,10.79,13.50,13.98,,,,,,,,,,
12/16/14 0:00,2.25,3.41,4.92,5.75,7.69,10.72,13.46,13.94,,,,,,,,,,
12/17/14 0:00,2.32,3.16,4.80,5.72,7.65,10.64,13.40,13.90,,,,,,,,,,
12/18/14 0:00,3.30,3.43,4.74,5.63,7.59,10.57,13.35,13.86,,,,,,,,,,
12/19/14 0:00,3.33,3.74,4.86,5.63,7.52,10.50,13.31,13.82,,,,,,,,,,
12/20/14 0:00,2.71,3.54,4.90,5.66,7.48,10.44,13.26,13.79,,,,,,,,,,
12/21/14 0:00,2.82,3.46,4.82,5.63,7.44,10.37,13.20,13.75,,,,,,,,,,
12/22/14 0:00,3.04,3.43,4.75,5.58,7.40,10.31,13.16,13.71,,,,,,,,,,
12/23/14 0:00,2.31,3.35,4.75,5.54,7.35,10.25,13.11,13.67,,,,,,,,,,
12/24/14 0:00,1.60,2.86,4.59,5.47,7.30,10.19,13.06,13.64,,,,,,,,,,
12/25/14 0:00,1.38,2.53,4.35,5.32,7.23,10.13,13.01,13.60,,,,,,,,,,
12/26/14 0:00,1.39,2.39,4.15,5.15,7.15,10.07,12.96,13.56,,,,,,,,,,
12/27/14 0:00,1.32,2.29,4.01,5.01,7.05,10.01,12.92,13.52,,,,,,,,,,
12/28/14 0:00,1.18,2.16,3.88,4.88,6.95,9.94,12.87,13.48,,,,,,,,,,
12/29/14 0:00,1.18,2.07,3.75,4.75,6.84,9.87,12.82,13.44,,,,,,,,,,
12/30/14 0:00,1.19,2.02,3.64,4.64,6.74,9.80,12.78,13.41,,,,,,,,,,
12/31/14 0:00,1.11,1.95,3.55,4.53,6.64,9.73,12.73,13.37,,,,,,,,,,
1/1/15 0:00,1.00,1.85,3.45,4.43,6.54,9.65,12.68,13.33,,,,,,,,,,
1/2/15 0:00,0.88,1.75,3.34,4.33,6.45,9.58,12.64,13.29,,,,,,,,,,
1/3/15 0:00,0.80,1.64,3.22,4.22,6.35,9.50,12.59,13.25,,,,,,,,,,
1/4/15 0:00,0.75,1.55,3.12,4.11,6.26,9.42,12.54,13.22,,,,,,,,,,
1/5/15 0:00,0.77,1.49,3.02,4.00,6.16,9.34,12.49,13.18,,,,,,,,,,
1/6/15 0:00,0.81,1.46,2.94,3.91,6.07,9.27,12.45,13.14,,,,,,,,,,
1/7/15 0:00,0.79,1.43,2.89,3.84,5.97,9.19,12.40,13.10,,,,,,,,,,
1/8/15 0:00,0.77,1.38,2.83,3.76,5.89,9.11,12.35,13.06,,,,,,,,,,
1/9/15 0:00,0.70,1.32,2.78,3.70,5.80,9.03,12.31,13.03,,,,,,,,,,
1/10/15 0:00,0.61,1.24,2.71,3.63,5.73,8.96,12.26,12.99,,,,,,,,,,
1/11/15 0:00,0.72,1.21,2.66,3.57,5.65,8.88,12.21,12.95,,,,,,,,,,
1/12/15 0:00,0.82,1.25,2.63,3.52,5.58,8.81,12.16,12.91,,,,,,,,,,
1/13/15 0:00,0.90,1.28,2.62,3.48,5.51,8.73,12.11,12.87,,,,,,,,,,
1/14/15 0:00,1.00,1.31,2.62,3.46,5.46,8.66,12.06,12.83,,,,,,,,,,
1/15/15 0:00,1.07,1.35,2.63,3.45,5.41,8.60,12.01,12.79,,,,,,,,,,
1/16/15 0:00,1.00,1.36,2.63,3.43,5.36,8.53,11.97,12.75,,,,,,,,,,
1/17/15 0:00,1.00,1.34,2.63,3.42,5.32,8.47,11.92,12.71,,,,,,,,,,
1/18/15 0:00,0.97,1.33,2.62,3.41,5.28,8.41,11.87,12.68,,,,,,,,,,
1/19/15 0:00,0.92,1.31,2.61,3.40,5.25,8.35,11.82,12.64,,,,,,,,,,
1/20/15 0:00,0.98,1.31,2.60,3.38,5.22,8.29,11.77,12.60,,,,,,,,,,
1/21/15 0:00,1.02,1.35,2.60,3.37,5.19,8.24,11.73,12.56,,,,,,,,,,
1/22/15 0:00,0.78,1.31,2.60,3.37,5.16,8.19,11.68,12.52,,,,,,,,,,
1/23/15 0:00,0.39,1.15,2.55,3.34,5.14,8.15,11.63,12.48,,,,,,,,,,
1/24/15 0:00,0.21,1.00,2.47,3.29,5.11,8.10,11.59,12.44,,,,,,,,,,
1/25/15 0:00,0.26,0.90,2.38,3.23,5.07,8.06,11.54,12.40,,,,,,,,,,
1/26/15 0:00,0.44,0.87,2.32,3.17,5.03,8.02,11.49,12.36,,,,,,,,,,
1/27/15 0:00,0.57,0.87,2.27,3.11,4.98,7.97,11.45,12.32,,,,,,,,,,
1/28/15 0:00,0.72,0.88,2.25,3.07,4.93,7.93,11.40,12.28,,,,,,,,,,
1/29/15 0:00,0.80,0.92,2.24,3.04,4.89,7.88,11.36,12.24,,,,,,,,,,
1/30/15 0:00,0.85,1.00,2.26,3.03,4.85,7.84,11.32,12.20,,,,,,,,,,
1/31/15 0:00,0.92,1.15,2.32,3.05,4.82,7.79,11.27,12.16,,,,,,,,,,
2/1/15 0:00,1.13,1.36,2.42,3.10,4.81,7.75,11.23,12.12,,,,,,,,,,
2/2/15 0:00,1.64,1.55,2.52,3.17,4.81,7.71,11.19,12.09,,,,,,,,,,
2/3/15 0:00,2.54,1.95,2.66,3.25,4.83,7.67,11.14,12.05,,,,,,,,,,
2/4/15 0:00,3.48,2.46,2.87,3.37,4.86,7.64,11.10,12.01,,,,,,,,,,
2/5/15 0:00,3.90,2.84,3.15,3.53,4.90,7.62,11.06,11.97,,,,,,,,,,
2/6/15 0:00,3.87,3.16,3.49,3.75,4.97,7.60,11.01,11.94,,,,,,,,,,
2/7/15 0:00,3.81,3.28,3.77,3.99,5.06,7.59,10.97,11.90,,,,,,,,,,
2/8/15 0:00,4.48,3.46,3.96,4.17,5.16,7.59,10.93,11.86,,,,,,,,,,
2/9/15 0:00,4.49,3.76,4.21,4.35,5.25,7.59,10.89,11.83,,,,,,,,,,
2/10/15 0:00,4.80,3.94,4.41,4.54,5.35,7.60,10.86,11.79,,,,,,,,,,
2/11/15 0:00,4.66,4.05,4.59,4.69,5.45,7.61,10.82,11.75,,,,,,,,,,
2/12/15 0:00,4.31,3.96,4.68,4.82,5.55,7.63,10.78,11.72,,,,,,,,,,
2/13/15 0:00,4.32,3.86,4.67,4.88,5.63,7.65,10.74,11.68,,,,,,,,,,
2/14/15 0:00,4.47,3.92,4.67,4.91,5.69,7.67,10.71,11.65,,,,,,,,,,
2/15/15 0:00,4.91,4.17,4.74,4.95,5.74,7.69,10.68,11.61,,,,,,,,,,
2/16/15 0:00,4.01,4.21,4.83,5.00,5.77,7.70,10.66,11.59,,,,,,,,,,
2/17/15 1:00,3.37,3.56,4.73,5.05,5.83,7.73,10.62,11.55,,,,,,,,,,
2/18/15 1:00,3.12,3.29,4.55,4.98,5.86,7.74,10.59,11.52,,,,,,,,,,
2/19/15 1:00,3.31,3.15,4.38,4.87,5.86,7.76,10.56,11.48,,,,,,,,,,
2/20/15 1:00,3.79,3.34,4.32,4.78,5.84,7.77,10.54,11.46,,,,,,,,,,
2/21/15 1:00,4.21,3.56,4.38,4.76,5.81,7.78,10.51,11.43,,,,,,,,,,
2/22/15 1:00,3.52,3.54,4.46,4.80,5.80,7.78,10.49,11.40,,,,,,,,,,
2/23/15 1:00,2.97,3.25,4.38,4.80,5.80,7.77,10.47,11.37,,,,,,,,,,
2/24/15 0:00,2.94,2.90,4.15,4.69,5.79,7.77,10.44,11.34,,,,,,,,,,
2/25/15 0:00,3.64,3.06,4.04,4.59,5.76,7.76,10.41,11.31,,,,,,,,,,
2/26/15 0:00,3.57,3.25,4.09,4.55,5.71,7.75,10.40,11.28,,,,,,,,,,
2/27/15 0:00,4.33,3.40,4.12,4.55,5.68,7.74,10.37,11.26,,,,,,,,,,
2/28/15 0:00,3.74,3.53,4.22,4.58,5.66,7.72,10.35,11.23,,,,,,,,,,
3/1/15 0:00,4.12,3.42,4.21,4.60,5.65,7.70,10.33,11.21,,,,,,,,,,
3/2/15 0:00,4.62,3.82,4.31,4.62,5.65,7.69,10.31,11.19,,,,,,,,,,
3/3/15 0:00,4.49,3.83,4.44,4.71,5.65,7.67,10.29,11.16,,,,,,,,,,
3/4/15 0:00,4.14,3.81,4.49,4.77,5.67,7.66,10.27,11.14,,,,,,,,,,
3/5/15 0:00,3.32,3.43,4.43,4.79,5.69,7.65,10.25,11.11,,,,,,,,,,
3/6/15 0:00,3.76,3.27,4.28,4.72,5.69,7.64,10.22,11.09,,,,,,,,,,
3/7/15 0:00,4.70,3.64,4.28,4.66,5.68,7.63,10.20,11.06,,,,,,,,,,
3/8/15 0:00,5.58,4.16,4.47,4.70,5.66,7.62,10.18,11.04,,,,,,,,,,
3/9/15 0:00,6.24,4.71,4.77,4.84,5.67,7.61,10.16,11.02,,,,,,,,,,
3/10/15 0:00,6.66,5.09,5.10,5.05,5.70,7.60,10.14,11.00,,,,,,,,,,
3/11/15 0:00,6.82,5.47,5.40,5.27,5.78,7.59,10.12,10.98,,,,,,,,,,
3/12/15 0:00,7.29,5.71,5.66,5.50,5.87,7.59,10.10,10.95,,,,,,,,,,
3/13/15 0:00,8.36,6.17,5.94,5.71,5.97,7.59,10.08,10.93,,,,,,,,,,
3/14/15 0:00,9.10,6.91,6.36,5.98,6.09,7.61,10.06,10.91,,,,,,,,,,
3/15/15 0:00,9.69,7.39,6.79,6.30,6.22,7.63,10.04,10.88,,,,,,,,,,
3/16/15 0:00,10.29,7.93,7.21,6.62,6.38,7.66,10.02,10.86,,,,,,,,,,
3/17/15 0:00,10.65,8.36,7.64,6.96,6.56,7.69,10.00,10.85,,,,,,,,,,
3/18/15 0:00,11.47,9.01,8.07,7.31,6.75,7.74,9.98,10.83,,,,,,,,,,
3/19/15 0:00,11.20,9.15,8.48,7.67,6.95,7.79,9.97,10.81,,,,,,,,,,
3/20/15 0:00,10.54,9.11,8.70,7.96,7.17,7.86,9.95,10.79,,,,,,,,,,
3/21/15 0:00,10.53,9.07,8.79,8.15,7.37,7.93,9.94,10.77,,,,,,,,,,
3/22/15 0:00,10.76,9.19,8.90,8.29,7.54,8.01,9.92,10.75,,,,,,,,,,
3/23/15 0:00,11.18,9.46,9.09,8.44,7.69,8.09,9.91,10.73,,,,,,,,,,
3/24/15 0:00,10.79,9.53,9.29,8.62,7.83,8.17,9.90,10.71,,,,,,,,,,
3/25/15 0:00,11.04,9.54,9.37,8.77,7.97,8.25,9.88,10.70,,,,,,,,,,
3/26/15 0:00,10.21,9.37,9.42,8.87,8.10,8.33,9.88,10.68,,,,,,,,,,
3/27/15 0:00,10.93,9.44,9.39,8.92,8.22,8.42,9.87,10.66,,,,,,,,,,
3/28/15 0:00,11.72,9.86,9.55,8.99,8.31,8.49,9.87,10.65,,,,,,,,,,
3/29/15 0:00,12.81,10.51,9.86,9.15,8.40,8.56,9.86,10.63,,,,,,,,,,
3/30/15 0:00,12.39,10.80,10.27,9.42,8.51,8.63,9.86,10.62,,,,,,,,,,
3/31/15 0:00,12.30,10.80,10.49,9.67,8.66,8.70,9.86,10.61,,,,,,,,,,
4/1/15 0:00,12.49,11.02,10.67,9.85,8.80,8.77,9.86,10.60,,,,,,,,,,
4/2/15 0:00,12.14,10.98,10.81,10.02,8.94,8.85,9.86,10.59,,,,,,,,,,
4/3/15 0:00,11.50,10.71,10.84,10.15,9.08,8.93,9.87,10.58,,,,,,,,,,
4/4/15 0:00,10.75,10.36,10.72,10.17,9.20,9.00,9.88,10.58,,,,,,,,,,
4/5/15 0:00,11.08,10.22,10.55,10.12,9.29,9.08,9.88,10.57,,,,,,,,,,
4/6/15 0:00,11.84,10.52,10.56,10.08,9.34,9.15,9.88,10.56,,,,,,,,,,
4/7/15 0:00,11.98,10.81,10.74,10.15,9.38,9.22,9.89,10.56,,,,,,,,,,
4/8/15 0:00,11.96,10.95,10.90,10.27,9.44,9.29,9.90,10.55,,,,,,,,,,
4/9/15 0:00,11.74,10.77,10.96,10.37,9.52,9.35,9.91,10.55,,,,,,,,,,
4/10/15 0:00,11.77,10.88,10.97,10.42,9.59,9.40,9.93,10.55,,,,,,,,,,
4/11/15 0:00,11.63,10.79,11.00,10.47,9.66,9.46,9.94,10.55,,,,,,,,,,
4/12/15 0:00,12.01,10.95,11.04,10.51,9.72,9.51,9.95,10.54,,,,,,,,,,
4/13/15 0:00,12.20,11.09,11.13,10.57,9.77,9.57,9.96,10.54,,,,,,,,,,
4/14/15 0:00,12.58,11.33,11.26,10.66,9.83,9.62,9.98,10.54,,,,,,,,,,
4/15/15 0:00,13.08,11.75,11.46,10.78,9.90,9.67,9.99,10.55,,,,,,,,,,
4/16/15 0:00,11.53,11.33,11.55,10.92,9.97,9.72,10.00,10.55,,,,,,,,,,
4/17/15 0:00,10.32,10.68,11.30,10.90,10.06,9.77,10.01,10.56,,,,,,,,,,
4/18/15 0:00,8.33,9.71,10.85,10.73,10.10,9.82,10.03,10.56,,,,,,,,,,
4/19/15 0:00,8.14,8.61,10.15,10.40,10.09,9.87,10.04,10.56,,,,,,,,,,
4/20/15 0:00,10.73,9.47,9.88,10.02,10.01,9.91,10.06,10.57,,,,,,,,,,
4/21/15 0:00,11.31,10.18,10.18,9.98,9.90,9.94,10.07,10.57,,,,,,,,,,
4/22/15 0:00,11.65,10.53,10.48,10.11,9.85,9.96,10.09,10.58,,,,,,,,,,
4/23/15 0:00,11.97,10.78,10.75,10.27,9.85,9.97,10.10,10.59,,,,,,,,,,
4/24/15 0:00,12.04,11.10,11.01,10.45,9.89,9.98,10.12,10.59,,,,,,,,,,
4/25/15 0:00,11.11,10.77,11.11,10.60,9.96,10.00,10.13,10.60,,,,,,,,,,
4/26/15 0:00,11.10,10.62,11.00,10.63,10.02,10.01,10.14,10.61,,,,,,,,,,
4/27/15 0:00,11.63,10.58,10.90,10.60,10.07,10.04,10.16,10.62,,,,,,,,,,
4/28/15 0:00,13.07,11.32,11.07,10.61,10.09,10.06,10.18,10.61,,,,,,,,,,
4/29/15 0:00,13.67,11.95,11.51,10.80,10.12,10.09,10.19,10.63,,,,,,,,,,
4/30/15 0:00,14.29,12.48,11.95,11.09,10.19,10.11,10.21,10.63,,,,,,,,,,
5/1/15 0:00,14.57,12.85,12.35,11.39,10.31,10.14,10.22,10.64,,,,,,,,,,
5/2/15 0:00,14.97,13.12,12.66,11.67,10.45,10.17,10.23,10.65,,,,,,,,,,
5/3/15 0:00,15.54,13.58,12.97,11.93,10.60,10.21,10.25,10.65,,,,,,,,,,
5/4/15 0:00,15.11,13.79,13.27,12.20,10.76,10.26,10.26,10.66,,,,,,,,,,
5/5/15 0:00,14.01,13.33,13.29,12.38,10.92,10.32,10.27,10.68,,,,,,,,,,
5/6/15 0:00,13.51,12.97,13.15,12.42,11.06,10.38,10.28,10.69,,,,,,,,,,
5/7/15 0:00,12.88,12.55,12.90,12.36,11.16,10.45,10.29,10.71,,,,,,,,,,
5/8/15 0:00,13.06,12.42,12.71,12.25,11.22,10.52,10.31,10.71,,,,,,,,,,
5/9/15 0:00,12.69,12.40,12.65,12.18,11.24,10.58,10.34,10.70,,,,,,,,,,
5/10/15 0:00,11.89,11.89,12.51,12.12,11.26,10.64,10.35,10.71,,,,,,,,,,
5/11/15 0:00,12.15,11.69,12.29,12.00,11.26,10.68,10.37,10.71,,,,,,,,,,
5/12/15 0:00,12.75,12.00,12.30,11.91,11.24,10.72,10.38,10.72,,,,,,,,,,
5/13/15 0:00,13.77,12.42,12.49,11.95,11.22,10.76,10.40,10.73,,,,,,,,,,
5/14/15 0:00,13.42,12.77,12.83,12.11,11.23,10.79,10.42,10.74,,,,,,,,,,
5/15/15 0:00,12.98,12.57,12.91,12.26,11.28,10.82,10.44,10.75,,,,,,,,,,
5/16/15 0:00,12.16,12.15,12.75,12.28,11.34,10.85,10.45,10.76,,,,,,,,,,
5/17/15 0:00,12.50,11.99,12.53,12.18,11.38,10.88,10.47,10.77,,,,,,,,,,
5/18/15 0:00,12.81,12.15,12.49,12.10,11.38,10.91,10.49,10.78,,,,,,,,,,
5/19/15 0:00,13.04,12.37,12.57,12.10,11.38,10.94,10.51,10.79,,,,,,,,,,
5/20/15 0:00,12.41,12.16,12.59,12.14,11.39,10.97,10.52,10.80,,,,,,,,,,
5/21/15 0:00,12.59,12.13,12.55,12.12,11.40,10.99,10.54,10.81,,,,,,,,,,
5/22/15 0:00,13.15,12.34,12.58,12.13,11.41,11.01,10.56,10.83,,,,,,,,,,
5/23/15 0:00,13.01,12.47,12.67,12.17,11.43,11.04,10.58,10.84,,,,,,,,,,
5/24/15 0:00,12.48,12.32,12.69,12.22,11.45,11.06,10.59,10.85,,,,,,,,,,
5/25/15 0:00,12.48,12.05,12.57,12.20,11.48,11.08,10.61,10.86,,,,,,,,,,
5/26/15 0:00,13.04,12.34,12.57,12.16,11.49,11.10,10.63,10.87,,,,,,,,,,
5/27/15 8:05,13.95,12.71,12.81,12.24,11.50,11.13,10.65,10.89,,,,,,,,,,
5/28/15 0:00,14.35,13.22,13.07,12.37,11.52,11.15,10.67,10.90,,,,,,,,,,
5/29/15 0:00,13.97,13.28,13.35,12.57,11.58,11.17,10.69,10.92,,,,,,,,,,
5/30/15 0:00,14.26,13.38,13.48,12.72,11.66,11.19,10.71,10.93,,,,,,,,,,
5/31/15 0:00,15.00,13.77,13.73,12.88,11.74,11.22,10.73,10.95,,,,,,,,,,
6/1/15 0:00,15.73,14.25,14.08,13.10,11.84,11.25,10.75,10.96,,,,,,,,,,
6/2/15 0:00,15.86,14.64,14.46,13.37,11.95,11.29,10.77,10.98,,,,,,,,,,
6/3/15 0:00,15.57,14.72,14.79,13.65,12.09,11.32,10.78,10.99,,,,,,,,,,
6/4/15 0:00,15.64,14.79,15.03,13.89,12.24,11.37,10.80,11.00,,,,,,,,,,
6/5/15 0:00,15.77,14.99,15.25,14.09,12.38,11.42,10.82,11.01,,,,,,,,,,
6/6/15 0:00,15.36,14.84,15.28,14.24,12.52,11.47,10.83,11.02,,,,,,,,,,
6/7/15 0:00,15.05,14.60,15.07,14.25,12.64,11.54,10.85,11.03,,,,,,,,,,
6/8/15 0:00,15.28,14.57,14.95,14.19,12.71,11.61,10.87,11.04,,,,,,,,,,
6/9/15 0:00,16.33,14.97,15.05,14.20,12.76,11.68,10.89,11.05,,,,,,,,,,
6/10/15 0:00,16.97,15.57,15.36,14.33,12.81,11.75,10.91,11.07,,,,,,,,,,
6/11/15 0:00,16.49,15.66,15.59,14.54,12.89,11.81,10.92,11.08,,,,,,,,,,
6/12/15 0:00,16.42,15.55,15.59,14.65,13.00,11.86,10.94,11.09,,,,,,,,,,
6/13/15 0:00,16.57,15.75,15.66,14.72,13.09,11.92,10.96,11.10,,,,,,,,,,
6/14/15 0:00,16.85,15.82,15.79,14.82,13.18,11.99,10.98,11.11,,,,,,,,,,
6/15/15 0:00,17.84,16.29,15.98,14.94,13.27,12.06,11.00,11.12,,,,,,,,,,
6/16/15 0:00,18.53,16.86,16.31,15.14,13.37,12.13,11.02,11.13,,,,,,,,,,
6/17/15 0:00,19.03,17.21,16.60,15.39,13.49,12.20,11.05,11.14,,,,,,,,,,
6/18/15 0:00,19.51,17.62,16.88,15.62,13.64,12.29,11.07,11.15,,,,,,,,,,
6/19/15 0:00,20.12,18.06,17.19,15.87,13.80,12.39,11.09,11.16,,,,,,,,,,
6/20/15 0:00,20.68,18.50,17.52,16.14,13.98,12.50,11.12,11.17,,,,,,,,,,
6/21/15 0:00,21.02,18.88,17.85,16.41,14.16,12.60,11.14,11.18,,,,,,,,,,
6/22/15 0:00,21.41,19.22,18.15,16.69,14.35,12.71,11.17,11.20,,,,,,,,,,
6/23/15 0:00,21.75,19.58,18.45,16.95,14.54,12.81,11.20,11.21,,,,,,,,,,
6/24/15 0:00,22.25,19.95,18.74,17.21,14.73,12.92,11.23,11.22,,,,,,,,,,
6/25/15 0:00,22.82,20.38,19.05,17.47,14.92,13.03,11.26,11.24,,,,,,,,,,
6/26/15 0:00,23.02,20.70,19.36,17.74,15.11,13.15,11.29,11.25,,,,,,,,,,
6/27/15 0:00,23.54,21.08,19.66,18.00,15.31,13.27,11.33,11.27,,,,,,,,,,
6/28/15 0:00,23.96,21.51,19.99,18.28,15.51,13.38,11.36,11.29,,,,,,,,,,
6/29/15 0:00,24.80,21.96,20.31,18.56,15.71,13.51,11.40,11.30,,,,,,,,,,
6/30/15 0:00,25.08,22.42,20.69,18.86,15.92,13.62,11.44,11.32,,,,,,,,,,
7/1/15 0:00,25.22,22.74,21.03,19.16,16.14,13.74,11.48,11.34,,,,,,,,,,
7/2/15 0:00,25.25,22.84,21.25,19.44,16.36,13.86,11.52,11.36,,,,,,,,,,
7/3/15 0:00,25.23,23.06,21.46,19.66,16.57,13.97,11.56,11.38,,,,,,,,,,
7/4/15 0:00,25.40,23.17,21.54,19.78,16.68,14.02,11.59,11.39,,,,,,,,,,
7/6/15 6:05,21.74,21.31,21.22,19.94,17.12,14.30,11.70,11.44,,,,,,,,,,
7/7/15 0:00,21.66,21.13,20.90,19.79,17.20,14.40,11.73,11.46,,,,,,,,,,
7/8/15 0:00,20.88,20.67,20.62,19.62,17.25,14.50,11.78,11.49,,,,,,,,,,
7/9/15 0:00,20.42,20.20,20.27,19.42,17.25,14.60,11.82,11.51,,,,,,,,,,
7/10/15 0:00,20.45,19.98,20.00,19.21,17.23,14.69,11.86,11.53,,,,,,,,,,
7/11/15 0:00,20.67,20.10,19.92,19.06,17.18,14.76,11.91,11.56,,,,,,,,,,
7/12/15 0:00,20.97,20.01,19.87,18.99,17.14,14.83,11.95,11.58,,,,,,,,,,
7/13/15 0:00,22.44,20.70,19.98,18.96,17.11,14.88,12.00,11.60,,,,,,,,,,
7/14/15 0:00,22.37,21.31,20.20,19.03,17.10,14.92,12.04,11.62,,,,,,,,,,
7/15/15 1:00,21.94,21.08,20.47,19.25,17.14,14.97,12.10,11.66,,,,,,,,,,
7/16/15 1:00,21.84,20.83,20.43,19.32,17.20,15.02,12.15,11.68,,,,,,,,,,
7/17/15 1:00,22.88,21.25,20.49,19.34,17.26,15.06,12.20,11.71,,,,,,,,,,
7/18/15 1:00,23.31,21.86,20.71,19.44,17.30,15.11,12.24,11.74,,,,,,,,,,
7/19/15 1:00,22.07,21.41,20.82,19.59,17.37,15.16,12.29,11.77,,,,,,,,,,
7/20/15 1:00,22.31,21.20,20.68,19.60,17.44,15.21,12.33,11.80,,,,,,,,,,
7/21/15 1:00,22.69,21.58,20.74,19.60,17.50,15.26,12.38,11.83,,,,,,,,,,
7/22/15 1:00,22.53,21.36,20.78,19.66,17.54,15.31,12.42,11.86,,,,,,,,,,
7/23/15 1:00,23.95,21.97,20.89,19.70,17.59,15.36,12.46,11.88,,,,,,,,,,
7/24/15 1:00,23.80,22.46,21.21,19.85,17.64,15.42,12.51,11.91,,,,,,,,,,
7/25/15 1:00,23.53,22.15,21.30,20.01,17.72,15.47,12.55,11.94,,,,,,,,,,
7/26/15 1:00,23.91,22.51,21.40,20.09,17.81,15.52,12.59,11.97,,,,,,,,,,
7/27/15 1:00,24.24,22.60,21.53,20.20,17.89,15.58,12.63,12.00,,,,,,,,,,
7/28/15 1:00,24.75,22.97,21.71,20.32,17.97,15.64,12.68,12.03,,,,,,,,,,
7/29/15 1:00,24.56,23.14,21.92,20.48,18.06,15.70,12.72,12.06,,,,,,,,,,
7/30/15 0:00,24.65,23.16,22.03,20.62,18.16,15.76,12.76,12.09,,,,,,,,,,
7/31/15 0:00,25.14,23.42,22.12,20.73,18.27,15.83,12.80,12.12,,,,,,,,,,
8/1/15 0:00,25.59,23.79,22.31,20.85,18.37,15.90,12.84,12.15,,,,,,,,,,
8/2/15 0:00,25.14,23.91,22.55,21.02,18.47,15.97,12.89,12.19,,,,,,,,,,
8/3/15 0:00,23.25,23.19,22.53,21.16,18.59,16.04,12.93,12.22,,,,,,,,,,
8/4/15 0:00,22.18,22.31,22.19,21.11,18.69,16.12,12.97,12.25,,,,,,,,,,
8/5/15 0:00,22.37,22.08,21.94,20.95,18.75,16.20,13.01,12.28,,,,,,,,,,
8/6/15 0:00,23.07,22.27,21.90,20.85,18.76,16.27,13.06,12.31,,,,,,,,,,
8/7/15 0:00,22.50,22.40,21.98,20.85,18.77,16.34,13.10,12.34,,,,,,,,,,
8/8/15 0:00,22.36,21.83,21.80,20.84,18.78,16.39,13.15,12.38,,,,,,,,,,
8/9/15 0:00,23.57,22.35,21.76,20.75,18.79,16.45,13.19,12.41,,,,,,,,,,
8/10/15 0:00,23.95,22.76,21.97,20.80,18.80,16.50,13.24,12.44,,,,,,,,,,
8/11/15 0:00,24.70,23.29,22.20,20.92,18.82,16.55,13.29,12.48,,,,,,,,,,
8/12/15 0:00,24.24,23.30,22.39,21.08,18.88,16.59,13.34,12.51,,,,,,,,,,
8/13/15 0:00,24.14,23.20,22.46,21.18,18.95,16.64,13.39,12.55,,,,,,,,,,
8/14/15 0:00,24.81,23.49,22.56,21.27,19.03,16.69,13.44,12.58,,,,,,,,,,
8/15/15 0:00,25.14,23.80,22.75,21.38,19.10,16.74,13.48,12.62,,,,,,,,,,
8/16/15 0:00,25.13,24.11,22.96,21.53,19.18,16.79,13.53,12.65,,,,,,,,,,
8/17/15 0:00,23.61,23.48,23.01,21.67,19.28,16.85,13.58,12.69,,,,,,,,,,
8/18/15 0:00,23.28,23.11,22.83,21.67,19.37,16.91,13.63,12.73,,,,,,,,,,
8/19/15 0:00,23.21,22.97,22.68,21.61,19.42,16.97,13.68,12.76,,,,,,,,,,
8/20/15 0:00,22.89,22.78,22.57,21.54,19.46,17.03,13.73,12.80,,,,,,,,,,
8/21/15 0:00,22.94,22.67,22.45,21.47,19.47,17.09,13.78,12.84,,,,,,,,,,
8/22/15 0:00,23.72,22.84,22.41,21.42,19.48,17.14,13.83,12.88,,,,,,,,,,
8/23/15 0:00,23.67,23.08,22.53,21.44,19.49,17.19,13.88,12.92,,,,,,,,,,
8/24/15 0:00,23.53,23.01,22.57,21.49,19.50,17.24,13.93,12.96,,,,,,,,,,
8/25/15 0:00,23.60,23.00,22.54,21.51,19.54,17.28,13.98,13.00,,,,,,,,,,
8/26/15 0:00,24.01,23.31,22.57,21.52,19.57,17.33,14.03,13.03,,,,,,,,,,
8/27/15 0:00,22.83,23.17,22.64,21.56,19.59,17.36,14.07,13.06,,,,,,,,,,
8/28/15 0:00,20.92,21.89,22.29,21.51,19.64,17.41,14.13,13.11,,,,,,,,,,
8/29/15 0:00,20.75,21.45,21.90,21.30,19.64,17.46,14.17,13.15,,,,,,,,,,
8/30/15 0:00,20.78,21.28,21.72,21.11,19.60,17.50,14.21,13.18,,,,,,,,,,
8/31/15 0:00,20.70,21.23,21.65,20.99,19.54,17.53,14.26,13.22,,,,,,,,,,
9/1/15 0:00,20.20,20.93,21.49,20.89,19.49,17.56,14.30,13.26,,,,,,,,,,
9/2/15 0:00,19.98,20.66,21.29,20.75,19.44,17.58,14.35,13.29,,,,,,,,,,
9/3/15 0:00,19.70,20.59,21.17,20.62,19.38,17.60,14.39,13.33,,,,,,,,,,
9/4/15 0:00,18.70,19.99,20.90,20.48,19.31,17.61,14.43,13.37,,,,,,,,,,
9/5/15 0:00,18.57,19.50,20.48,20.23,19.24,17.61,14.47,13.40,,,,,,,,,,
9/6/15 0:00,18.84,19.50,20.23,19.98,19.14,17.61,14.51,13.44,,,,,,,,,,
9/7/15 0:00,18.67,19.51,20.19,19.83,19.02,17.60,14.55,13.47,,,,,,,,,,
9/8/15 0:00,18.27,19.20,20.04,19.73,18.92,17.59,14.59,13.50,,,,,,,,,,
9/9/15 0:00,18.78,19.28,19.89,19.65,18.88,17.58,14.61,13.52,,,,,,,,,,
9/9/15 0:00,17.60,18.88,19.84,19.57,18.83,17.57,14.62,13.54,,,,,,,,,,
9/10/15 0:00,17.25,18.53,19.63,19.40,18.73,17.55,14.66,13.57,,,,,,,,,,
9/11/15 0:00,17.14,18.34,19.46,19.24,18.63,17.52,14.70,13.61,,,,,,,,,,
9/12/15 0:00,17.36,18.33,19.36,19.11,18.53,17.50,14.73,13.64,,,,,,,,,,
9/13/15 0:00,17.49,18.41,19.33,19.02,18.44,17.46,14.77,13.68,,,,,,,,,,
9/14/15 0:00,17.40,18.40,19.29,18.96,18.37,17.43,14.80,13.71,,,,,,,,,,
9/15/15 0:00,17.81,18.42,19.22,18.90,18.30,17.40,14.83,13.74,,,,,,,,,,
9/16/15 0:00,17.76,18.51,19.20,18.85,18.24,17.37,14.86,13.78,,,,,,,,,,
9/17/15 0:00,17.48,18.38,19.11,18.80,18.19,17.34,14.89,13.81,,,,,,,,,,
9/18/15 0:00,16.74,18.08,18.98,18.71,18.13,17.31,14.91,13.84,,,,,,,,,,
9/19/15 0:00,15.54,17.44,18.75,18.58,18.07,17.28,14.94,13.87,,,,,,,,,,
9/20/15 0:00,14.94,16.86,18.41,18.38,18.00,17.25,14.96,13.90,,,,,,,,,,
9/21/15 0:00,14.70,16.51,18.11,18.14,17.90,17.22,14.98,13.93,,,,,,,,,,
9/22/15 0:00,14.99,16.45,17.90,17.93,17.78,17.19,15.00,13.96,,,,,,,,,,
9/23/15 0:00,15.68,16.59,17.77,17.77,17.66,17.15,15.02,13.99,,,,,,,,,,
9/24/15 0:00,15.34,16.65,17.77,17.68,17.55,17.11,15.04,14.01,,,,,,,,,,
9/25/15 0:00,15.38,16.58,17.71,17.61,17.46,17.07,15.06,14.04,,,,,,,,,,
9/26/15 0:00,15.40,16.59,17.67,17.55,17.39,17.02,15.08,14.07,,,,,,,,,,
9/27/15 0:00,15.41,16.57,17.62,17.50,17.32,16.98,15.09,14.09,,,,,,,,,,
9/28/15 0:00,15.61,16.61,17.59,17.45,17.26,16.93,15.11,14.12,,,,,,,,,,
9/29/15 0:00,16.92,17.12,17.66,17.43,17.21,16.89,15.12,14.14,,,,,,,,,,
9/30/15 0:00,17.52,17.63,17.89,17.51,17.17,16.85,15.13,14.16,,,,,,,,,,
10/1/15 0:00,17.61,17.91,18.12,17.65,17.16,16.82,15.14,14.18,,,,,,,,,,
10/2/15 0:00,17.06,17.86,18.26,17.77,17.18,16.79,15.15,14.20,,,,,,,,,,
10/3/15 0:00,15.93,17.40,18.21,17.83,17.21,16.77,15.16,14.23,,,,,,,,,,
10/4/15 0:00,15.42,16.89,17.96,17.76,17.23,16.75,15.17,14.25,,,,,,,,,,
10/5/15 0:00,14.81,16.52,17.71,17.61,17.22,16.73,15.18,14.26,,,,,,,,,,
10/6/15 0:00,14.80,16.18,17.42,17.43,17.17,16.72,15.18,14.28,,,,,,,,,,
10/7/15 0:00,14.38,16.02,17.22,17.25,17.10,16.71,15.19,14.30,,,,,,,,,,
10/8/15 0:00,13.94,15.68,17.01,17.08,17.01,16.69,15.19,14.31,,,,,,,,,,
10/9/15 0:00,13.98,15.53,16.79,16.91,16.92,16.66,15.19,14.33,,,,,,,,,,
10/10/15 0:00,14.04,15.51,16.66,16.75,16.82,16.63,15.20,14.35,,,,,,,,,,
10/11/15 0:00,14.03,15.44,16.58,16.65,16.73,16.60,15.20,14.36,,,,,,,,,,
10/12/15 0:00,13.88,15.45,16.51,16.56,16.65,16.57,15.21,14.37,,,,,,,,,,
10/13/15 0:00,13.03,15.06,16.38,16.48,16.57,16.53,15.21,14.39,,,,,,,,,,
10/14/15 0:00,12.68,14.71,16.15,16.34,16.50,16.49,15.22,14.40,,,,,,,,,,
10/15/15 0:00,12.54,14.48,15.93,16.17,16.41,16.45,15.22,14.41,,,,,,,,,,
10/16/15 0:00,12.56,14.36,15.75,16.01,16.32,16.41,15.22,14.43,,,,,,,,,,
10/17/15 0:00,12.94,14.39,15.64,15.87,16.22,16.37,15.22,14.44,,,,,,,,,,
10/18/15 0:00,14.06,14.77,15.62,15.78,16.13,16.32,15.22,14.45,,,,,,,,,,
10/19/15 0:00,14.24,15.14,15.78,15.78,16.05,16.28,15.23,14.46,,,,,,,,,,
10/20/15 0:00,13.27,14.89,15.82,15.82,15.99,16.23,15.23,14.47,,,,,,,,,,
10/21/15 0:00,13.15,14.60,15.66,15.76,15.95,16.18,15.22,14.48,,,,,,,,,,
10/22/15 0:00,12.05,14.26,15.51,15.65,15.90,16.14,15.22,14.49,,,,,,,,,,
10/23/15 0:00,11.66,13.63,15.17,15.48,15.83,16.10,15.22,14.50,,,,,,,,,,
10/24/15 0:00,10.22,13.06,14.84,15.23,15.73,16.06,15.22,14.51,,,,,,,,,,
10/25/15 0:00,9.45,12.23,14.34,14.93,15.61,16.01,15.21,14.52,,,,,,,,,,
10/26/15 0:00,10.71,12.30,13.95,14.58,15.45,15.96,15.20,14.52,,,,,,,,,,
10/27/15 0:00,9.74,12.24,13.85,14.36,15.27,15.90,15.20,14.53,,,,,,,,,,
10/28/15 0:00,7.85,11.23,13.48,14.14,15.11,15.84,15.19,14.54,,,,,,,,,,
10/29/15 0:00,7.97,10.62,12.92,13.78,14.94,15.76,15.19,14.54,,,,,,,,,,
10/30/15 0:00,8.70,10.75,12.62,13.43,14.74,15.68,15.18,14.55,,,,,,,,,,
10/31/15 0:00,8.10,10.56,12.48,13.20,14.54,15.60,15.17,14.55,,,,,,,,,,
11/1/15 0:00,7.58,10.20,12.23,12.99,14.34,15.51,15.17,14.56,,,,,,,,,,
11/2/15 0:00,7.45,9.93,11.96,12.75,14.17,15.41,15.16,14.57,,,,,,,,,,
11/3/15 0:00,7.60,9.78,11.73,12.53,13.99,15.31,15.15,14.57,,,,,,,,,,
11/4/15 0:00,8.30,10.07,11.64,12.34,13.82,15.22,15.14,14.57,,,,,,,,,,
11/5/15 0:00,7.62,9.92,11.61,12.25,13.66,15.12,15.13,14.58,,,,,,,,,,
11/6/15 0:00,6.73,9.42,11.40,12.11,13.53,15.02,15.11,14.58,,,,,,,,,,
11/7/15 0:00,5.01,8.57,11.01,11.89,13.39,14.92,15.10,14.58,,,,,,,,,,
11/8/15 0:00,3.83,7.56,10.42,11.53,13.23,14.82,15.08,14.59,,,,,,,,,,
11/9/15 0:00,3.58,6.95,9.84,11.09,13.03,14.72,15.06,14.59,,,,,,,,,,
11/10/15 0:00,4.12,6.82,9.43,10.68,12.79,14.62,15.04,14.59,,,,,,,,,,
11/11/15 0:00,4.66,7.05,9.24,10.38,12.55,14.51,15.02,14.58,,,,,,,,,,
11/12/15 0:00,3.35,6.65,9.10,10.18,12.32,14.39,15.00,14.58,,,,,,,,,,
11/13/15 0:00,2.50,5.95,8.70,9.92,12.12,14.27,14.97,14.58,,,,,,,,,,
11/14/15 0:00,2.05,5.43,8.24,9.58,11.91,14.14,14.95,14.58,,,,,,,,,,
11/15/15 0:00,1.78,5.05,7.84,9.22,11.68,14.01,14.92,14.57,,,,,,,,,,
11/16/15 0:00,2.02,4.86,7.50,8.89,11.44,13.88,14.89,14.56,,,,,,,,,,
11/17/15 0:00,2.67,4.97,7.28,8.61,11.20,13.75,14.86,14.56,,,,,,,,,,
11/18/15 0:00,3.21,5.21,7.24,8.42,10.98,13.61,14.82,14.55,,,,,,,,,,
11/19/15 0:00,3.43,5.41,7.29,8.32,10.78,13.48,14.79,14.54,,,,,,,,,,
11/20/15 0:00,3.77,5.58,7.33,8.27,10.62,13.34,14.75,14.53,,,,,,,,,,
11/21/15 0:00,2.59,5.35,7.35,8.24,10.49,13.20,14.71,14.52,,,,,,,,,,
11/22/15 0:00,1.51,4.58,7.07,8.13,10.37,13.08,14.67,14.51,,,,,,,,,,
11/23/15 0:00,1.02,4.04,6.68,7.88,10.24,12.95,14.63,14.50,,,,,,,,,,
11/24/15 0:00,0.80,3.68,6.33,7.60,10.08,12.83,14.58,14.48,,,,,,,,,,
11/25/15 0:00,0.93,3.51,6.05,7.32,9.90,12.71,14.54,14.47,,,,,,,,,,
11/26/15 0:00,1.66,3.69,5.88,7.08,9.71,12.59,14.49,14.45,,,,,,,,,,
11/27/15 0:00,1.53,3.79,5.86,6.95,9.53,12.47,14.44,14.43,,,,,,,,,,
11/28/15 0:00,1.71,3.76,5.81,6.85,9.37,12.34,14.39,14.42,,,,,,,,,,
11/29/15 0:00,1.79,3.81,5.79,6.77,9.23,12.22,14.35,14.40,,,,,,,,,,
11/30/15 0:00,1.71,3.81,5.79,6.70,9.10,12.10,14.30,14.38,,,,,,,,,,
12/1/15 0:00,1.32,3.63,5.74,6.63,8.99,11.98,14.25,14.35,,,,,,,,,,
12/2/15 0:00,0.93,3.36,5.61,6.53,8.88,11.86,14.20,14.33,,,,,,,,,,
12/3/15 0:00,0.77,3.13,5.42,6.38,8.77,11.75,14.15,14.31,,,,,,,,,,
12/4/15 0:00,0.69,2.97,5.25,6.22,8.64,11.64,14.10,14.28,,,,,,,,,,
12/5/15 0:00,0.72,2.87,5.09,6.06,8.50,11.53,14.05,14.25,,,,,,,,,,
12/6/15 0:00,0.71,2.82,4.98,5.92,8.37,11.42,14.00,14.22,,,,,,,,,,
12/7/15 0:00,0.54,2.69,4.86,5.79,8.24,11.31,13.95,14.19,,,,,,,,,,
12/8/15 0:00,0.49,2.57,4.72,5.65,8.10,11.20,13.89,14.15,,,,,,,,,,
12/9/15 0:00,0.48,2.50,4.61,5.52,7.98,11.09,13.84,14.12,,,,,,,,,,
12/10/15 0:00,0.49,2.44,4.52,5.40,7.85,10.98,13.79,14.09,,,,,,,,,,
12/11/15 0:00,0.51,2.41,4.44,5.29,7.72,10.88,13.73,14.05,,,,,,,,,,
12/12/15 0:00,0.60,2.41,4.39,5.20,7.61,10.77,13.68,14.02,,,,,,,,,,
12/13/15 0:00,0.62,2.43,4.35,5.13,7.50,10.66,13.63,13.98,,,,,,,,,,
12/14/15 0:00,0.50,2.37,4.33,5.07,7.40,10.56,13.58,13.95,,,,,,,,,,
12/15/15 0:00,0.49,2.34,4.30,5.01,7.31,10.46,13.53,13.91,,,,,,,,,,
12/16/15 0:00,0.44,2.31,4.28,4.96,7.22,10.36,13.47,13.87,,,,,,,,,,
12/17/15 0:00,0.38,2.27,4.26,4.91,7.14,10.27,13.42,13.83,,,,,,,,,,
12/18/15 0:00,0.30,2.21,4.23,4.86,7.07,10.18,13.36,13.80,,,,,,,,,,
12/19/15 0:00,0.21,2.15,4.19,4.81,6.99,10.09,13.31,13.76,,,,,,,,,,
12/20/15 0:00,0.17,2.08,4.15,4.76,6.92,10.00,13.26,13.72,,,,,,,,,,
12/21/15 0:00,0.23,2.06,4.11,4.70,6.85,9.92,13.20,13.68,,,,,,,,,,
12/22/15 0:00,0.31,2.08,4.08,4.65,6.78,9.83,13.14,13.64,,,,,,,,,,
12/23/15 0:00,0.39,2.11,4.07,4.61,6.71,9.75,13.09,13.60,,,,,,,,,,
12/24/15 0:00,0.37,2.12,4.06,4.57,6.64,9.68,13.04,13.56,,,,,,,,,,
12/25/15 0:00,0.25,2.04,4.01,4.53,6.58,9.60,12.98,13.52,,,,,,,,,,
12/26/15 0:00,0.23,1.99,3.96,4.48,6.53,9.53,12.93,13.48,,,,,,,,,,
12/27/15 0:00,0.09,1.92,3.92,4.43,6.47,9.46,12.88,13.44,,,,,,,,,,
12/28/15 0:00,-0.12,1.79,3.86,4.37,6.41,9.39,12.82,13.39,,,,,,,,,,
12/29/15 0:00,-0.25,1.65,3.79,4.30,6.34,9.32,12.77,13.35,,,,,,,,,,
12/30/15 0:00,-0.25,1.59,3.72,4.23,6.28,9.25,12.71,13.31,,,,,,,,,,
12/31/15 0:00,-0.27,1.55,3.67,4.16,6.21,9.18,12.66,13.27,,,,,,,,,,
1/1/16 0:00,-0.41,1.49,3.62,4.11,6.15,9.11,12.61,13.23,,,,,,,,,,
1/2/16 0:00,-0.60,1.36,3.57,4.05,6.08,9.05,12.56,13.19,,,,,,,,,,
1/3/16 0:00,-0.73,1.24,3.51,3.98,6.01,8.98,12.50,13.15,,,,,,,,,,
1/4/16 0:00,-0.74,1.16,3.44,3.91,5.95,8.91,12.45,13.11,,,,,,,,,,
1/5/16 0:00,-0.66,1.14,3.38,3.83,5.88,8.85,12.40,13.06,,,,,,,,,,
1/6/16 0:00,-0.56,1.16,3.33,3.77,5.81,8.78,12.35,13.02,,,,,,,,,,
1/7/16 0:00,-0.50,1.20,3.30,3.72,5.74,8.71,12.30,12.98,,,,,,,,,,
1/8/16 0:00,-0.42,1.26,3.28,3.67,5.68,8.64,12.25,12.94,,,,,,,,,,
1/9/16 0:00,-0.31,1.32,3.28,3.64,5.62,8.58,12.20,12.90,,,,,,,,,,
1/10/16 0:00,-0.23,1.37,3.27,3.62,5.57,8.52,12.15,12.86,,,,,,,,,,
1/11/16 0:00,-0.21,1.39,3.26,3.61,5.53,8.46,12.11,12.82,,,,,,,,,,
1/12/16 0:00,-0.32,1.34,3.22,3.58,5.48,8.40,12.05,12.78,,,,,,,,,,
1/13/16 0:00,-0.47,1.21,3.14,3.54,5.44,8.34,12.01,12.74,,,,,,,,,,
1/14/16 0:00,-0.59,1.10,3.06,3.48,5.41,8.29,11.97,12.70,,,,,,,,,,
1/15/16 5:05,-0.69,0.95,2.91,3.37,5.33,8.22,11.90,12.65,,,,,,,,,,
1/16/16 0:00,-0.62,0.92,2.83,3.29,5.28,8.17,11.86,12.61,,,,,,,,,,
1/17/16 0:00,-0.57,0.92,2.78,3.22,5.21,8.12,11.81,12.57,,,,,,,,,,
1/18/16 0:00,-0.54,0.94,2.76,3.17,5.15,8.06,11.76,12.54,,,,,,,,,,
1/19/16 0:00,-0.51,0.95,2.75,3.13,5.09,8.01,11.72,12.49,,,,,,,,,,
1/20/16 0:00,-0.47,0.98,2.75,3.11,5.04,7.95,11.67,12.45,,,,,,,,,,
1/21/16 0:00,-0.43,1.01,2.76,3.09,5.00,7.90,11.63,12.41,,,,,,,,,,
1/22/16 0:00,-0.43,1.03,2.76,3.08,4.96,7.85,11.58,12.37,,,,,,,,,,
1/23/16 0:00,-0.49,0.99,2.75,3.06,4.92,7.79,11.53,12.33,,,,,,,,,,
1/24/16 0:00,-0.52,0.94,2.71,3.03,4.89,7.74,11.49,12.30,,,,,,,,,,
1/25/16 0:00,-0.48,0.93,2.68,3.00,4.85,7.69,11.44,12.25,,,,,,,,,,
1/26/16 0:00,-0.47,0.95,2.67,2.97,4.81,7.65,11.40,12.22,,,,,,,,,,
1/27/16 0:00,-0.59,0.88,2.64,2.95,4.77,7.60,11.36,12.18,,,,,,,,,,
1/28/16 0:00,-0.69,0.80,2.59,2.91,4.74,7.56,11.31,12.14,,,,,,,,,,
1/29/16 0:00,-0.70,0.73,2.53,2.85,4.70,7.51,11.26,12.10,,,,,,,,,,
1/30/16 0:00,-0.62,0.73,2.50,2.82,4.67,7.48,11.23,12.07,,,,,,,,,,
2/2/16 6:05,-0.40,0.90,2.55,2.76,4.53,7.32,11.09,11.94,,,,,,,,,,
2/3/16 0:00,-0.36,0.94,2.58,2.76,4.51,7.29,11.05,11.91,,,,,,,,,,
2/4/16 0:00,-0.37,0.95,2.60,2.77,4.49,7.24,11.01,11.87,,,,,,,,,,
2/5/16 0:00,-0.44,0.89,2.56,2.76,4.47,7.20,10.97,11.83,,,,,,,,,,
2/6/16 0:00,-0.52,0.82,2.51,2.73,4.44,7.16,10.92,11.80,,,,,,,,,,
2/7/16 0:00,-0.62,0.74,2.47,2.69,4.42,7.13,10.88,11.76,,,,,,,,,,
2/8/16 0:00,-0.68,0.68,2.42,2.65,4.38,7.09,10.84,11.72,,,,,,,,,,
2/9/16 0:00,-0.71,0.64,2.38,2.61,4.35,7.05,10.80,11.68,,,,,,,,,,
2/10/16 0:00,-0.70,0.62,2.36,2.57,4.31,7.02,10.76,11.65,,,,,,,,,,
2/11/16 0:00,-0.67,0.62,2.34,2.54,4.27,6.98,10.72,11.61,,,,,,,,,,
2/12/16 0:00,-0.62,0.64,2.34,2.51,4.24,6.94,10.68,11.58,,,,,,,,,,
2/13/16 0:00,-0.55,0.67,2.35,2.50,4.21,6.90,10.64,11.54,,,,,,,,,,
2/14/16 0:00,-0.50,0.71,2.37,2.49,4.18,6.87,10.61,11.50,,,,,,,,,,
2/15/16 0:00,-0.46,0.76,2.39,2.49,4.15,6.83,10.56,11.47,,,,,,,,,,
2/16/16 0:00,-0.42,0.80,2.42,2.49,4.13,6.79,10.53,11.43,,,,,,,,,,
2/17/16 0:00,-0.38,0.83,2.45,2.50,4.12,6.76,10.49,11.40,,,,,,,,,,
2/18/16 0:00,-0.35,0.86,2.44,2.45,4.10,6.72,10.45,11.36,,,,,,,,,,
2/19/16 0:00,-0.32,0.89,2.47,2.46,4.08,6.69,10.41,11.32,,,,,,,,,,
2/20/16 0:00,-0.28,0.92,2.51,2.51,4.07,6.66,10.38,11.29,,,,,,,,,,
2/21/16 0:00,-0.24,0.92,2.52,2.52,4.05,6.63,10.34,11.26,,,,,,,,,,
2/22/16 0:00,-0.19,0.94,2.50,2.50,4.04,6.60,10.30,11.22,,,,,,,,,,
2/23/16 0:00,-0.02,1.06,2.53,2.49,4.01,6.57,10.26,11.19,,,,,,,,,,
2/24/16 0:00,0.15,1.25,2.61,2.52,4.00,6.54,10.23,11.15,,,,,,,,,,
2/25/16 0:00,0.18,1.31,2.70,2.57,4.00,6.52,10.19,11.11,,,,,,,,,,
2/26/16 0:00,0.37,1.42,2.78,2.63,4.01,6.49,10.15,11.08,,,,,,,,,,
2/27/16 0:00,0.73,1.62,2.89,2.70,4.03,6.47,10.11,11.04,,,,,,,,,,
2/28/16 0:00,1.20,1.89,3.03,2.79,4.06,6.45,10.07,11.01,,,,,,,,,,
2/29/16 0:00,1.52,2.18,3.26,2.92,4.10,6.44,10.04,10.98,,,,,,,,,,
3/1/16 0:00,2.17,2.54,3.51,3.09,4.16,6.43,10.00,10.94,,,,,,,,,,
3/2/16 0:00,2.79,3.00,3.81,3.30,4.23,6.43,9.97,10.91,,,,,,,,,,
3/3/16 0:00,2.97,3.34,4.17,3.55,4.33,6.43,9.94,10.88,,,,,,,,,,
3/4/16 0:00,3.43,3.67,4.49,3.81,4.44,6.44,9.91,10.84,,,,,,,,,,
3/5/16 0:00,3.82,4.03,4.80,4.07,4.57,6.45,9.88,10.81,,,,,,,,,,
3/6/16 0:00,4.29,4.45,5.11,4.32,4.70,6.47,9.84,10.78,,,,,,,,,,
3/7/16 0:00,4.42,4.68,5.38,4.58,4.85,6.50,9.82,10.75,,,,,,,,,,
3/8/16 0:00,3.80,4.53,5.52,4.78,4.99,6.53,9.79,10.72,,,,,,,,,,
3/9/16 0:00,3.39,4.42,5.55,4.88,5.12,6.57,9.76,10.69,,,,,,,,,,
3/10/16 0:00,3.29,4.19,5.49,4.93,5.22,6.62,9.73,10.66,,,,,,,,,,
3/11/16 0:00,3.93,4.39,5.48,4.93,5.29,6.66,9.71,10.63,,,,,,,,,,
3/12/16 0:00,5.20,5.00,5.70,5.00,5.35,6.70,9.68,10.60,,,,,,,,,,
3/13/16 0:00,5.57,5.55,6.10,5.22,5.41,6.73,9.66,10.58,,,,,,,,,,
3/14/16 0:00,6.09,5.95,6.44,5.48,5.51,6.77,9.64,10.55,,,,,,,,,,
3/15/16 0:00,5.60,6.05,6.75,5.75,5.64,6.80,9.62,10.53,,,,,,,,,,
3/16/16 0:00,5.23,5.91,6.88,5.94,5.78,6.84,9.13,10.50,,,,,,,,,,
3/17/16 0:00,5.07,5.79,6.93,6.06,5.91,6.89,9.29,10.48,,,,,,,,,,
3/18/16 0:00,5.16,5.94,6.96,6.11,6.00,6.93,9.57,10.46,,,,,,,,,,
3/22/16 12:05,6.98,6.58,7.35,6.39,6.33,7.14,8.41,10.36,,,,,,,,,,
3/23/16 0:00,6.28,6.74,7.57,6.54,6.38,7.18,8.03,10.35,,,,,,,,,,
3/24/16 0:00,6.10,6.61,7.65,6.69,6.48,7.22,9.46,10.33,,,,,,,,,,
3/25/16 0:00,6.34,6.81,7.74,6.78,6.57,7.26,9.44,10.31,,,,,,,,,,
3/26/16 0:00,5.39,6.51,7.78,6.87,6.65,7.31,9.47,10.30,,,,,,,,,,
3/27/16 0:00,4.91,6.09,7.61,6.85,6.72,7.35,9.46,10.28,,,,,,,,,,
3/28/16 0:00,5.52,6.13,7.49,6.76,6.76,7.40,9.46,10.26,,,,,,,,,,
3/29/16 0:00,6.53,6.60,7.55,6.74,6.78,7.43,9.18,10.25,,,,,,,,,,
3/30/16 5:05,5.22,6.43,7.77,6.87,6.81,7.48,8.91,10.23,,,,,,,,,,
3/31/16 6:05,5.02,5.99,7.57,6.85,6.85,7.51,9.23,10.22,,,,,,,,,,
4/1/16 0:00,5.28,6.05,7.47,6.77,6.87,7.54,9.43,10.21,,,,,,,,,,
4/2/16 0:00,5.76,6.24,7.48,6.73,6.87,7.57,9.43,10.19,,,,,,,,,,
4/3/16 0:00,6.53,6.61,7.63,6.76,6.87,7.59,9.43,10.18,,,,,,,,,,
4/4/16 0:00,7.63,7.27,7.95,6.89,6.88,7.61,9.43,10.17,,,,,,,,,,
4/5/16 0:00,7.97,7.87,8.40,7.14,6.94,7.63,9.43,10.16,,,,,,,,,,
4/6/16 0:00,7.21,7.68,8.66,7.41,7.03,7.66,9.43,10.15,,,,,,,,,,
4/7/16 0:00,8.15,7.94,8.74,7.54,7.15,7.68,9.42,10.14,,,,,,,,,,
4/8/16 0:00,8.98,8.54,9.06,7.72,7.25,7.71,9.42,10.13,,,,,,,,,,
4/9/16 0:00,9.90,9.20,9.46,7.98,7.37,7.75,9.29,10.12,,,,,,,,,,
4/10/16 0:00,9.69,9.39,9.84,8.29,7.50,7.80,8.43,10.12,,,,,,,,,,
4/11/16 0:05,9.32,9.64,10.03,8.49,7.64,7.83,9.11,10.11,,,,,,,,,,
4/12/16 7:05,10.31,9.80,10.36,8.78,7.85,7.91,9.40,10.10,,,,,,,,,,
4/13/16 0:00,10.74,10.22,10.59,8.97,7.98,7.96,9.41,10.10,,,,,,,,,,
4/14/16 0:00,11.09,10.65,10.93,9.22,8.13,8.03,9.42,10.09,,,,,,,,,,
4/15/16 0:00,9.80,10.53,11.19,9.48,8.30,8.10,8.62,10.08,,,,,,,,,,
4/16/16 0:00,8.44,9.71,11.04,9.59,8.46,8.18,9.06,10.08,,,,,,,,,,
4/17/16 0:00,8.18,9.10,10.67,9.48,8.59,8.25,9.16,10.07,,,,,,,,,,
4/18/16 0:00,8.20,9.03,10.47,9.32,8.65,8.33,9.35,10.07,,,,,,,,,,
4/19/16 0:00,8.25,8.95,10.39,9.22,8.66,8.41,9.39,10.06,,,,,,,,,,
4/20/16 0:00,9.17,9.13,10.39,9.17,8.66,8.47,9.02,10.06,,,,,,,,,,
4/21/16 0:00,10.06,9.75,10.58,9.21,8.67,8.53,9.43,10.05,,,,,,,,,,
4/22/16 0:00,11.07,10.41,10.94,9.37,8.70,8.57,9.45,10.05,,,,,,,,,,
4/23/16 0:00,11.51,11.01,11.37,9.62,8.77,8.62,9.45,10.05,,,,,,,,,,
4/24/16 0:00,10.71,11.10,11.65,9.84,8.84,8.65,9.47,10.05,,,,,,,,,,
4/25/16 4:05,11.26,11.26,11.95,10.14,9.03,8.71,9.15,10.05,,,,,,,,,,
4/26/16 0:00,10.27,10.98,12.06,10.31,9.15,8.76,9.16,10.05,,,,,,,,,,
4/27/16 0:00,10.09,10.58,11.93,10.36,9.28,8.82,9.49,10.05,,,,,,,,,,
4/28/16 0:00,10.32,10.70,11.88,10.33,9.37,8.89,9.20,10.06,,,,,,,,,,
4/29/16 0:00,10.23,10.64,11.85,10.34,9.43,8.95,8.95,10.06,,,,,,,,,,
4/30/16 0:00,9.99,10.57,11.83,10.33,9.48,9.01,9.43,10.06,,,,,,,,,,
5/1/16 0:00,10.01,10.41,11.77,10.31,9.52,9.06,9.54,10.06,,,,,,,,,,
5/2/16 0:00,10.86,10.76,11.82,10.29,9.55,9.11,9.53,10.06,,,,,,,,,,
5/3/16 11:05,12.31,11.33,12.22,10.46,9.59,9.17,9.57,10.07,,,,,,,,,,
5/4/16 0:00,12.95,11.96,12.48,10.62,9.64,9.21,9.59,10.07,,,,,,,,,,
5/5/16 0:00,13.37,12.52,12.92,10.89,9.74,9.25,9.61,10.08,,,,,,,,,,
5/6/16 0:00,13.84,13.08,13.36,11.21,9.87,9.30,9.62,10.08,,,,,,,,,,
5/7/16 0:00,12.93,13.14,13.71,11.53,10.03,9.35,9.39,10.09,,,,,,,,,,
5/8/16 0:00,11.41,12.34,13.64,11.71,10.20,9.42,9.56,10.10,,,,,,,,,,
5/9/16 0:00,11.29,11.90,13.39,11.67,10.34,9.48,9.03,10.11,,,,,,,,,,
5/10/16 0:00,11.69,12.06,13.24,11.59,10.41,9.54,8.85,10.11,,,,,,,,,,