energy,Hillslope1_20-30cm_HEAVY,Hillslope1_70-80cm_LIGHT,Hillslope1_70-80cm_HEAVY,Hillslope3_20-30cm_LIGHT,Hillslope3_20-30cm_HEAVY,Hillslope3_30-50cm_HEAVY,Hillslope3_50-60cm_LIGHT,Hillslope3_70-80cm_LIGHT,Hillslope3_70-80cm_HEAVY,MCB3_15-30cm_LIGHT,MCB3_15-30cm_HEAVY,MCB3_50-88cm_LIGHT,MCB3_50-88cm_HEAVY,MCB3_105-140cm_LIGHT,MCB3_105-140cm_HEAVY
2454,5.48E-03,8.97E-04,-4.94E-04,2.59E-03,-8.69E-03,-4.51E-04,1.13E-03,6.91E-04,4.72E-03,1.12E-03,1.46E-04,-4.78E-03,-1.02E-03,-3.93E-04,-3.89E-05
2456,-5.82E-03,-9.12E-04,2.44E-03,-1.94E-03,-1.08E-03,-1.94E-03,-5.40E-04,-4.02E-04,-4.27E-03,-1.39E-03,-1.37E-03,2.71E-03,-3.19E-04,8.19E-04,3.08E-03
2458,-5.37E-04,-7.20E-04,-1.98E-03,-2.32E-03,1.09E-02,4.96E-03,-1.08E-03,-9.74E-04,-5.45E-03,-7.73E-04,-2.88E-04,1.46E-02,6.93E-04,-1.37E-03,-3.89E-03
2460,-3.39E-03,5.87E-04,-1.39E-03,1.05E-04,1.62E-02,-2.29E-03,-7.31E-04,3.88E-04,4.83E-03,1.21E-03,4.10E-03,-1.83E-02,3.64E-03,1.86E-03,-1.32E-03
2462,4.27E-03,1.48E-04,1.42E-03,1.57E-03,-1.73E-02,-2.77E-04,1.22E-03,2.96E-04,1.72E-04,-1.76E-04,-2.59E-03,5.72E-03,-3.00E-03,-9.12E-04,2.16E-03
2464,1.07E-02,2.16E-03,4.19E-03,4.36E-03,-4.13E-02,6.28E-03,1.42E-03,1.50E-03,2.15E-03,4.97E-03,-1.21E-02,1.35E-02,4.94E-03,2.72E-03,6.83E-03
2466,4.60E-03,6.59E-03,9.40E-03,1.22E-02,-3.27E-02,1.13E-02,4.24E-03,4.80E-03,1.98E-02,9.82E-03,-1.03E-02,1.94E-02,2.76E-02,5.34E-03,1.67E-02
2466.15,2.04E-02,1.63E-02,1.19E-02,1.46E-02,-1.92E-02,2.01E-02,1.13E-02,1.19E-02,3.20E-02,1.88E-02,3.50E-03,2.06E-02,6.12E-02,6.61E-03,3.40E-02
2466.3,2.56E-02,1.70E-02,1.32E-02,1.59E-02,-1.65E-02,2.67E-02,1.19E-02,1.02E-02,2.76E-02,1.69E-02,2.74E-03,4.88E-02,6.41E-02,1.04E-02,3.60E-02
2466.45,2.25E-02,1.84E-02,1.27E-02,1.52E-02,-1.79E-02,2.03E-02,1.20E-02,1.52E-02,4.18E-02,1.89E-02,5.38E-03,3.69E-02,6.26E-02,7.03E-03,4.01E-02
2466.6,2.20E-02,2.05E-02,1.50E-02,1.88E-02,-1.56E-02,2.89E-02,1.13E-02,1.25E-02,3.82E-02,2.06E-02,1.46E-02,3.47E-02,6.18E-02,1.15E-02,4.54E-02
2466.75,2.72E-02,2.04E-02,1.56E-02,2.02E-02,-1.64E-02,3.04E-02,1.32E-02,1.26E-02,4.75E-02,2.20E-02,1.18E-02,4.52E-02,6.78E-02,1.27E-02,4.54E-02
2466.9,2.88E-02,2.30E-02,1.18E-02,1.82E-02,-1.65E-02,2.44E-02,1.22E-02,1.42E-02,4.59E-02,2.22E-02,1.27E-02,4.38E-02,6.84E-02,1.34E-02,4.77E-02
2467.05,2.91E-02,2.49E-02,2.18E-02,1.77E-02,-1.89E-02,2.26E-02,1.40E-02,1.72E-02,4.95E-02,1.84E-02,1.57E-02,5.10E-02,6.34E-02,1.58E-02,5.38E-02
2467.2,3.54E-02,2.63E-02,1.43E-02,2.09E-02,-2.25E-02,3.24E-02,1.53E-02,1.38E-02,5.56E-02,2.06E-02,1.66E-02,2.25E-02,6.64E-02,1.07E-02,5.31E-02
2467.35,3.48E-02,2.98E-02,1.62E-02,2.20E-02,-2.27E-02,3.00E-02,1.59E-02,1.43E-02,5.23E-02,2.16E-02,1.83E-02,3.26E-02,6.61E-02,1.52E-02,5.62E-02
2467.5,3.23E-02,3.24E-02,1.74E-02,1.87E-02,-1.96E-02,2.44E-02,1.75E-02,1.60E-02,4.45E-02,2.32E-02,2.06E-02,4.82E-02,6.41E-02,1.53E-02,6.16E-02
2467.65,3.69E-02,3.55E-02,1.98E-02,2.14E-02,-1.56E-02,2.92E-02,1.67E-02,1.61E-02,5.71E-02,2.60E-02,2.62E-02,6.23E-02,6.30E-02,1.82E-02,6.73E-02
2467.8,3.44E-02,4.23E-02,2.07E-02,2.29E-02,-1.68E-02,2.50E-02,2.01E-02,2.43E-02,5.53E-02,2.36E-02,2.65E-02,6.06E-02,5.33E-02,1.79E-02,7.39E-02
2467.95,3.58E-02,4.76E-02,2.31E-02,2.37E-02,-1.63E-02,3.19E-02,2.01E-02,2.06E-02,5.52E-02,2.67E-02,2.55E-02,6.34E-02,6.25E-02,1.34E-02,7.86E-02
2468.1,4.01E-02,5.47E-02,2.27E-02,2.92E-02,-9.79E-03,3.94E-02,2.25E-02,2.10E-02,6.71E-02,2.44E-02,2.65E-02,4.39E-02,5.80E-02,1.54E-02,8.87E-02
2468.25,4.59E-02,6.33E-02,2.32E-02,2.57E-02,-1.20E-02,3.64E-02,2.49E-02,2.22E-02,6.58E-02,2.52E-02,2.84E-02,5.20E-02,5.63E-02,2.20E-02,0.10743581
2468.4,4.30E-02,7.78E-02,2.49E-02,3.15E-02,-7.77E-03,4.03E-02,2.58E-02,2.26E-02,6.17E-02,2.89E-02,3.11E-02,6.98E-02,6.50E-02,2.21E-02,0.11894609
2468.55,4.23E-02,9.67E-02,2.77E-02,3.28E-02,-2.13E-04,4.33E-02,2.75E-02,2.73E-02,7.44E-02,3.14E-02,3.23E-02,6.34E-02,6.57E-02,2.48E-02,0.14079094
2468.7,4.32E-02,0.11854157,3.00E-02,3.56E-02,7.16E-03,4.70E-02,2.92E-02,2.69E-02,7.41E-02,3.10E-02,3.95E-02,6.44E-02,6.33E-02,2.77E-02,0.1641799
2468.85,4.75E-02,0.13826613,3.10E-02,3.61E-02,6.27E-03,4.57E-02,3.34E-02,3.15E-02,8.24E-02,3.16E-02,3.66E-02,8.77E-02,6.81E-02,2.59E-02,0.18693094
2469,5.42E-02,0.15592376,3.21E-02,3.88E-02,1.25E-02,5.03E-02,3.77E-02,3.59E-02,8.41E-02,3.92E-02,4.22E-02,9.55E-02,7.60E-02,3.05E-02,0.22065273
2469.15,5.41E-02,0.1690837,3.83E-02,4.16E-02,1.54E-02,5.99E-02,4.37E-02,3.81E-02,8.58E-02,4.35E-02,4.68E-02,9.29E-02,8.39E-02,3.10E-02,0.24309176
2469.3,5.35E-02,0.17877618,4.83E-02,4.39E-02,3.09E-02,5.89E-02,4.71E-02,3.72E-02,0.10214616,4.26E-02,4.91E-02,0.10294587,9.57E-02,4.01E-02,0.25730865
2469.45,6.84E-02,0.18736051,4.69E-02,4.76E-02,3.15E-02,5.93E-02,5.15E-02,4.43E-02,0.11140732,4.79E-02,6.82E-02,0.10275821,9.78E-02,4.35E-02,0.27974337
2469.6,6.77E-02,0.19754355,4.82E-02,5.31E-02,4.68E-02,6.15E-02,5.34E-02,4.68E-02,0.11921793,5.37E-02,6.63E-02,0.13345065,0.10266293,4.44E-02,0.30958601
2469.75,8.04E-02,0.21187859,6.17E-02,5.96E-02,5.35E-02,8.81E-02,6.53E-02,5.64E-02,0.1248127,6.06E-02,7.05E-02,0.14131815,0.11403748,5.05E-02,0.34763947
2469.9,9.03E-02,0.22969704,6.43E-02,6.30E-02,6.26E-02,8.48E-02,7.06E-02,6.29E-02,0.14526624,5.97E-02,9.08E-02,0.15333592,0.12641633,5.26E-02,0.39939956
2470.05,0.10110311,0.25202814,7.96E-02,7.72E-02,7.74E-02,9.91E-02,8.24E-02,6.70E-02,0.15285847,7.35E-02,0.11290688,0.16918956,0.15029017,5.69E-02,0.45121063
2470.2,0.12630514,0.27725992,8.96E-02,7.97E-02,0.104583,0.11438586,9.61E-02,7.89E-02,0.1782064,8.11E-02,0.13841471,0.18993489,0.16066136,7.43E-02,0.52851593
2470.35,0.15155711,0.31871997,0.11044071,9.60E-02,0.14687929,0.14133188,0.11819695,9.66E-02,0.20659244,9.04E-02,0.16428727,0.24384719,0.17998312,8.80E-02,0.63416091
2470.5,0.18987139,0.3717995,0.12620361,0.10406358,0.18770809,0.16300539,0.14757526,0.11932934,0.25670825,0.11281616,0.20689528,0.30403959,0.21396415,9.42E-02,0.75025145
2470.65,0.24166244,0.43583667,0.15582891,0.12875785,0.24551014,0.20789609,0.18277025,0.14821738,0.32451501,0.13314978,0.25733534,0.36581572,0.26262295,0.1160998,0.87999418
2470.8,0.30312885,0.51363734,0.19817525,0.14939664,0.3240523,0.26100571,0.23836046,0.18914186,0.39742448,0.16118155,0.33127689,0.44224056,0.30855196,0.14735389,1.0370546
2470.95,0.36658432,0.60240887,0.24772097,0.19896359,0.39924583,0.33077161,0.31698256,0.25496447,0.49699184,0.20192934,0.42061202,0.512855,0.38149513,0.18270343,1.1575932
2471.1,0.4515256,0.700448,0.31411541,0.24984478,0.50092015,0.38823369,0.41405772,0.31858913,0.5980742,0.24775784,0.52519134,0.63007329,0.47953994,0.2326196,1.2706251
2471.25,0.53534707,0.81591999,0.38972333,0.30498616,0.602232,0.45470718,0.53164597,0.42318641,0.71615994,0.31226217,0.61383445,0.76842115,0.61766154,0.29199379,1.3764876
2471.4,0.62416776,0.92709124,0.48592849,0.38781821,0.67299877,0.51963023,0.66102772,0.51814271,0.81142602,0.38772288,0.73705663,0.83711581,0.68592993,0.36543379,1.4494214
2471.55,0.72747639,1.0498015,0.57418108,0.4412863,0.80400525,0.63280212,0.78054641,0.63005658,0.91943718,0.47638648,0.87627025,0.93489779,0.77685216,0.44537142,1.5116612
2471.7,0.8550603,1.113941,0.66480281,0.51326107,0.84043579,0.68470124,0.8857199,0.71906375,1.0105099,0.5550086,0.92147504,1.0176974,0.8802002,0.52421169,1.526876
2471.85,0.86860445,1.1797664,0.74683067,0.59033579,0.89605227,0.70249074,0.96123508,0.79060757,1.0989652,0.61930638,1.0012747,1.1345435,0.97180621,0.58375934,1.5317893
2472,0.90886428,1.2114593,0.81339127,0.66039332,0.9379993,0.73146237,1.0130263,0.83241358,1.1512246,0.68632627,1.046279,1.1774276,1.0702411,0.6596256,1.528294
2472.15,0.9474354,1.2351765,0.88071854,0.71401791,0.974551,0.74930841,1.0545162,0.86144716,1.2022324,0.72160181,1.067905,1.217393,1.1557403,0.70062939,1.5052516
2472.3,0.93229713,1.2350049,0.91427576,0.77526229,1.0089745,0.77858123,1.0725579,0.87494526,1.2324046,0.74580102,1.0773933,1.2752281,1.1920908,0.73042505,1.4618669
2472.45,0.93865909,1.2137967,0.9620811,0.83126087,1.0173322,0.78064596,1.092837,0.87921294,1.2542625,0.78031628,1.0830996,1.284366,1.2559215,0.77526068,1.4293775
2472.6,0.94981948,1.1902921,0.99289152,0.92760959,1.0312134,0.81592853,1.1339375,0.88522275,1.2774219,0.81655774,1.0763225,1.2616056,1.2795947,0.8326801,1.3790739
2472.75,0.99824486,1.16406,1.0751165,1.0304489,1.0547553,0.7966571,1.1924172,0.89414076,1.3139506,0.87166113,1.0787999,1.3235112,1.3206092,0.87910908,1.345424
2472.9,1.0115934,1.149684,1.1374046,1.1407675,1.0811682,0.85576075,1.2785236,0.94631676,1.3231264,0.92348407,1.1101453,1.361875,1.3428615,0.94003178,1.3111782
2473.05,1.0189284,1.1283029,1.2262564,1.2587949,1.104818,0.89316622,1.3819512,0.98338189,1.3583975,0.98617486,1.1298531,1.377569,1.3693472,1.0252397,1.2838125
2473.2,1.0371731,1.1172224,1.304957,1.3351355,1.1338764,0.89929395,1.4485399,1.0191435,1.3521851,1.0348434,1.1477632,1.392907,1.4018276,1.0847717,1.2431123
2473.35,1.038886,1.0834711,1.3434435,1.3699619,1.1508845,0.90242497,1.4786151,1.0310026,1.3806035,1.0736241,1.1505398,1.3989507,1.4210162,1.1269667,1.2021362
2473.5,1.0605597,1.0334473,1.3399142,1.337082,1.1310762,0.89716026,1.4690833,1.0211335,1.3761058,1.090832,1.1361306,1.407919,1.3979401,1.106776,1.1411311
2473.65,1.0179952,0.97977837,1.2994148,1.2460015,1.1152401,0.88532934,1.3983162,0.98309228,1.3312021,1.026823,1.1110636,1.3724709,1.3721753,1.0709348,1.0749899
2473.8,1.0104665,0.89623926,1.227417,1.144657,1.0671096,0.83685679,1.2942857,0.91807789,1.3053606,0.96307571,1.0675512,1.3365288,1.3396708,0.99133997,0.99884777
2473.95,0.98572621,0.82596064,1.1370031,1.0259491,1.0089456,0.78431613,1.1267115,0.84230169,1.2864773,0.87773562,1.0116316,1.3070764,1.3116642,0.90987741,0.93302672
2474.1,0.93548017,0.77837326,1.0494242,0.92125857,0.9753348,0.73460444,1.0579083,0.7802361,1.2592757,0.79161632,0.95318287,1.2587179,1.2857592,0.81823141,0.87490092
2474.25,0.9344643,0.73431988,0.95739077,0.84902147,0.93832042,0.69723147,0.96690235,0.72096789,1.2269448,0.74169008,0.93770999,1.2400451,1.2692891,0.74648677,0.83539722
2474.4,0.91294186,0.70019851,0.92546194,0.8207597,0.92525633,0.68598168,0.90891302,0.69193078,1.1999918,0.70635441,0.90116673,1.1996463,1.2505655,0.70733343,0.79756057
2474.55,0.89668122,0.67986344,0.91017123,0.79883279,0.90245731,0.6875834,0.87664075,0.6668353,1.2086146,0.68087257,0.88482329,1.1700396,1.2419466,0.69070344,0.78027661
2474.7,0.90668833,0.67456995,0.90728912,0.82686218,0.90639587,0.68349075,0.86563719,0.69296379,1.1947574,0.69728469,0.88830717,1.128923,1.2528182,0.70242976,0.77187865
2474.85,0.9210614,0.68150154,0.89658995,0.85996491,0.91348563,0.68650624,0.87427656,0.69796672,1.2185467,0.7200782,0.89526226,1.1253429,1.2391013,0.73020825,0.75951825
2475,0.93393624,0.69119061,0.93007223,0.89901388,0.90461994,0.70246602,0.90337723,0.74683487,1.2104089,0.75622464,0.90459041,1.1231054,1.2509469,0.77680661,0.75598308
2475.15,0.94964277,0.70183038,0.98153893,0.93986466,0.90910955,0.72241415,0.92135342,0.78934647,1.2329823,0.8094294,0.92987957,1.169859,1.2617119,0.80677446,0.75031466
2475.3,0.94394174,0.71472426,0.99169017,0.97524901,0.91326308,0.72333349,0.93269983,0.81447276,1.2255454,0.83946478,0.90731582,1.1464795,1.2460365,0.83989281,0.74732485
2475.45,0.94266844,0.72681966,1.0017513,0.98093944,0.90680039,0.75338713,0.93960847,0.83852038,1.199211,0.84961937,0.92089109,1.14544,1.2522195,0.85400348,0.74412478
2475.6,0.9450506,0.72684571,1.005929,0.97489816,0.90174424,0.72877148,0.92472005,0.83877775,1.2098546,0.84975268,0.89977133,1.089243,1.233465,0.84573664,0.75472516
2475.75,0.91585172,0.72355013,0.97772654,0.95019191,0.88737185,0.70656161,0.91589473,0.81645623,1.1867534,0.83487708,0.89177215,1.1204856,1.2260678,0.84360774,0.74949985
2475.9,0.91126277,0.72232524,0.92710135,0.93025569,0.87048876,0.69162977,0.88365377,0.80767674,1.152611,0.81393587,0.86530984,1.0621373,1.1957059,0.79618027,0.76155309
2476.05,0.90020728,0.72972009,0.91301309,0.87381948,0.8525058,0.68060462,0.84926954,0.76943262,1.1209209,0.77554785,0.85190478,1.03898,1.21039,0.7793886,0.78252043
2476.2,0.85918225,0.73365773,0.87133545,0.82778935,0.82455754,0.66972509,0.82035691,0.74117447,1.1094814,0.73988219,0.81946981,1.0383285,1.1507824,0.74211759,0.7942407
2476.35,0.82313068,0.74463352,0.84941354,0.81099277,0.79520929,0.66119168,0.79914096,0.71435873,1.0901092,0.70567374,0.80063144,1.0062394,1.152068,0.71051147,0.82524753
2476.5,0.82449343,0.76010567,0.84136517,0.7830713,0.78773314,0.64706239,0.79270503,0.69964104,1.0706336,0.68413003,0.76990237,0.99300536,1.1515018,0.70221027,0.85645351
2476.65,0.80708467,0.78111115,0.81351717,0.77880845,0.75859939,0.63396638,0.78104969,0.68610662,1.0648295,0.67279005,0.76407388,0.9504785,1.1178546,0.68111198,0.89399202
2476.8,0.795607,0.80390283,0.81195425,0.77946962,0.76325852,0.65497229,0.78271836,0.67792345,1.0241593,0.67256589,0.77031191,0.96079399,1.1000563,0.6742303,0.92847701
2476.95,0.77429565,0.82439695,0.79869593,0.7669755,0.75740705,0.6473976,0.77835322,0.68826357,1.0406389,0.67184151,0.75779598,0.9623356,1.1182737,0.68271583,0.94431994
2477.1,0.7746081,0.84347248,0.79933481,0.76497606,0.74394058,0.63388908,0.77839141,0.68655247,1.0143224,0.66572225,0.75033858,0.96248149,1.0844533,0.6750364,0.9664815
2477.25,0.76164766,0.86487876,0.79223665,0.7663818,0.75540427,0.64237732,0.78361851,0.69705494,1.0113475,0.67866961,0.74270384,0.95712684,1.0726688,0.68779863,0.96852568
2477.4,0.76834942,0.88457585,0.79757574,0.76430944,0.74367168,0.65747136,0.79661389,0.70297889,1.016002,0.68268612,0.74844024,0.93939452,1.0609095,0.68682609,0.97215351
2477.55,0.78844764,0.89664011,0.80201432,0.77983557,0.7506145,0.66107395,0.80156739,0.7170499,0.9836015,0.68045157,0.74821273,0.94192733,1.0645535,0.70236985,0.97911271
2477.7,0.77145076,0.89778252,0.82182345,0.78859083,0.74367051,0.68782525,0.82023236,0.73638786,0.97132357,0.71113906,0.76345533,0.94704318,1.0434062,0.71398169,0.99230397
2477.85,0.75933467,0.90947007,0.81910591,0.79548297,0.74960282,0.67049696,0.82890302,0.76017478,0.98933299,0.71617532,0.75497305,0.93258827,1.0488252,0.72747663,0.991933
2478,0.7914135,0.91683077,0.82814347,0.81695435,0.76721997,0.68394088,0.85960341,0.77999666,1.0080789,0.75073067,0.77019538,0.95389018,1.0066772,0.75024227,0.99568652
2478.15,0.78027564,0.93543368,0.87318012,0.83879991,0.77710402,0.7277154,0.89398472,0.82944708,0.99280687,0.7775198,0.80757777,1.0010344,1.0215395,0.77621886,1.003305
2478.3,0.81219486,0.95520791,0.89837548,0.87848326,0.7969076,0.74025711,0.92751377,0.86506044,1.0145018,0.80388535,0.8286109,0.99891515,1.0279256,0.81470089,1.0306294
2478.45,0.83956279,0.98086895,0.92444109,0.91266971,0.82449559,0.77150852,0.97637294,0.91113277,1.0243085,0.86158546,0.86600829,1.0180323,1.0467399,0.85253776,1.0361829
2478.6,0.88032718,1.0132038,0.96025433,0.95757177,0.87144604,0.81295762,1.0309094,0.97046302,1.0172102,0.91858324,0.90912879,1.032452,1.0309703,0.9174422,1.0453299
2478.75,0.91286423,1.0526867,1.0120096,1.0071406,0.90141467,0.87291094,1.0931894,1.0255363,1.0489855,0.96943238,0.94530552,1.0852906,1.0381614,0.97029871,1.0599502
2478.9,0.96825041,1.0963181,1.0718832,1.0628518,0.94626753,0.91284832,1.1472158,1.1095872,1.0755697,1.0446316,1.0155794,1.1626127,1.0568865,1.037872,1.0722788
2479.05,1.0131748,1.1445581,1.1389277,1.1266527,1.0263566,0.99299649,1.2277056,1.2060077,1.1078265,1.1347789,1.1023809,1.2159771,1.1136976,1.112557,1.099175
2479.2,1.1061246,1.2057809,1.2216602,1.2146593,1.1206846,1.1096495,1.3217989,1.3138207,1.1450802,1.2423774,1.1933507,1.2503771,1.1440672,1.2240966,1.1083972
2479.35,1.1959132,1.2894123,1.3363775,1.3196765,1.222461,1.2415746,1.4270353,1.4412186,1.2011898,1.3886055,1.3018915,1.3534315,1.1875759,1.3457427,1.1239125
2479.5,1.3201712,1.3748655,1.4383801,1.4328753,1.3450736,1.4025458,1.5613433,1.6064342,1.2761144,1.5432264,1.5049846,1.5366175,1.2420688,1.5075881,1.1471281
2479.65,1.4390438,1.478689,1.6066254,1.5655643,1.477634,1.5674933,1.692317,1.8805729,1.3170815,1.724964,1.6181514,1.6391477,1.2863606,1.6699446,1.1508541
2479.8,1.5749168,1.5854451,1.7254624,1.6919207,1.628145,1.7387884,1.8428512,1.9570059,1.3749974,1.9019952,1.7788252,1.7873301,1.3362045,1.8103587,1.1775242
2479.95,1.6982172,1.6702941,1.8476455,1.8021874,1.7568188,1.8956535,1.9551057,2.1822216,1.4346928,2.0692354,1.9085992,1.9437812,1.3873509,1.9646313,1.1870573
2480.1,1.7656046,1.7535493,1.9688426,1.9032516,1.8775693,2.0636463,2.0345567,2.2468531,1.5129278,2.1928229,2.0491107,2.0202043,1.4325703,2.0898594,1.1946091
2480.25,1.8289092,1.8008625,2.0220849,1.971922,1.9367131,2.1292752,2.1010559,2.3358369,1.5383347,2.2798023,2.1171598,2.192334,1.4660523,2.1645612,1.2042219
2480.4,1.8870086,1.8308375,2.0518793,1.9948196,1.9768467,2.2033026,2.1378004,2.3764128,1.5867857,2.3132381,2.1502772,2.3156547,1.5476859,2.2193716,1.202793
2480.55,1.9175017,1.8319527,2.073147,2.0284614,2.0067755,2.2187173,2.1490158,2.376027,1.5911328,2.3447311,2.157796,2.3636948,1.510426,2.2263774,1.2172072
2480.7,1.9119654,1.813746,2.056965,2.0044402,2.0100753,2.2315416,2.1239165,2.3398153,1.5839539,2.34038,2.1518604,2.4612559,1.5211231,2.2112971,1.206418
2480.85,1.9292526,1.7890548,2.0458962,1.9742149,2.002434,2.230413,2.08412,2.307678,1.6008311,2.2766308,2.1224554,2.5465867,1.5224935,2.1840681,1.2134985
2481,1.9287464,1.7438806,2.0221154,1.9559682,1.9965032,2.2306971,2.0388033,2.253811,1.628828,2.2331545,2.1102428,2.6561167,1.5222542,2.1407566,1.2245027
2481.15,1.8949602,1.7163306,1.9952304,1.9496405,1.9975221,2.2596208,2.0037262,2.2171623,1.7120382,2.2226487,2.0759334,2.7346546,1.5528434,2.094865,1.2331147
2481.3,1.9397044,1.6674573,2.0008892,1.9453435,2.0237804,2.3065232,1.9654089,2.1885841,1.7049012,2.2352155,2.0573409,2.8793296,1.5689876,2.1264627,1.2210744
2481.45,2.0002082,1.6373435,2.000819,1.979751,2.093852,2.3953617,1.9328905,2.172744,1.760049,2.2571265,2.1214743,3.0217256,1.5885381,2.1224857,1.2402947
2481.6,2.076415,1.6035151,2.0540251,1.9897925,2.1628391,2.4814858,1.9267306,2.1648496,1.8366806,2.3104442,2.1499289,3.1897115,1.630642,2.1840668,1.22923
2481.75,2.1615906,1.5619682,2.0717276,2.0045978,2.2378565,2.5826907,1.8957412,2.1576889,1.8577433,2.3636774,2.1974407,3.2651584,1.6388667,2.1782617,1.2496034
2481.9,2.196846,1.5275533,2.0715261,1.9935955,2.2675664,2.6233198,1.8720991,2.1099724,1.9007854,2.3889928,2.2247103,3.2782202,1.6540163,2.1834171,1.2390443
2482.05,2.2181387,1.4823287,2.0725716,1.9932003,2.2823243,2.6132058,1.8266917,2.0668298,1.9201184,2.3345533,2.2038253,3.1887928,1.6442998,2.1741585,1.2349089
2482.2,2.1884816,1.4304293,2.0185294,1.9104207,2.234878,2.5613335,1.7633867,1.9881734,1.8888797,2.3128221,2.1321146,3.1534704,1.5856943,2.1170578,1.2164872
2482.35,2.1121223,1.3708419,1.9409557,1.8717367,2.1463798,2.4783352,1.7084999,1.8915808,1.803303,2.2168064,2.08358,2.9710514,1.5675135,2.0434541,1.2012867
2482.5,2.0191847,1.3210522,1.858484,1.7651519,2.0326289,2.3241091,1.6393476,1.8029338,1.7696527,2.0959523,1.9695031,2.8165272,1.5085619,1.9378319,1.1715358
2482.65,1.8912629,1.2653402,1.7799715,1.679236,1.9310989,2.1785626,1.5511288,1.6534375,1.6747485,1.9646807,1.8483013,2.5760883,1.4776047,1.7673436,1.1610061
2482.8,1.7762433,1.218378,1.661231,1.6042972,1.8082503,2.0145159,1.4731572,1.6076098,1.5785958,1.8331456,1.7396294,2.3207359,1.3806444,1.6743486,1.1347043
2482.95,1.6540055,1.1769525,1.5534066,1.4944022,1.6810182,1.8326054,1.3966122,1.4919818,1.4932671,1.701261,1.6189529,2.1240624,1.3367277,1.5773233,1.1198101
2483.1,1.5529538,1.1456316,1.454994,1.3966948,1.5836358,1.6831047,1.3160787,1.4033661,1.4194095,1.5780848,1.4782177,1.9181358,1.2812078,1.4533401,1.1140701
2483.25,1.444756,1.1171746,1.383497,1.3199484,1.4505557,1.5297581,1.2720677,1.3260429,1.3443024,1.4745107,1.4365584,1.7379157,1.239829,1.3762351,1.0893346
2483.4,1.3424172,1.0836237,1.3081973,1.2442488,1.3342913,1.4331418,1.2248084,1.25741,1.284631,1.3420509,1.3514885,1.6131771,1.2174411,1.2926685,1.0757795
2483.55,1.2716852,1.0636512,1.2540592,1.2030583,1.2856834,1.3265624,1.1773563,1.19738,1.2389289,1.285811,1.2696132,1.4957637,1.1841063,1.2270036,1.0684798
2483.7,1.2051647,1.0489305,1.1981844,1.1456184,1.2134152,1.2336261,1.143966,1.1503332,1.2014347,1.2301787,1.1945119,1.4311129,1.164498,1.1649224,1.0577781
2483.85,1.1572612,1.030239,1.1574347,1.1034342,1.169891,1.1782935,1.1064445,1.105759,1.17029,1.1516782,1.152844,1.3670565,1.1505812,1.114347,1.0529833
2484,1.1208544,1.0198241,1.1308433,1.0746246,1.1196298,1.1211242,1.0797734,1.0736202,1.1464734,1.1369124,1.1158812,1.3197661,1.1369687,1.0824497,1.0532796
2484.15,1.0933288,1.0094435,1.1069824,1.0514386,1.1002883,1.0826329,1.0643923,1.0457538,1.139699,1.0799125,1.0945071,1.269193,1.1200681,1.0351374,1.0444421
2484.3,1.0449568,1.0042095,1.0658624,1.0382637,1.0524074,1.0568838,1.0556143,1.0373927,1.1427427,1.0463316,1.0624626,1.2294304,1.1192855,1.0241373,1.0393111
2484.45,1.0322281,1.0005033,1.0482704,1.0063902,1.0409143,1.0311105,1.0407507,1.0137021,1.1323432,1.0310083,1.0560102,1.2249374,1.120118,0.9986463,1.0406426
2484.6,1.0074672,0.99764731,1.0464324,0.99288475,1.0340922,0.98578139,1.0202349,1.0056376,1.1260195,1.0019222,1.0327863,1.1865115,1.1111307,0.98346839,1.0379745
2484.75,1.0123928,0.99139137,1.0361313,0.99453118,0.99866106,0.97030741,1.0111307,0.98931206,1.0956119,0.9958917,1.0153541,1.1888045,1.1094411,0.96749056,1.0329929
2484.9,0.99174557,0.98779262,1.0174565,0.98164463,0.98281729,0.95346908,1.0028513,0.98026875,1.0745493,0.97724123,0.99760082,1.1932259,1.1111014,0.95561881,1.0411925
2485.05,0.98033484,0.9881555,1.0030993,0.97696113,0.9756844,0.95523306,0.99495386,0.97823139,1.091619,0.95942747,0.99002764,1.1672089,1.0747545,0.95578653,1.0483351
2485.2,0.99371938,0.98819811,1.0094717,0.9599445,0.96923562,0.93176239,0.99412551,0.96878065,1.0815576,0.96817753,0.98549312,1.1298498,1.0866379,0.94847601,1.0463175
2485.35,0.97882824,0.99087134,0.99964991,0.96701355,0.97058131,0.93019758,0.99650011,0.95467333,1.0702996,0.95087757,0.98567729,1.1082367,1.0819834,0.94828687,1.0425946
2485.5,0.94937709,0.98088316,0.98543419,0.9705565,0.95520594,0.9344313,0.99385312,0.95385982,1.0621415,0.95704268,0.96655226,1.111965,1.083816,0.94102438,1.0419294
2485.65,0.96682896,0.98567588,0.99084327,0.960945,0.94396363,0.91028789,0.99688309,0.95838039,1.0712977,0.95556784,0.96945873,1.102711,1.0801891,0.93199549,1.041429
2485.8,0.954821,0.99072671,0.9939175,0.95303568,0.96399773,0.91767813,0.9894135,0.95085129,1.0346771,0.94592492,0.96591734,1.0909106,1.056946,0.93783617,1.0453042
2485.95,0.95924712,0.98770278,0.97855408,0.95440774,0.93993465,0.92126682,0.98587717,0.95113052,1.046218,0.9363769,0.96393029,1.0611753,1.0544884,0.93032911,1.0435957
2486.1,0.9275615,0.98706215,0.96902195,0.95610331,0.94911211,0.91382651,0.98898014,0.95733233,1.0241565,0.9389995,0.97097525,1.1003635,1.053043,0.92267809,1.0412571
2486.25,0.93104544,0.99023014,0.9775578,0.94599125,0.92411412,0.92533475,0.99385084,0.96221037,1.0384489,0.93789877,0.95880539,1.0300635,1.0593257,0.93829689,1.033453
2486.4,0.9321765,0.9933466,0.9791824,0.95050701,0.92918198,0.90989441,0.99578171,0.94578335,0.98993025,0.93008449,0.96767088,1.0386239,1.0574624,0.94083448,1.0287571
2486.55,0.92592973,0.99697924,0.98474324,0.95801834,0.92991805,0.90715568,0.996905,0.96188059,1.0108912,0.94035605,0.95125125,1.0554807,1.0434561,0.93076634,1.0341643
2486.7,0.94847865,0.99837692,0.97715233,0.95400113,0.9312693,0.91989045,0.99776803,0.96429843,1.0335018,0.93669232,0.95084826,1.0192586,1.0430468,0.93779736,1.0343639
2486.85,0.9317083,0.99422591,0.99043168,0.95398941,0.93472352,0.91242367,0.99571216,0.96687707,1.0262983,0.93320476,0.95330412,1.0157443,1.0505413,0.93696331,1.0272189
2487,0.9480275,0.9930933,0.96877425,0.95724375,0.92471453,0.90078649,1.0013564,0.96883129,0.99719046,0.92975063,0.93602305,0.97001983,1.0463076,0.94089151,1.0194865
2487.15,0.93318785,0.99889157,0.98473951,0.95621005,0.93216364,0.90894616,1.003996,0.96171587,1.0006769,0.93769691,0.9312495,1.0067234,1.0507182,0.94599354,1.0269869
2487.3,0.9329597,0.99265759,0.96593566,0.95219231,0.92355249,0.90272729,0.99658367,0.95642062,0.9920255,0.94166395,0.93331857,1.0224617,1.0286048,0.93854692,1.0256435
2487.45,0.93455413,0.9923974,0.97260154,0.95255639,0.93062732,0.89869704,0.99664776,0.96563679,0.99036407,0.94977753,0.94831474,1.0281207,1.0091585,0.94703779,1.0201596
2487.6,0.93868678,0.99318008,0.97014334,0.95938871,0.92684442,0.90691931,0.99506877,0.96279706,0.97502284,0.94779748,0.93698738,0.99864358,1.0053568,0.93785627,1.0139453
2487.75,0.92598891,0.99510708,0.97479258,0.95920932,0.92191236,0.90134649,0.99037702,0.95353833,1.00403,0.93797023,0.93801304,0.9802594,0.99002253,0.94228824,1.0106642
2487.9,0.93705663,0.992854,0.96930514,0.96179593,0.927116,0.91275532,0.98354674,0.96654159,0.97554402,0.95039204,0.92950451,0.98449392,0.99503949,0.94177074,1.012389
2488.05,0.90973181,0.98850077,0.96650426,0.9649806,0.92060461,0.91733418,0.98431975,0.95776678,0.97919319,0.94253869,0.93734259,1.0048838,0.98737328,0.94515123,1.0132191
2488.2,0.91571278,0.98695471,0.97251143,0.95155772,0.911233,0.90540413,0.99135666,0.95686429,0.98983095,0.95146257,0.93896369,0.98041389,0.97314672,0.93790959,1.0030957
2488.35,0.92218286,0.98395836,0.96538116,0.95700068,0.93007134,0.90121414,0.98196065,0.95821595,0.97645468,0.93418674,0.92731203,0.99870019,0.975047,0.95678196,1.0104556
2488.5,0.92519828,0.98035934,0.96017505,0.96728524,0.92048972,0.9182529,0.98259805,0.96365597,0.96638544,0.94593026,0.93472013,1.009749,0.98601894,0.9439453,1.0095385
2488.65,0.90549327,0.97869815,0.95840607,0.95223121,0.91993978,0.90405304,0.98053532,0.95997952,0.97084006,0.94227026,0.9243513,0.96251275,0.96493793,0.9478567,1.0180693
2488.8,0.91816217,0.97570069,0.96930275,0.95211784,0.93821719,0.92394943,0.97414383,0.95012291,0.97642633,0.94042215,0.9310539,1.0013308,0.97308969,0.94636775,1.0080909
2488.95,0.92976533,0.97264604,0.96419087,0.95522527,0.91459334,0.909758,0.9746536,0.97158701,0.94549828,0.93872555,0.94263341,0.99310599,0.97720602,0.95983952,1.0030891
2489.1,0.93412967,0.97755858,0.97197485,0.95545357,0.92286128,0.91017315,0.9710469,0.96013033,0.94829606,0.94538902,0.92487032,0.97363946,0.96700686,0.94998896,1.0104565
2489.25,0.94310193,0.97715753,0.95325504,0.96392679,0.91840634,0.92550064,0.97374261,0.94630712,0.96460635,0.94639536,0.93225342,0.99482138,0.95938776,0.94769166,1.0035828
2489.4,0.9276393,0.97482441,0.9569267,0.96515977,0.92781174,0.92898167,0.96868631,0.95788359,0.96549841,0.95178159,0.93725914,1.0054596,0.95690545,0.95397938,1.0121902
2489.55,0.94173949,0.97858226,0.95278698,0.96364273,0.92185425,0.93764836,0.9768818,0.95656431,0.96339312,0.94847028,0.93170174,0.96795129,0.94848184,0.9477889,1.0083024
2489.7,0.93933352,0.97095266,0.97114369,0.9675627,0.91744071,0.94049331,0.96470707,0.94893686,0.94407681,0.94084481,0.94408579,0.98523854,0.94930999,0.94596559,1.0154725
2489.85,0.9414634,0.97259883,0.96018048,0.96266779,0.93116895,0.93865995,0.96780297,0.95178088,0.94473754,0.95765862,0.94139031,0.96953117,0.95273737,0.95281404,1.0179501
2490,0.93571604,0.97507509,0.95690136,0.95723411,0.92647746,0.92456736,0.96896336,0.96372107,0.95096296,0.95879865,0.94159554,1.0098966,0.95038425,0.95378338,1.0114823
2490.15,0.92718332,0.97382228,0.95582048,0.96106518,0.92251994,0.9316995,0.97882724,0.95021006,0.94953502,0.9576276,0.92926562,0.96127969,0.95423454,0.95762282,1.0133655
2490.3,0.92006131,0.97713466,0.9661887,0.96027184,0.9296365,0.92924526,0.97178787,0.95716898,0.95676513,0.94515019,0.92630231,0.97040417,0.94518636,0.95432513,1.0178117
2490.45,0.95179518,0.97536479,0.96691488,0.96121925,0.9252437,0.94797654,0.96950422,0.95453374,0.96096396,0.96014277,0.93175382,0.96968775,0.95045115,0.95321801,1.0146416
2490.6,0.94500782,0.98090654,0.95191555,0.96203696,0.92999823,0.94940519,0.97194949,0.96142084,0.93711688,0.95469611,0.94416168,0.9781755,0.94229842,0.94941043,1.014419
2490.75,0.95476266,0.98156753,0.96052922,0.96154699,0.93664171,0.93231654,0.96882296,0.96692643,0.95321729,0.952824,0.94048472,0.95291777,0.92695702,0.95913532,1.0127939
2490.9,0.9529951,0.98746916,0.96289188,0.96650206,0.93907451,0.94328136,0.97655572,0.96934584,0.95403394,0.95863993,0.95329316,0.96358833,0.93593052,0.95927883,1.0209397
2491.05,0.93782594,0.98358623,0.96591352,0.96447033,0.93782526,0.95060319,0.98058567,0.96840433,0.94034813,0.9495599,0.94785767,0.96491928,0.96241334,0.96663076,1.0234205
2491.2,0.9409083,0.98731501,0.96370624,0.96907657,0.94461443,0.9656407,0.98091485,0.96923147,0.95522191,0.96867995,0.95014696,0.96853235,0.96494636,0.96408375,1.0115799
2491.35,0.93135618,0.99429892,0.97207897,0.97317138,0.93900487,0.9523661,0.9870739,0.97267805,0.94916919,0.96636655,0.94495292,0.96754125,0.97029529,0.9638799,1.0176717
2491.5,0.94462745,0.99283943,0.97599221,0.97552402,0.95269646,0.96398269,0.97161046,0.98240937,0.97620488,0.96722278,0.95634746,0.96186563,0.95112538,0.97085389,1.0071362
2491.65,0.95026347,0.99530349,0.9814913,0.9868411,0.95333405,0.9654182,0.9834565,0.98084188,0.95813378,0.97531265,0.96090804,0.98451741,0.965875,0.97386736,1.0191596
2491.8,0.95993079,0.99183776,0.9759034,0.98320099,0.96466077,0.96283104,0.98234071,0.98434465,0.93738689,0.98078196,0.96998622,0.97683094,0.97233861,0.98248429,1.0113141
2491.95,0.94291846,0.99320592,0.97663824,0.98466787,0.971989,0.97732872,0.98522646,0.97918365,0.96580717,0.98444628,0.95862985,0.98150685,0.96645216,0.9853596,1.019859
2492.1,0.98337908,1.0027239,0.98482585,0.98765469,0.95778136,0.97450204,0.98634548,0.99509981,0.97997541,0.98166431,0.97842099,0.99688301,0.95670072,0.98194382,1.0232263
2492.25,0.97677706,1.0001899,0.99398552,0.99659188,0.98296099,0.98023078,0.99189871,0.99336529,0.96724577,0.99340054,0.97289515,0.96604571,0.97626199,0.98320841,1.0249538
2492.4,0.9682289,1.0003866,0.98990415,0.99432416,0.97889992,0.98763442,0.99919822,1.0017229,0.97095441,0.99167021,0.97609508,0.985107,0.97243504,0.98724594,1.0060838
2492.55,0.98470256,1.0088385,1.0022194,1.0061626,0.97419028,0.98765832,1.0006394,1.0035226,0.95860647,0.9916063,0.98406915,0.99448404,0.97433536,1.0020047,1.0130511
2492.7,1.0077766,1.0092994,0.99759805,1.0047277,0.98235481,0.99155894,1.0036864,1.0129105,0.98460286,0.99871706,0.9864749,0.97565918,0.96540554,1.0092801,1.0191992
2492.85,0.9849928,1.0130096,0.9857403,1.0119258,0.983109,1.0158742,1.0112844,1.0083942,0.97558692,1.0033342,1.0087773,1.0014951,0.96387955,0.99972673,1.025689
2493,0.98414684,1.014142,0.99432549,1.0079743,0.99137562,1.0000884,1.0048954,1.0153312,0.98023506,1.0125585,1.0030108,0.99771216,0.97903465,1.0025572,1.0135481
2493.15,0.98358403,1.0098648,0.99575981,1.0120295,0.99329087,1.0094975,1.0113838,1.0199158,0.98302631,1.015099,1.0120506,1.0015501,0.97385074,1.0182165,1.0120012
2493.3,1.0080636,1.0145053,1.0005088,1.0194411,0.99651288,1.0082173,1.0106712,1.0212956,0.99603174,1.0055121,1.0186103,0.99719064,0.98069921,1.0245344,1.0204519
2493.45,1.0092307,1.0157785,1.0123875,1.014372,1.0068466,1.0065102,1.016785,1.0331624,1.0037074,1.0281228,1.0290126,1.0221918,0.97741848,1.0288241,1.0138575
2493.6,1.0047036,1.0271349,1.0091044,1.0227577,1.0227201,1.0157579,1.0166617,1.0313685,0.98366879,1.0354319,1.026694,1.0117903,0.97132564,1.0291203,1.0097823
2493.75,1.0323341,1.0255738,1.0267586,1.0167368,1.0209362,1.0543174,1.0196638,1.0379372,0.98612839,1.0214743,1.0150058,0.97177878,0.97405295,1.0384317,1.0036395
2493.9,1.0108425,1.0280891,1.0259517,1.0286224,1.0376788,1.0356264,1.0312857,1.0353644,1.0134609,1.0363194,1.0212528,1.022385,0.98832287,1.0400261,1.0022582
2494.05,1.0209526,1.0270139,1.0070351,1.0343773,1.0449583,1.0510697,1.0255395,1.0482365,0.99929147,1.0588117,1.0319563,1.0151815,0.99337271,1.0472777,1.0147137
2494.2,1.0287304,1.0243091,1.0283247,1.0429175,1.0452824,1.0569534,1.0179372,1.0478882,0.99302003,1.0422424,1.0407642,1.0162496,0.99873375,1.0413564,1.0062126
2494.35,1.0439273,1.0288228,1.0348733,1.0475123,1.0459328,1.0726998,1.0311506,1.0420934,1.0043006,1.0444483,1.0513635,0.99542609,0.99617004,1.0443958,1.0091397
2494.5,1.0547581,1.030452,1.0246807,1.043058,1.0542725,1.0491441,1.0298134,1.0429737,1.0088674,1.0495048,1.0387619,1.0207113,0.9898526,1.0544497,1.0052433
2494.65,1.0640033,1.0301799,1.041365,1.0450172,1.0520277,1.0503545,1.0333819,1.0583528,1.0210261,1.0589208,1.0488057,1.0113979,0.99229013,1.0586761,1.0019816
2494.8,1.0514444,1.0328994,1.0271947,1.0445121,1.0661944,1.0752925,1.033315,1.0560813,1.0343821,1.0472304,1.0505536,1.0318524,1.0022163,1.0609265,1.0097149
2494.95,1.0439826,1.0327676,1.0427144,1.0509121,1.054479,1.0768757,1.0280675,1.0550087,1.0210549,1.0618129,1.0669871,1.0624783,1.0060963,1.0620328,0.9998018
2495.1,1.0681893,1.0323597,1.0471141,1.0428933,1.0712918,1.0865229,1.0328425,1.0582898,1.0157196,1.0697826,1.0663635,1.0321368,1.0146944,1.0649615,0.99388602
2495.25,1.0613556,1.0350848,1.0435278,1.0605847,1.0729776,1.0767882,1.0404302,1.0693589,1.0288031,1.0708306,1.0647811,1.04554,1.0191077,1.0610372,1.0050504
2495.4,1.0854079,1.0345927,1.0416121,1.0613926,1.081961,1.0717429,1.0383334,1.0672716,1.0213327,1.0814945,1.0635553,1.0391473,1.0247465,1.0676607,0.99956677
2495.55,1.064596,1.0375014,1.0426797,1.0616092,1.0905178,1.1155319,1.0453098,1.0592929,1.0149044,1.0792715,1.0811005,1.0290733,1.005097,1.0729856,1.0079434
2495.7,1.0676886,1.037168,1.0553837,1.0617143,1.0840542,1.1082481,1.0437458,1.0638306,1.0045545,1.0806862,1.0644517,1.0521789,1.0137643,1.0714389,1.0075956
2495.85,1.0869373,1.036475,1.0497328,1.0569552,1.0886967,1.1093547,1.0431593,1.0687196,1.0239756,1.0883439,1.0642274,1.0301211,1.0183481,1.0797636,1.0096494
2496,1.086565,1.0389412,1.0536805,1.0641488,1.0910112,1.0934606,1.0460857,1.071854,1.049458,1.0806349,1.0844063,1.062819,1.0333671,1.0829965,1.0051317
2496.15,1.0809258,1.0388552,1.0609236,1.0713742,1.0796235,1.1125202,1.0421459,1.0819834,1.0456215,1.0748925,1.076714,1.0567548,1.0139965,1.073933,0.99686518
2496.3,1.0828137,1.0366275,1.0613777,1.0539793,1.0929671,1.1114454,1.0463147,1.0732008,1.056291,1.090148,1.0816243,1.0741444,1.0254964,1.0705943,1.008149
2496.45,1.0823693,1.033387,1.0582466,1.0658441,1.0953648,1.1032346,1.0424835,1.0708215,1.0431566,1.0846562,1.0900358,1.0312286,1.0272817,1.0932937,1.0060288
2496.6,1.1012731,1.0359744,1.0604168,1.0695193,1.1059059,1.0985101,1.0443582,1.0817408,1.0528331,1.0872902,1.0878134,1.0395986,1.0360076,1.0793208,1.0015975
2496.75,1.111378,1.0370874,1.0629305,1.0605907,1.1083874,1.0988022,1.0425039,1.0681096,1.0504898,1.0831906,1.0911852,1.050271,1.0230127,1.0748404,0.99588573
2496.9,1.1029071,1.0376145,1.0742184,1.0675072,1.0967813,1.1174982,1.0454137,1.0766233,1.0377123,1.1039033,1.1051982,1.0810954,1.0424811,1.0966715,0.98667805
2497.05,1.068884,1.0327451,1.0533207,1.0638829,1.1102906,1.117941,1.0441524,1.0747826,1.0175124,1.093005,1.0874572,1.0671993,1.0469649,1.0892241,0.99094326
2497.2,1.0863925,1.0311037,1.0720522,1.0750748,1.093976,1.1078963,1.043087,1.0721146,1.0277029,1.0811308,1.0946055,1.0749309,1.0378859,1.0921251,0.99107339
2497.35,1.1103573,1.0340522,1.0709547,1.0549455,1.1094637,1.1251092,1.046214,1.0791001,1.0653881,1.0832187,1.101343,1.0517649,1.0388624,1.0915164,0.99191736
2497.5,1.1064171,1.0325041,1.0747696,1.064531,1.1135215,1.1426484,1.038375,1.0741389,1.0585677,1.0755105,1.104403,1.0654006,1.042813,1.0838502,0.9872534
2497.65,1.0986772,1.0324956,1.0625446,1.0735745,1.1186391,1.1285792,1.0476022,1.0703859,1.0665078,1.0907817,1.0855141,1.0754133,1.0511028,1.077463,0.99499123
2497.8,1.0945671,1.0331522,1.0568367,1.0661686,1.1052011,1.1178411,1.0427439,1.0727726,1.0782202,1.0920294,1.0960018,1.0696416,1.0421121,1.0860287,0.99298741
2497.95,1.1185216,1.029913,1.0688173,1.0609427,1.112815,1.1291614,1.0430187,1.0590945,1.066736,1.0887525,1.0897121,1.0422897,1.0356044,1.0930615,0.99478837
2498.1,1.1064621,1.0345227,1.0710108,1.0615944,1.1177495,1.1270911,1.0382577,1.0593644,1.0627452,1.0757678,1.1066003,1.0633624,1.0410519,1.0776728,0.99537012
2498.25,1.0988304,1.0281865,1.0661324,1.0569266,1.1134608,1.1307352,1.0360767,1.0649917,1.0468651,1.0866688,1.0921125,1.0770707,1.028364,1.0854265,0.98887099
2498.4,1.1037713,1.0286245,1.0555142,1.0676863,1.111448,1.1113038,1.0341434,1.0722426,1.0697969,1.0942928,1.0802869,1.0591025,1.0494462,1.0732813,0.97909044
2498.55,1.1166513,1.0308931,1.0563332,1.0494052,1.1114871,1.0959526,1.0332461,1.0657094,1.0444186,1.0745425,1.0807455,1.057881,1.0306197,1.0885865,0.98801284
2498.7,1.1189151,1.0284459,1.0515262,1.0676113,1.1105827,1.0944249,1.0270925,1.0546633,1.0593433,1.0927349,1.0809523,1.0387554,1.0485629,1.0772687,0.97460183
2498.85,1.0883673,1.0237739,1.0533231,1.0611709,1.1020058,1.09808,1.036349,1.0565207,1.0481853,1.0878766,1.08499,1.0702771,1.0345444,1.0748372,0.98102629
2499,1.1046607,1.0236817,1.0475319,1.0527634,1.1095389,1.1277106,1.0284116,1.0548049,1.0525475,1.0721561,1.0755089,1.0482447,1.0313288,1.0745121,0.980875
2499.15,1.0930235,1.0215624,1.0600293,1.0488787,1.0900465,1.0960684,1.0234514,1.05549,1.0625936,1.0755724,1.0884478,1.0516911,1.030703,1.0700786,0.97999814
2499.3,1.0821276,1.0204676,1.0625041,1.0561338,1.0922827,1.0989624,1.0205356,1.0484495,1.0706243,1.0689493,1.082227,1.0562927,1.0492359,1.0604357,0.98260564
2499.45,1.0946832,1.0143442,1.04075,1.0491412,1.0993551,1.0862943,1.0224303,1.0529389,1.0444538,1.0782532,1.0766257,1.0567674,1.0187626,1.0552947,0.97435738
2499.6,1.1053854,1.0156548,1.0399584,1.0496274,1.074042,1.086223,1.0221191,1.0452006,1.0501314,1.0616985,1.0690979,1.0390419,1.0332525,1.0490677,0.97856197
2499.75,1.089964,1.013295,1.0378356,1.0424211,1.0887798,1.0876193,1.0176554,1.0407514,1.039021,1.0582108,1.0610482,1.0172079,1.0315031,1.0546136,0.97231025
2499.9,1.0953837,1.0114831,1.047112,1.039806,1.0828977,1.0790304,1.0177189,1.0516691,1.0292273,1.0544119,1.0552659,0.98651167,1.0227985,1.0599081,0.96169793
2500.05,1.0785465,1.0113789,1.0284021,1.0325979,1.0855752,1.0705833,1.0107142,1.0297613,1.0380567,1.0429854,1.0533771,1.0248973,1.0372261,1.0501063,0.96685139
2500.2,1.0758213,1.0052362,1.0341966,1.03279,1.0837653,1.0973741,1.0138766,1.027866,1.0327158,1.0670664,1.0580708,1.0025307,1.0264363,1.0465844,0.97082877
2500.35,1.0808395,1.0093074,1.0218199,1.0326185,1.0638497,1.074163,1.0084795,1.0155929,1.0033779,1.0473597,1.0512466,1.0394866,1.0201598,1.0465629,0.9538008
2500.5,1.062401,1.0044056,1.0207081,1.0229721,1.0663986,1.0622959,1.0101753,1.0221772,1.042047,1.0492842,1.0508852,0.98795875,1.0278017,1.0376935,0.96004934
2500.65,1.0615396,1.0017984,1.0114451,1.0273902,1.0601564,1.0708366,1.0057576,1.0210827,1.0341632,1.0491732,1.0464665,0.97727577,1.0185965,1.0370242,0.95411136
2500.8,1.0590409,1.004836,1.0120064,1.0242627,1.0605726,1.0387302,0.999914,1.0122251,1.0111764,1.0271125,1.0486673,0.96925427,1.0154579,1.0334257,0.96031646
2500.95,1.0537261,0.99705262,1.0150902,1.0086962,1.0446862,1.0521041,0.99033529,1.0171844,1.000909,1.0295155,1.0358666,0.94063523,1.0056465,1.027686,0.95143689
2501.1,1.0479529,0.99432108,1.0084176,1.0157556,1.059161,1.0475658,0.99353406,1.0081629,1.0322942,1.0228268,1.0467546,0.98586878,1.0183101,1.0177296,0.94777202
2501.25,1.034663,0.99597611,1.0085959,1.0190696,1.0464204,1.04173,1.0026824,0.99756636,1.0010969,1.0177727,1.0284792,0.95830138,1.029147,1.0210532,0.94828702
2501.4,1.0431101,0.99523623,1.0088563,1.0188832,1.0440728,1.0353336,0.99066711,0.99754742,1.0054806,1.0124868,1.04667,0.95960811,1.0074471,1.021456,0.95384036
2501.55,1.0442257,0.9916912,1.0097047,1.0105243,1.0323305,1.0352277,0.98521159,0.99262058,0.9985659,1.0133533,1.0330417,0.95776415,1.0031426,1.0207963,0.95023581
2501.7,1.0225488,0.99198216,0.97607222,1.0114434,1.0439306,1.037728,0.98775972,0.99861321,0.99720287,1.0159935,1.0165029,0.95258129,0.99578489,1.0109779,0.95535971
2501.85,1.0254613,0.98923831,0.98749823,1.0040429,1.0524884,1.0466166,0.98549623,0.98637445,1.0076667,1.005463,1.0091922,0.94105331,0.99282832,1.0136503,0.95705394
2502,1.0255935,0.9892966,0.990377,0.99849797,1.0275979,1.0295872,0.97790918,0.99131494,1.0036823,1.0022268,1.0073141,0.90496142,1.0214017,1.0088844,0.95383136
2502.75,1.0207098,0.98251874,0.99797176,1.0011272,1.0320087,1.029224,0.97883797,0.98388181,0.99807334,0.98898808,1.003001,0.92000473,1.0077642,0.9996348,0.9453235
2503.5,1.0130305,0.97590467,0.97889873,0.99188637,1.0212004,1.0031441,0.9684985,0.9769529,0.99447601,0.98764716,1.0020777,0.86605779,0.99858387,0.99230565,0.93957974
2504.25,0.99649566,0.97362466,0.9646262,0.98459624,1.0072358,0.9947209,0.94905816,0.96141798,0.9708743,0.96714971,0.98791228,0.88562013,0.98569529,0.97800411,0.94644104
2505,0.99183334,0.96812297,0.9647421,0.97294745,0.98417701,0.95344352,0.94847566,0.9472958,1.0030419,0.95929239,0.9801505,0.87985479,0.98672561,0.96347452,0.94860654
2505.75,0.98105457,0.96162619,0.95034734,0.96202624,0.96718747,0.94860208,0.93343756,0.93035282,0.98198514,0.938873,0.96220774,0.84458665,0.98799549,0.95404967,0.95074697
2506.5,0.94861597,0.95805271,0.94503691,0.95476829,0.95580576,0.94570824,0.93690428,0.93007394,0.95183676,0.93203114,0.95446223,0.86840813,0.97843461,0.93599827,0.94288173
2507.25,0.96035169,0.9570769,0.93728761,0.94529348,0.94531238,0.93274499,0.92958377,0.91857274,0.95883321,0.92242384,0.9381566,0.83429845,0.97053276,0.92549747,0.95443993
2508,0.95970006,0.95046785,0.93763075,0.93974465,0.94531767,0.92875538,0.92575397,0.91202941,0.94509007,0.92205142,0.93942864,0.82403164,0.96991182,0.9345398,0.95485185
2508.75,0.94555416,0.9465714,0.94050132,0.94569023,0.95245039,0.92593247,0.93033036,0.91636184,0.96227926,0.91859834,0.93872896,0.82906639,0.97503514,0.93634775,0.95899271
2509.5,0.95051443,0.94538823,0.92095851,0.93636495,0.93808287,0.93462512,0.93749452,0.91495589,0.96005394,0.91268621,0.93376262,0.85338736,0.96186106,0.93141188,0.95454532
2510.25,0.94044616,0.94618269,0.93245202,0.92963593,0.91496434,0.93092817,0.93607726,0.90772257,0.96884589,0.92329218,0.93154806,0.8643954,0.96997347,0.91679265,0.96120651
2511,0.93952681,0.94843981,0.94743531,0.93555591,0.92846329,0.92934716,0.93867218,0.91876436,0.95396967,0.91931458,0.93248012,0.87569987,0.96136821,0.92619112,0.9578101
2511.75,0.92819715,0.94716149,0.9439722,0.94533233,0.92909184,0.9214418,0.94897719,0.9291224,0.9713545,0.92856584,0.94229818,0.85698064,0.96463455,0.93168731,0.96288205
2512.5,0.95025565,0.95357714,0.93898976,0.94392751,0.92101474,0.91515905,0.95464131,0.9252703,0.97465116,0.92548937,0.94040162,0.90559098,0.97971782,0.92912755,0.9719179
2513.25,0.95028878,0.9506752,0.94379248,0.95054666,0.93378555,0.91517277,0.9581941,0.93184283,0.95010607,0.93118039,0.9475613,0.91194357,0.98300943,0.93618682,0.97840904
2514,0.92233969,0.95739547,0.96076847,0.95191383,0.9248576,0.92542742,0.96321008,0.9420276,0.9555573,0.93160318,0.94738228,0.93421585,0.99172458,0.93263796,0.99560554
2514.75,0.96229446,0.96618629,0.95500804,0.9559899,0.95333808,0.93163842,0.96268307,0.94007684,0.97041676,0.95633092,0.95395704,0.92509877,0.99611716,0.94339413,1.0000076
2515.5,0.93945786,0.96759157,0.97195668,0.95731686,0.94208816,0.94659189,0.96889889,0.94654165,0.98066054,0.94384311,0.94987133,0.94861278,0.98720987,0.95129958,1.0013888
2516.25,0.96093458,0.97021793,0.96956748,0.96545227,0.94025383,0.93578182,0.97578433,0.96063839,0.99255757,0.93357157,0.96891365,0.94873356,0.99362121,0.94519288,1.017908
2517,0.93964253,0.96979134,0.97725218,0.96046328,0.9571092,0.93414788,0.976292,0.94871728,0.99679118,0.95134049,0.96518586,0.96960517,1.0048988,0.95128041,1.0277924
2517.75,0.95495132,0.9791317,0.97276487,0.96357422,0.95038302,0.95832494,0.98565318,0.96097667,0.99970793,0.94505736,0.97311935,0.97606383,0.9851432,0.96011448,1.0381368
2518.5,0.95828465,0.97146941,0.97239131,0.96908633,0.94972834,0.94817846,0.98885497,0.97624575,0.98445066,0.96863336,0.96797692,1.008662,0.99868042,0.9582909,1.0281929
2519.25,0.9671475,0.97505005,0.9820235,0.96455891,0.95864806,0.96974394,0.9910128,0.97144453,0.97788666,0.95941144,0.96779951,1.0345575,1.007742,0.96726408,1.0319671
2520,0.96777271,0.97446618,0.99559197,0.97003651,0.95640974,0.95755334,0.99332154,0.974269,1.0065279,0.96775353,0.96940778,1.0335491,1.0001837,0.96785566,1.0327273
2520.75,0.97251158,0.97428569,0.98799038,0.97426812,0.97309561,0.96629791,0.99522433,0.96737599,1.008454,0.97155713,0.97876723,1.0070291,0.99997636,0.96292617,1.0253555
2521.5,0.96366866,0.97383815,0.98838914,0.97550465,0.95535041,0.94872159,0.99430126,0.98439344,1.0133813,0.97006202,0.97660215,1.0555199,1.0074955,0.96138845,1.0294188
2522.25,0.97320596,0.97636081,0.98014391,0.97744554,0.9644683,0.95769983,0.99127115,0.98622352,1.020419,0.96931041,0.96084656,1.0763406,1.0070902,0.97115565,1.0241489
2523,0.96768383,0.97367308,0.99622505,0.98593244,0.96978754,0.9594929,0.99743611,0.98345322,1.0062533,0.97142084,0.96636264,1.068412,1.0051116,0.97722536,1.0240401
2523.75,0.9773447,0.97450917,0.98957419,0.98396913,0.9718249,0.96527864,1.0023478,0.99665548,1.0006703,0.9828507,0.98438736,1.0719487,0.9925178,0.97529723,1.0167814
2524.5,0.96900633,0.97846604,1.0033198,0.97914952,0.97316239,0.96441671,1.013172,0.99772846,1.0211794,0.97997871,0.98350962,1.0791204,0.99734521,0.97804368,1.0152755
2525.25,0.9725662,0.98292516,1.0024478,0.98863791,0.9785662,0.97589217,1.0128904,1.0060103,1.0181839,0.98506262,0.98199628,1.0800566,0.99692592,0.99024791,1.0189172
2526,0.97293913,0.98132858,0.9929325,0.99920006,0.98621325,0.98475952,1.0063778,1.0036818,0.98526571,0.99635887,0.98056298,1.0809266,1.0048149,0.9916947,1.0080413
2526.75,0.96129541,0.9851333,1.0056745,0.99964406,0.97520712,0.98354658,1.0221769,1.0073524,0.98872067,0.99585231,0.98860045,1.0760724,1.0027288,0.99128571,1.0084007
2527.5,0.98575827,0.98446281,1.010923,1.0049429,0.98849608,0.97554684,1.0220298,1.0089655,0.99547882,1.0027225,0.99281029,1.0566357,0.99005302,0.99699999,1.0147845
2528.25,0.97894902,0.98947546,1.0054347,1.0087603,0.98342684,0.97724309,1.0202262,1.026626,0.99279148,1.0101924,0.99664878,1.0888206,0.98465433,1.0033478,1.0027755
2529,0.9763358,0.99292963,1.0100096,1.0018459,0.98516041,0.99152552,1.0295781,1.0187917,1.0065138,1.0112567,0.98493888,1.0506503,1.0084332,1.0075863,1.0012623
2529.75,0.98888499,0.9974569,1.0258612,1.0097533,0.99065284,1.0005853,1.024735,1.0194916,0.98115607,1.0221086,0.99241755,1.0703355,0.99393078,1.0086876,1.0027854
2530.5,0.98622544,1.0007907,1.0121656,1.0173771,0.97116141,0.99191681,1.0314784,1.0352618,0.99058331,1.0196131,0.99532007,1.0367431,0.98670245,1.020851,1.0169007
2531.25,0.98036351,1.0018354,1.0248556,1.0214168,0.99106308,0.98795668,1.0300262,1.0436935,0.99126048,1.0202493,0.99789687,1.0483166,0.99295657,1.0256036,1.0020261
2532,0.98015981,1.0080578,1.0086424,1.0231611,0.99802043,0.99644337,1.0318057,1.0404939,1.0054846,1.0292769,0.98648141,1.0725807,0.99843643,1.0218231,0.9974354
2532.75,1.0067851,1.011802,1.0218157,1.0292934,0.98790344,1.0065331,1.0304311,1.0377876,0.98390059,1.0248955,1.0058234,1.0470639,0.98784119,1.0357393,0.99862688
2533.5,0.99525975,1.0131143,1.0333852,1.0309027,0.98882115,1.0061417,1.0383971,1.0436358,0.98988805,1.0234886,1.0031822,1.0341873,0.98606236,1.0401347,1.0051235
2534.25,0.98360058,1.0178935,1.0258863,1.0386531,0.99446056,0.99182774,1.0434886,1.0540969,0.98589593,1.0342078,1.0058315,1.019544,0.98511103,1.0364668,1.010276
2535,0.97961272,1.0292956,1.0331308,1.0425464,0.99999243,1.011279,1.046094,1.051425,0.98260321,1.0350179,1.0137924,1.0456053,0.98077779,1.0509974,1.0079681
2535.75,1.0071441,1.0221076,1.0306104,1.0463653,1.0145614,1.0198693,1.0573454,1.0601283,0.99088594,1.0385527,1.0229185,1.0313107,1.002086,1.0471443,1.010521
2536.5,1.0001443,1.0271762,1.04108,1.0515663,1.015295,1.0134817,1.05634,1.0578841,0.99763036,1.0456385,1.0327196,1.0462753,0.99951772,1.0464751,1.0172027
2537.25,1.0136151,1.0336987,1.0437647,1.0531947,1.0076159,1.0166387,1.0593569,1.0658459,1.0007382,1.0477719,1.0289949,1.0572611,1.0102309,1.0620467,1.0127674
2538,1.0197904,1.0383202,1.0541636,1.0562411,1.00926,1.0289533,1.0623275,1.0761322,1.0128839,1.0539717,1.0257079,1.0049535,1.0167443,1.0692506,1.0128432
2538.75,1.0223721,1.0401014,1.0538907,1.0531641,1.0225007,1.0422906,1.0578978,1.0772926,0.99050852,1.0614585,1.0308208,1.0527697,0.99773541,1.0703631,1.0192382
2539.5,1.0221787,1.0455588,1.0593245,1.0653261,1.0223805,1.027149,1.0625681,1.0899235,1.0117308,1.0689231,1.0379471,1.036709,1.0133426,1.0664323,1.0239737
2540.25,1.0333069,1.044487,1.0540996,1.0664859,1.0260231,1.0621326,1.0703411,1.083761,1.0126586,1.0620331,1.0387577,1.0657372,1.0113569,1.0752997,1.0280354
2541,1.0307863,1.0488667,1.0565328,1.0671399,1.0384881,1.056545,1.0766307,1.0918384,1.0067227,1.0816072,1.0582469,1.057763,1.0256403,1.0783524,1.0344909
2541.75,1.0269375,1.0490952,1.0767362,1.0714966,1.044472,1.0735329,1.0744398,1.0939136,1.0265041,1.0756676,1.047174,1.0816241,1.0187296,1.0824733,1.0180404
