SampleSiteCode,FieldPointName,Northing,Easting,Elevation,Code,EPSG,,,
001-ER18,001-A,4313905.548,327909.795,2908.642,CP-PLOTS,26913,,,
001-ER18,001-B,4313905.682,327908.855,2908.522,CP-PLOTS,26913,,,
001-ER18,001-C,4313906.63,327908.967,2908.548,CP-PLOTS,26913,,,
001-ER18,001-D,4313906.46,327909.893,2908.632,CP-PLOTS,26913,,,
002-ER18,002-A,4313911.705,327909.795,2908.659,CP-PLOTS,26913,,,
002-ER18,002-B,4313912.017,327908.539,2908.472,CP-PLOTS,26913,,,
002-ER18,002-C,4313913.218,327908.908,2908.525,CP-PLOTS,26913,,,
002-ER18,002-D,4313912.864,327910.003,2908.594,CP-PLOTS,26913,,,
003-ER18,003-A,4313920.851,327905.096,2908.131,CP-PLOTS,26913,,,
003-ER18,003-B,4313921.186,327904.209,2908.023,CP-PLOTS,26913,,,
003-ER18,003-C,4313922.031,327904.4,2908.025,CP-PLOTS,26913,,,
003-ER18,003-D,4313921.728,327905.367,2908.095,CP-PLOTS,26913,,,
004-ER18,004-A,4313932.737,327910.179,2908.285,CP-PLOTS,26913,,,
004-ER18,004-B,4313932.819,327909.255,2908.188,CP-PLOTS,26913,,,
004-ER18,004-C,4313933.673,327909.378,2908.211,CP-PLOTS,26913,,,
004-ER18,004-D,4313933.515,327910.198,2908.222,CP-PLOTS,26913,,,
005-ER18,005-A,4313931.712,327898.857,2907.606,CP-PLOTS,26913,,,
005-ER18,005-B,4313931.772,327897.956,2907.5,CP-PLOTS,26913,,,
005-ER18,005-C,4313932.673,327898.02,2907.579,CP-PLOTS,26913,,,
005-ER18,005-D,4313932.565,327898.909,2907.625,CP-PLOTS,26913,,,
006-ER18,006-A,4313974.129,328020.866,2915.274,CP-PLOTS,26913,,,
006-ER18,006-B,4313974.303,328019.964,2915.136,CP-PLOTS,26913,,,
006-ER18,006-C,4313975.214,328020.269,2915.16,CP-PLOTS,26913,,,
006-ER18,006-D,4313974.938,328021.123,2915.202,CP-PLOTS,26913,,,
007-ER18,007-A,4313969.31,328027.856,2916.182,CP-PLOTS,26913,,,
007-ER18,007-B,4313969.199,328026.89,2916.095,CP-PLOTS,26913,,,
007-ER18,007-C,4313970.167,328026.769,2916.093,CP-PLOTS,26913,,,
007-ER18,007-D,4313970.233,328027.801,2916.163,CP-PLOTS,26913,,,
008-ER18,008-A,4313968.732,328020.764,2915.567,CP-PLOTS,26913,,,
008-ER18,008-B,4313968.962,328019.841,2915.372,CP-PLOTS,26913,,,
008-ER18,008-C,4313969.9,328020.22,2915.385,CP-PLOTS,26913,,,
008-ER18,008-D,4313969.522,328021.023,2915.536,CP-PLOTS,26913,,,
009-ER18,009-A,4313980.909,328049.57,2917.964,CP-PLOTS,26913,,,
009-ER18,009-B,4313981.317,328048.717,2917.862,CP-PLOTS,26913,,,
009-ER18,009-C,4313982.245,328049.024,2917.854,CP-PLOTS,26913,,,
009-ER18,009-D,4313981.811,328049.944,2917.963,CP-PLOTS,26913,,,
010-ER18,010-A,4309919.676,330790.412,2767.693,CP-PLOT,26913,,,
010-ER18,010-B,4309919.491,330789.465,2767.826,CP-PLOT,26913,,,
010-ER18,010-C,4309920.393,330789.323,2767.752,CP-PLOT,26913,,,
010-ER18,010-D,4309920.614,330790.328,2767.637,CP-PLOT,26913,,,
011-ER18,011-A,4309918.241,330771.035,2769.323,CP-PLOT,26913,,,
011-ER18,011-B,4309918.182,330770.102,2769.347,CP-PLOT,26913,,,
011-ER18,011-C,4309919.18,330770.063,2769.242,CP-PLOT,26913,,,
011-ER18,011-D,4309919.174,330771.088,2769.198,CP-PLOT,26913,,,
012-ER18,012-A,4309912.952,330763.271,2770.6,CP-PLOT,26913,,,
012-ER18,012-B,4309912.969,330762.381,2770.68,CP-PLOT,26913,,,
012-ER18,012-C,4309913.946,330762.447,2770.582,CP-PLOT,26913,,,
012-ER18,012-D,4309913.793,330763.4,2770.504,CP-PLOT,26913,,,
013-ER18,013-A,4309895.233,330744.923,2775.037,CP-PLOT,26913,,,
013-ER18,013-B,4309895.257,330743.973,2775.191,CP-PLOT,26913,,,
013-ER18,013-C,4309896.183,330743.97,2775.071,CP-PLOT,26913,,,
013-ER18,013-D,4309896.215,330744.876,2774.929,CP-PLOT,26913,,,
014-ER18,014-A,4309908.022,330724.549,2776.857,CP-PLOT,26913,,,
014-ER18,014-B,4309907.7,330723.543,2776.996,CP-PLOT,26913,,,
014-ER18,014-C,4309908.745,330723.387,2776.869,CP-PLOT,26913,,,
014-ER18,014-D,4309908.967,330724.243,2776.733,CP-PLOT,26913,,,
015-ER18,015-A,4309886.357,330726.349,2779.369,CP-PLOT,26913,,,
015-ER18,015-B,4309886.498,330725.45,2779.613,CP-PLOT,26913,,,
015-ER18,015-C,4309887.466,330725.505,2779.462,CP-PLOT,26913,,,
015-ER18,015-D,4309887.348,330726.412,2779.309,CP-PLOT,26913,,,
016-ER18,016-A,4309887.282,330714.004,2782.09,CP-PLOT,26913,,,
016-ER18,016-B,4309887.17,330713.041,2782.351,CP-PLOT,26913,,,
016-ER18,016-C,4309888.093,330713.012,2782.214,CP-PLOT,26913,,,
016-ER18,016-D,4309888.22,330714.025,2781.821,CP-PLOT,26913,,,
017-ER18,017-A,4309881.058,330722.142,2781.031,CP-PLOT,26913,,,
017-ER18,017-B,4309881.306,330721.22,2781.236,CP-PLOT,26913,,,
017-ER18,017-C,4309882.031,330721.419,2781.09,CP-PLOT,26913,,,
017-ER18,017-D,4309882.06,330722.203,2780.862,CP-PLOT,26913,,,
018-ER18,018-A,4309883.794,330691.471,2790.372,CP-PLOT,26913,,,
018-ER18,018-B,4309884.068,330690.495,2790.56,CP-PLOT,26913,,,
018-ER18,018-C,4309884.866,330690.64,2790.301,CP-PLOT,26913,,,
018-ER18,018-D,4309884.647,330691.533,2790.031,CP-PLOT,26913,,,
019-ER18,019-A,4309879.586,330709.11,2785.189,CP-PLOT,26913,,,
019-ER18,019-B,4309879.874,330708.236,2785.501,CP-PLOT,26913,,,
019-ER18,019-C,4309880.779,330708.433,2785.325,CP-PLOT,26913,,,
019-ER18,019-D,4309880.553,330709.302,2785.002,CP-PLOT,26913,,,
020-ER18,TR-020,4317832.535,321085.516,3455.296,CP-PLOT,26913,,,
021-ER18,L21,4313872.722,327788.486,2890.746,CP-PLOTS,26913,,,
022-ER18,L22,4313880.259,327795.445,2891.221,CP-PLOTS,26913,,,
023-ER18,L23,4313892.163,327844.681,2901.586,CP-PLOTS,26913,,,
024-ER18,L24,4313885.415,327854.765,2902.521,CP-PLOTS,26913,,,
025-ER18,L25,4313850.341,327892.208,2909.372,CP-PLOTS,26913,,,
026-ER18,L26,4313827.209,327875.609,2910.431,CP-PLOTS,26913,,,
027-ER18,L27,4313861.228,327900.464,2907.809,CP-PLOTS,26913,,,
028-ER18,L28,4313854.528,327907.285,2909.699,CP-PLOTS,26913,,,
029-ER18,L29,4313846.559,327937.861,2911.603,CP-PLOTS,26913,,,
030-ER18,L30,4313847.341,327923.011,2912.648,CP-PLOTS,26913,,,
031-ER18,TR-31,4313890.174,327908.062,2908.918,CP-TREE,26913,,,
032-ER18,TR-32,4313959.713,327951.177,2910.699,CP-TREE,26913,,,
033-ER18,TR-033-ASPEN,4309902.765,330645.474,2799.866,CP-PLOT,26913,,,
034-ER18,TR-034-ASPEN,4309921.009,330627.826,2796.931,CP-PLOT,26913,,,
035-ER18,TR-035,4309781.59,330827.022,2782.825,CP-PLOT,26913,,,
036-ER18,TR-036,4309775.924,330824.011,2785.775,CP-PLOT,26913,,,
037-ER18,TR-037-ASPEN,4309758.793,330835.172,2788.212,CP-PLOT,26913,,,
037-ER18,TR-037,4309759.356,330834.587,2787.181,CP-PLOT,26913,,,
038-ER18,TR-038,4309752.406,330834.558,2790.415,CP-PLOT,26913,,,
038-ER18,TR-038,4309751.328,330833.212,2790.431,CP-PLOT,26913,,,
040-ER18,TR-040,4309777.767,330819.115,2785.289,CP-PLOT,26913,,,
042-ER18,TR-042,4309704.734,330823.07,2810.847,CP-PLOT,26913,,,
042-ER18,TR-042-ASPEN,4309696.747,330816.112,2812.065,CP-PLOT,26913,,,
043-ER18,TR-043,4310569.681,328328.315,3171.505,CP-PLOT,26913,,,
044-ER18,044-A,4309817.959,330871.251,2772.843,CP-PLOT,26913,,,
044-ER18,044-B,4309818.52,330870.258,2772.783,CP-PLOT,26913,,,
044-ER18,044-C,4309819.176,330870.647,2772.71,CP-PLOT,26913,,,
044-ER18,044-D,4309818.696,330871.527,2772.745,CP-PLOT,26913,,,
045-ER18,045-A,4309809.326,330882.041,2773.986,CP-PLOT,26913,,,
045-ER18,045-B,4309809.769,330881.216,2773.942,CP-PLOT,26913,,,
045-ER18,045-C,4309810.601,330881.611,2773.793,CP-PLOT,26913,,,
045-ER18,045-D,4309810.154,330882.508,2773.924,CP-PLOT,26913,,,
046-ER18,046-A,4309804.115,330867.815,2775.189,CP-PLOT,26913,,,
046-ER18,046-B,4309804.216,330866.72,2775.203,CP-PLOT,26913,,,
046-ER18,046-C,4309805.352,330866.829,2774.923,CP-PLOT,26913,,,
046-ER18,046-D,4309805.151,330867.731,2774.954,CP-PLOT,26913,,,
047-ER18,047-A,4309812.051,330882.2,2773.585,CP-PLOT,26913,,,
047-ER18,047-B,4309812.461,330881.306,2773.541,CP-PLOT,26913,,,
047-ER18,047-C,4309813.28,330881.616,2773.386,CP-PLOT,26913,,,
047-ER18,047-D,4309812.985,330882.533,2773.369,CP-PLOT,26913,,,
048-ER18,048-A,4309792.82,330872.306,2777.432,CP-PLOT,26913,,,
048-ER18,048-B,4309792.935,330871.312,2777.459,CP-PLOT,26913,,,
048-ER18,048-C,4309793.836,330871.467,2777.292,CP-PLOT,26913,,,
048-ER18,048-D,4309793.731,330872.354,2777.301,CP-PLOT,26913,,,
050-ER18,050-A,4309774.075,330876.097,2781.25,CP-PLOT,26913,,,
050-ER18,050-B,4309774.096,330875.249,2781.339,CP-PLOT,26913,,,
050-ER18,050-C,4309775.065,330875.158,2781.042,CP-PLOT,26913,,,
050-ER18,050-D,4309775.099,330875.997,2781.108,CP-PLOT,26913,,,
051-ER18,051-A,4309786.217,330849.859,2779.282,CP-PLOT,26913,,,
051-ER18,051-B,4309786.302,330848.92,2779.323,CP-PLOT,26913,,,
051-ER18,051-C,4309787.179,330848.95,2779.106,CP-PLOT,26913,,,
051-ER18,051-D,4309787.118,330849.909,2779.092,CP-PLOT,26913,,,
052-ER18,052-A,4309804.226,330877.329,2775.082,CP-PLOT,26913,,,
052-ER18,052-B,4309804.288,330876.298,2775.108,CP-PLOT,26913,,,
052-ER18,052-C,4309805.22,330876.403,2774.906,CP-PLOT,26913,,,
052-ER18,052-D,4309805.04,330877.309,2774.894,CP-PLOT,26913,,,
053-ER18,053-A,4309802.819,330835.091,2777.481,CP-PLOT,26913,,,
053-ER18,053-B,4309803.196,330834.235,2777.435,CP-PLOT,26913,,,
053-ER18,053-C,4309803.895,330834.307,2777.281,CP-PLOT,26913,,,
053-ER18,053-D,4309803.773,330835.288,2777.213,CP-PLOT,26913,,,
054-ER18,054-A,4309800.129,330849.256,2776.63,CP-PLOT,26913,,,
054-ER18,054-B,4309800.594,330848.069,2776.59,CP-PLOT,26913,,,
054-ER18,054-C,4309801.478,330848.265,2776.442,CP-PLOT,26913,,,
054-ER18,054-D,4309801.247,330849.32,2776.395,CP-PLOT,26913,,,
055-ER18,L055,4310039.98,330956.945,2759.258,CP-PLOT,26913,,,
056-ER18,L056,4310048.056,330986.782,2758.667,CP-PLOT,26913,,,
057-ER18,L057,4309981.573,330947.359,2759.475,CP-PLOT,26913,,,
058-ER18,L058,4309929.815,330938.513,2760.121,CP-PLOT,26913,,,
059-ER18,L059,4309931.499,330923.982,2761.018,CP-PLOT,26913,,,
060-ER18,L060,4309903.721,330908.057,2762.767,CP-PLOT,26913,,,
061-ER18,L061,4309880.03,330802.232,2769.964,CP-PLOT,26913,,,
062-ER18,L062,4309848.488,330825.854,2768.303,CP-PLOT,26913,,,
063-ER18,L063,4309840.656,330809.155,2770.798,CP-PLOT,26913,,,
064-ER18,L064,4309768.104,330851.704,2783.781,CP-PLOT,26913,,,
065-ER18,065-A,4310566.649,328437.635,3154.79,CP-PLOT,26913,,,
065-ER18,065-B,4310567.01,328436.667,3154.9,CP-PLOT,26913,,,
065-ER18,065-C,4310567.914,328436.967,3154.954,CP-PLOT,26913,,,
065-ER18,065-D,4310567.639,328437.833,3154.835,CP-PLOT,26913,,,
066-ER18,066-A,4310565.1,328423.922,3157.098,CP-PLOT,26913,,,
066-ER18,066-B,4310564.315,328423.555,3157.136,CP-PLOT,26913,,,
066-ER18,066-C,4310564.718,328422.783,3157.356,CP-PLOT,26913,,,
066-ER18,066-D,4310565.582,328423.121,3157.329,CP-PLOT,26913,,,
067-ER18,067-A,4310542.334,328431.436,3154.231,CP-PLOT,26913,,,
067-ER18,067-B,4310542.494,328430.425,3154.39,CP-PLOT,26913,,,
067-ER18,067-C,4310543.542,328430.748,3154.373,CP-PLOT,26913,,,
067-ER18,067-D,4310543.231,328431.593,3154.313,CP-PLOT,26913,,,
068-ER18,068-A,4310551.608,328421.086,3156.681,CP-PLOT,26913,,,
068-ER18,068-B,4310550.571,328421.085,3156.54,CP-PLOT,26913,,,
068-ER18,068-C,4310550.699,328420.096,3156.832,CP-PLOT,26913,,,
068-ER18,068-D,4310551.692,328420.159,3156.898,CP-PLOT,26913,,,
069-ER18,069-A,4310564.205,328416.874,3158.91,CP-PLOT,26913,,,
069-ER18,069-B,4310564.47,328415.965,3159.137,CP-PLOT,26913,,,
069-ER18,069-C,4310565.493,328416.118,3159.182,CP-PLOT,26913,,,
069-ER18,069-D,4310565.126,328417.164,3158.921,CP-PLOT,26913,,,
070-ER18,070-A,4310556.285,328408.634,3159.935,CP-PLOT,26913,,,
070-ER18,070-B,4310556.334,328407.776,3160.172,CP-PLOT,26913,,,
070-ER18,070-C,4310557.306,328407.802,3160.257,CP-PLOT,26913,,,
070-ER18,070-D,4310557.28,328408.722,3160.125,CP-PLOT,26913,,,
071-ER18,071-A,4310516.251,328927.226,3061.793,CP-PLOT,26913,,,
071-ER18,071-B,4310516.391,328926.292,3062.056,CP-PLOT,26913,,,
071-ER18,071-C,4310517.311,328926.41,3061.919,CP-PLOT,26913,,,
071-ER18,071-D,4310517.126,328927.464,3061.538,CP-PLOT,26913,,,
072-ER18,072-A,4310525.83,328927.994,3060.22,CP-PLOT,26913,,,
072-ER18,072-B,4310526.076,328926.982,3060.629,CP-PLOT,26913,,,
072-ER18,072-C,4310527.053,328927.145,3060.387,CP-PLOT,26913,,,
072-ER18,072-D,4310526.782,328927.952,3060.13,CP-PLOT,26913,,,
073-ER18,073-A,4310515.673,328914.489,3066.001,CP-PLOT,26913,,,
073-ER18,073-B,4310515.961,328913.776,3066.214,CP-PLOT,26913,,,
073-ER18,073-C,4310516.924,328914.006,3065.955,CP-PLOT,26913,,,
073-ER18,073-D,4310516.531,328914.799,3065.736,CP-PLOT,26913,,,
074-ER18,074-A,4310535.542,328955.849,3049.434,CP-PLOT,26913,,,
074-ER18,074-B,4310535.727,328954.922,3049.721,CP-PLOT,26913,,,
074-ER18,074-C,4310536.75,328955.138,3049.515,CP-PLOT,26913,,,
074-ER18,074-D,4310536.497,328955.924,3049.268,CP-PLOT,26913,,,
075-ER18,075-A,4310531.562,328969.456,3045.436,CP-PLOT,26913,,,
075-ER18,075-B,4310531.692,328968.541,3045.701,CP-PLOT,26913,,,
075-ER18,075-C,4310532.714,328968.49,3045.613,CP-PLOT,26913,,,
075-ER18,075-D,4310532.579,328969.556,3045.339,CP-PLOT,26913,,,
076-ER18,076-A,4310536.044,328967.458,3045.539,CP-PLOT,26913,,,
076-ER18,076-B,4310536.204,328966.517,3045.801,CP-PLOT,26913,,,
076-ER18,076-C,4310537.153,328966.651,3045.639,CP-PLOT,26913,,,
076-ER18,076-D,4310537.049,328967.583,3045.402,CP-PLOT,26913,,,
077-ER18,077-A,4310528.499,328982.996,3041.938,CP-PLOT,26913,,,
077-ER18,077-B,4310528.637,328982.014,3042.111,CP-PLOT,26913,,,
077-ER18,077-C,4310529.658,328982.113,3041.994,CP-PLOT,26913,,,
077-ER18,077-D,4310529.502,328983.002,3041.841,CP-PLOT,26913,,,
078-ER18,078-A,4310526.787,328992.658,3039.659,CP-PLOT,26913,,,
078-ER18,078-B,4310526.707,328991.666,3039.88,CP-PLOT,26913,,,
078-ER18,078-C,4310527.679,328991.69,3039.782,CP-PLOT,26913,,,
078-ER18,078-D,4310527.707,328992.588,3039.539,CP-PLOT,26913,,,
079-ER18,079-A,4310526.634,328999.841,3037.94,CP-PLOT,26913,,,
079-ER18,079-B,4310526.528,328998.951,3038.176,CP-PLOT,26913,,,
079-ER18,079-C,4310527.47,328998.808,3038.122,CP-PLOT,26913,,,
079-ER18,079-D,4310527.574,328999.909,3037.788,CP-PLOT,26913,,,
080-ER18,080-A,4310552.365,329033.711,3030.338,CP-PLOT,26913,,,
080-ER18,080-B,4310552.37,329032.668,3030.464,CP-PLOT,26913,,,
080-ER18,080-C,4310553.324,329032.82,3030.409,CP-PLOT,26913,,,
080-ER18,080-D,4310553.237,329033.73,3030.203,CP-PLOT,26913,,,
081-ER18,081-A,4310529.797,329002.917,3037.055,CP-PLOT,26913,,,
081-ER18,081-B,4310529.916,329001.867,3037.259,CP-PLOT,26913,,,
081-ER18,081-C,4310530.996,329001.909,3037.134,CP-PLOT,26913,,,
081-ER18,081-D,4310531.023,329001.811,3037.173,CP-PLOT,26913,,,
082-ER18,082-A,4310558.357,329012.168,3033.607,CP-PLOT,26913,,,
082-ER18,082-B,4310558.566,329011.168,3033.728,CP-PLOT,26913,,,
082-ER18,082-C,4310559.596,329011.373,3033.597,CP-PLOT,26913,,,
082-ER18,082-D,4310559.395,329012.345,3033.477,CP-PLOT,26913,,,
083-ER18,083-A,4310532.512,329005.597,3036.521,CP-PLOT,26913,,,
083-ER18,083-B,4310532.464,329004.561,3036.674,CP-PLOT,26913,,,
083-ER18,083-C,4310533.476,329004.598,3036.611,CP-PLOT,26913,,,
083-ER18,083-D,4310533.42,329005.671,3036.47,CP-PLOT,26913,,,
084-ER18,084-B,4310585.86,329021.979,3029.138,CP-PLOT,26913,,,
084-ER18,084-C,4310586.805,329022.38,3028.96,CP-PLOT,26913,,,
084-ER18,084-D,4310586.448,329023.329,3028.905,CP-PLOT,26913,,,
085-ER18,L085,4310616.798,328483.36,3151.929,CP-PLOT,26913,,,
086-ER18,L086-WILLOW,4310628.066,328545.877,3144.032,CP-PLOT,26913,,,
087-ER18,L087,4310617.539,328598.739,3138.133,CP-PLOT,26913,,,
088-ER18,L088-WILLOW,4310505.343,328549.352,3139.545,CP-PLOT,26913,,,
089-ER18,L-089-WILLOW,4310569.132,328950.85,3044.046,CP-PLOT,26913,,,
090-ER18,L-090-WILLOW,4310577.941,328943.32,3044.43,CP-PLOT,26913,,,
091-ER18,L-091-WILLOW,4310633.881,328969.184,3031.788,CP-PLOT,26913,,,
092-ER18,L-092,4310659.972,328964.085,3031.199,CP-PLOT,26913,,,
093-ER18,L-093-SHORT-WILLOW,4310689.93,328940.371,3032.853,CP-PLOT,26913,,,
094-ER18,L-094,4310653.389,328912.883,3048.356,CP-PLOT,26913,,,
095-ER18,TR-095,4310601.428,328375.337,3162.479,CP-PLOT,26913,,,
096-ER18,TR-096,4310564.925,328310.934,3186.08,CP-PLOT,26913,,,
097-ER18,TR-097,4310630.266,328349.686,3170.893,CP-PLOT,26913,,,
098-ER18,TR-098,4310616.393,328338.868,3173.371,CP-PLOT,26913,,,
099-ER18,TR-099-LODGEPOLES,4310638.751,328866.899,3071.538,CP-PLOT,26913,,,
100-ER18,TR-100-LODGEPOLES,4310582.463,328870.397,3079.354,CP-PLOT,26913,,,
101-ER18,TR-101-LODGEPOLES,4310586.421,328865.834,3083.223,CP-PLOT,26913,,,
102-ER18,TR-102-ASPEN,4310588.091,328932.446,3046.871,CP-PLOT,26913,,,
103-ER18,TR-103-ASPEN,4310562.315,328980.519,3037.933,CP-PLOT,26913,,,
104-ER18,L-104-WILLOW,4317256.153,326305.624,2954.746,CP-PLOT,26913,,,
105-ER18,L-105-WILLOW,4317228.934,326314.46,2953.506,CP-PLOT,26913,,,
106-ER18,L-106-WILLOW,4317229.147,326349.046,2952.692,CP-PLOT,26913,,,
107-ER18,L-107-WILLOW,4317196.134,326368.247,2951.104,CP-PLOT,26913,,,
108-ER18,L-108-WILLOW,4317174.77,326369.163,2949.885,CP-PLOT,26913,,,
109-ER18,L-109-WILLOW,4317137.249,326351.535,2943.731,CP-PLOT,26913,,,
110-ER18,L-110-WILLOW,4317069.321,326346.972,2939.211,CP-PLOT,26913,,,
111-ER18,L-111-WILLOW,4317075.461,326348.717,2940.08,CP-PLOT,26913,,,
112-ER18,L-112-POTENTILLA,4317164.105,326301.647,2954.066,CP-PLOT,26913,,,
113-ER18,L-113-POTENTILLA,4317182.936,326309.96,2953.763,CP-PLOT,26913,,,
114-ER18,TR-114,4317278.85,326431.982,2969.103,CP-PLOT,26913,,,
115-ER18,TR-115,4317286.067,326440.71,2967.894,CP-PLOT,26913,,,
116-ER18,TR-116,4317413.581,326303.154,2968.351,CP-PLOT,26913,,,
117-ER18,TR-117,4317405.799,326295.445,2967.163,CP-PLOT,26913,,,
118-ER18,TR-118-ASPEN,4317497.988,326215.736,2973.11,CP-PLOT,26913,,,
119-ER18,TR-119,4317503.869,326206.983,2965.288,CP-PLOT,26913,,,
120-ER18,TR-120,4316745.565,325998.525,2964.418,CP-PLOT,26913,,,
121-ER18,TR-121,4316737.874,325954.043,2980.353,CP-PLOT,26913,,,
122-ER18,TR-122,4316775.552,325886.809,2996.17,CP-PLOT,26913,,,
123-ER18,TR-123,4316816.199,325881.741,2998.312,CP-PLOT,26913,,,
124-ER18,TR-124,4311944.672,325653.101,3020.919,CP-PLOT,26913,,,
125-ER18,TR-125,4311929.594,325660.025,3016.775,CP-PLOT,26913,,,
126-ER18,TR-126,4311936.039,325585.719,3015.41,CP-PLOT,26913,,,
127-ER18,TR-127,4311925.014,325566.502,3010.613,CP-PLOT,26913,,,
128-ER18,TR-128,4312025.22,325475.506,3017.244,CP-PLOT,26913,,,
129-ER18,TR-129,4312009.781,325468.835,3013.854,CP-PLOT,26913,,,
130-ER18,TR-130,4311743.696,325488.843,2972.269,CP-PLOT,26913,,,
131-ER18,TR-131,4311752.527,325540.21,2971.113,CP-PLOT,26913,,,
132-ER18,TR-132-ASPEN,4311740.743,325652.058,2982.266,CP-PLOT,26913,,,
133-ER18,TR-133-ASPEN,4311676.948,325621.295,2974.895,CP-PLOT,26913,,,
133-ER18,TR-133-ASPEN1,4311673.42,325619.859,2972.147,CP-PLOT,26913,,,
133-ER18,TR-133-ASPEN2,4311673.94,325619.028,2975.07,CP-PLOT,26913,,,
134-ER18,L-134,4311716.765,325517.117,2968.971,CP-PLOT,26913,,,
135-ER18,L-135,4311697.598,325515.027,2966.766,CP-PLOT,26913,,,
135-ER18,L-135-WILLOW1,4311698.703,325554.662,2965.884,CP-PLOT,26913,,,
136-ER18,L-136-POTENTILLA,4311695.276,325579.748,2966.56,CP-PLOT,26913,,,
137-ER18,L-137-WILLOW,4311638.087,325559.321,2961.754,CP-PLOT,26913,,,
138-ER18,L-138-SAGE,4311588.691,325608.583,2962.792,CP-PLOT,26913,,,
139-ER18,L-139-SAGE,4311536.651,325591.949,2956.169,CP-PLOT,26913,,,
140-ER18,L-140,4311541.345,325479.687,2951.467,CP-PLOT,26913,,,
141-ER18,L-141,4311565.036,325497.882,2954.202,CP-PLOT,26913,,,
142-ER18,L-142,4311640.69,325521.24,2961.693,CP-PLOT,26913,,,
144-ER18,144-A,4317319.357,326568.014,2989.681,CP-PLOT,26913,,,
144-ER18,144-B,4317319.547,326567.036,2989.584,CP-PLOT,26913,,,
144-ER18,144-C,4317320.512,326567.189,2989.715,CP-PLOT,26913,,,
144-ER18,144-D,4317320.296,326568.184,2989.857,CP-PLOT,26913,,,
145-ER18,145-A,4317330.133,326565.948,2990.268,CP-PLOT,26913,,,
145-ER18,145-B,4317330.31,326565.04,2990.161,CP-PLOT,26913,,,
145-ER18,145-C,4317331.333,326565.219,2990.314,CP-PLOT,26913,,,
145-ER18,145-D,4317331.109,326566.218,2990.5,CP-PLOT,26913,,,
146-ER18,146-A,4317311.087,326551.16,2985.809,CP-PLOT,26913,,,
146-ER18,146-B,4317311.054,326550.143,2985.661,CP-PLOT,26913,,,
146-ER18,146-C,4317312.057,326550.175,2985.68,CP-PLOT,26913,,,
146-ER18,146-D,4317312.063,326551.087,2985.808,CP-PLOT,26913,,,
147-ER18,147-A,4317299.78,326529.238,2981.976,CP-PLOT,26913,,,
147-ER18,147-B,4317299.797,326528.186,2981.885,CP-PLOT,26913,,,
147-ER18,147-C,4317300.642,326528.409,2982.006,CP-PLOT,26913,,,
147-ER18,147-D,4317300.665,326529.458,2982.148,CP-PLOT,26913,,,
148-ER18,148-A,4317272.581,326510.691,2978.163,CP-PLOT,26913,,,
148-ER18,148-B,4317272.689,326509.735,2978.036,CP-PLOT,26913,,,
148-ER18,148-C,4317273.684,326509.836,2978.102,CP-PLOT,26913,,,
148-ER18,148-D,4317273.573,326510.812,2978.318,CP-PLOT,26913,,,
149-ER18,149-A,4317291.718,326504.389,2978.235,CP-PLOT,26913,,,
149-ER18,149-B,4317291.803,326503.364,2978.027,CP-PLOT,26913,,,
149-ER18,149-C,4317292.849,326503.447,2978.116,CP-PLOT,26913,,,
149-ER18,149-D,4317292.761,326504.469,2978.239,CP-PLOT,26913,,,
150-ER18,150-A,4317257.202,326490.235,2974.426,CP-PLOT,26913,,,
150-ER18,150-B,4317257.215,326489.273,2974.322,CP-PLOT,26913,,,
150-ER18,150-C,4317258.245,326489.293,2974.374,CP-PLOT,26913,,,
150-ER18,150-D,4317258.288,326490.337,2974.446,CP-PLOT,26913,,,
151-ER18,151-A,4317279.242,326499.094,2977.044,CP-PLOT,26913,,,
151-ER18,151-B,4317279.624,326498.175,2976.891,CP-PLOT,26913,,,
151-ER18,151-C,4317280.589,326498.535,2977.044,CP-PLOT,26913,,,
151-ER18,151-D,4317280.1,326499.427,2977.171,CP-PLOT,26913,,,
152-ER18,152-B,4317193.014,326415.233,2958.382,CP-PLOT,26913,,,
152-ER18,152-C,4317194.023,326415.287,2958.485,CP-PLOT,26913,,,
152-ER18,152-D,4317194.02,326416.303,2958.576,CP-PLOT,26913,,,
152-ER18,152-A,4317192.987,326416.155,2958.588,CP-PLOT,26913,,,
153-ER18,153-A,4317269.705,326486.461,2974.906,CP-PLOT,26913,,,
153-ER18,153-B,4317269.784,326485.381,2974.865,CP-PLOT,26913,,,
153-ER18,153-C,4317270.987,326485.58,2974.903,CP-PLOT,26913,,,
153-ER18,153-D,4317270.832,326486.647,2975.056,CP-PLOT,26913,,,
154-ER18,154-A,4316792.703,325923.618,2981.659,CP-PLOT,26913,,,
154-ER18,154-B,4316792.531,325922.609,2982.046,CP-PLOT,26913,,,
154-ER18,154-C,4316793.668,325922.592,2981.93,CP-PLOT,26913,,,
154-ER18,154-D,4316793.719,325923.444,2981.66,CP-PLOT,26913,,,
155-ER18,155-A,4317271.023,326455.018,2971.351,CP-PLOT,26913,,,
155-ER18,155-B,4317270.987,326454.028,2971.153,CP-PLOT,26913,,,
155-ER18,155-C,4317272.006,326454.037,2971.203,CP-PLOT,26913,,,
155-ER18,155-D,4317272.095,326455.053,2971.361,CP-PLOT,26913,,,
156-ER18,156-A,4316796.259,325937.078,2977.466,CP-PLOT,26913,,,
156-ER18,156-B,4316796.794,325935.882,2977.752,CP-PLOT,26913,,,
156-ER18,156-C,4316797.575,325936.424,2977.485,CP-PLOT,26913,,,
156-ER18,156-D,4316797.02,325937.46,2977.222,CP-PLOT,26913,,,
157-ER18,157-A,4316794.351,325948.691,2973.001,CP-PLOT,26913,,,
157-ER18,157-B,4316794.85,325947.884,2973.262,CP-PLOT,26913,,,
157-ER18,157-D,4316795.227,325949.142,2972.814,CP-PLOT,26913,,,
157-ER18,157-C,4316795.761,325948.263,2973.066,CP-PLOT,26913,,,
158-ER18,158-A,4316798.48,325953.041,2971.456,CP-PLOT,26913,,,
158-ER18,158-B,4316798.078,325952.061,2971.847,CP-PLOT,26913,,,
158-ER18,158-C,4316799.106,325951.819,2971.877,CP-PLOT,26913,,,
158-ER18,158-D,4316799.282,325952.724,2971.52,CP-PLOT,26913,,,
160-ER18,160-A,4316806.152,325965.46,2966.801,CP-PLOT,26913,,,
160-ER18,160-B,4316806.359,325964.6,2967.09,CP-PLOT,26913,,,
160-ER18,160-C,4316807.462,325964.724,2966.768,CP-PLOT,26913,,,
160-ER18,160-D,4316807.172,325965.647,2966.453,CP-PLOT,26913,,,
161-ER18,161-A,4316807.933,325969.914,2965.473,CP-PLOT,26913,,,
161-ER18,161-B,4316808.306,325968.979,2965.562,CP-PLOT,26913,,,
161-ER18,161-C,4316809.236,325969.304,2965.341,CP-PLOT,26913,,,
161-ER18,161-D,4316808.958,325970.243,2965.175,CP-PLOT,26913,,,
162-ER18,162-A,4316808.72,325976.975,2963.566,CP-PLOT,26913,,,
162-ER18,162-B,4316809.069,325976.057,2963.744,CP-PLOT,26913,,,
162-ER18,162-C,4316810.129,325976.327,2963.554,CP-PLOT,26913,,,
162-ER18,162-D,4316809.753,325977.386,2963.331,CP-PLOT,26913,,,
163-ER18,163-A,4316816.08,325986.261,2960.376,CP-PLOT,26913,,,
163-ER18,163-B,4316816.441,325985.377,2960.459,CP-PLOT,26913,,,
163-ER18,163-C,4316817.392,325985.79,2960.296,CP-PLOT,26913,,,
163-ER18,163-D,4316817.071,325986.524,2960.19,CP-PLOT,26913,,,
164-ER18,164-A,4311757.052,325582.261,2975.86,CP-PLOT,26913,,,
164-ER18,164-B,4311757.234,325581.326,2975.78,CP-PLOT,26913,,,
164-ER18,164-C,4311758.176,325581.586,2975.94,CP-PLOT,26913,,,
164-ER18,164-D,4311757.917,325582.519,2975.947,CP-PLOT,26913,,,
165-ER18,165-A,4311750.011,325586.093,2974.579,CP-PLOT,26913,,,
165-ER18,165-B,4311750.121,325585.178,2974.495,CP-PLOT,26913,,,
165-ER18,165-C,4311751.094,325585.264,2974.716,CP-PLOT,26913,,,
165-ER18,165-D,4311750.75,325586.198,2974.663,CP-PLOT,26913,,,
166-ER18,166-A,4311745.555,325571.35,2972.884,CP-PLOT,26913,,,
166-ER18,166-B,4311745.753,325570.482,2972.949,CP-PLOT,26913,,,
166-ER18,166-C,4311746.696,325570.582,2973.133,CP-PLOT,26913,,,
166-ER18,166-D,4311746.373,325571.662,2973.12,CP-PLOT,26913,,,
167-ER18,167-A,4311737.573,325566.568,2971.197,CP-PLOT,26913,,,
167-ER18,167-B,4311737.81,325565.552,2971.086,CP-PLOT,26913,,,
167-ER18,167-C,4311738.803,325565.748,2971.244,CP-PLOT,26913,,,
167-ER18,167-D,4311738.526,325566.65,2971.314,CP-PLOT,26913,,,
168-ER18,168-A,4311723.295,325564.278,2968.938,CP-PLOT,26913,,,
168-ER18,168-B,4311723.498,325563.279,2968.939,CP-PLOT,26913,,,
168-ER18,168-C,4311724.4,325563.47,2969.112,CP-PLOT,26913,,,
168-ER18,168-D,4311724.177,325564.431,2969.12,CP-PLOT,26913,,,
169-ER18,169-A,4311762.092,325636.345,2982.221,CP-PLOT,26913,,,
169-ER18,169-B,4311762.5,325635.264,2982.254,CP-PLOT,26913,,,
169-ER18,169-C,4311763.381,325635.586,2982.335,CP-PLOT,26913,,,
169-ER18,169-D,4311763.048,325636.582,2982.321,CP-PLOT,26913,,,
170-ER18,170-A,4311755.878,325639.529,2982.106,CP-PLOT,26913,,,
170-ER18,170-B,4311756.197,325638.53,2981.936,CP-PLOT,26913,,,
170-ER18,170-C,4311757.125,325638.941,2982.131,CP-PLOT,26913,,,
170-ER18,170-D,4311756.842,325639.785,2982.245,CP-PLOT,26913,,,
171-ER18,171-A,4311741.52,325632.717,2979.117,CP-PLOT,26913,,,
171-ER18,171-B,4311741.658,325631.795,2978.74,CP-PLOT,26913,,,
171-ER18,171-C,4311742.693,325631.94,2978.857,CP-PLOT,26913,,,
171-ER18,171-D,4311742.446,325632.993,2979.207,CP-PLOT,26913,,,
172-ER18,172-A,4311750.673,325623.102,2978.392,CP-PLOT,26913,,,
172-ER18,172-B,4311750.729,325622.082,2978.171,CP-PLOT,26913,,,
172-ER18,172-C,4311751.784,325622.367,2978.381,CP-PLOT,26913,,,
172-ER18,172-D,4311751.585,325623.317,2978.631,CP-PLOT,26913,,,
173-ER18,173-A,4311732.693,325612.927,2973.33,CP-PLOT,26913,,,
173-ER18,173-B,4311733.049,325611.906,2973.268,CP-PLOT,26913,,,
173-ER18,173-C,4311734.022,325612.206,2973.47,CP-PLOT,26913,,,
173-ER18,173-D,4311733.709,325613.124,2973.543,CP-PLOT,26913,,,
174-ER18,174-A,4311639.841,325622.059,2970.896,CP-PLOT,26913,,,
174-ER18,174-B,4311639.958,325621.055,2970.951,CP-PLOT,26913,,,
174-ER18,174-C,4311640.83,325621.137,2971.35,CP-PLOT,26913,,,
174-ER18,174-D,4311640.737,325622.228,2971.304,CP-PLOT,26913,,,
176-ER18,176-A,4311617.04,325623.59,2963.789,CP-PLOT,26913,,,
176-ER18,176-B,4311617.074,325622.497,2963.827,CP-PLOT,26913,,,
176-ER18,176-C,4311618.092,325622.636,2964.048,CP-PLOT,26913,,,
176-ER18,176-D,4311617.993,325623.701,2964.057,CP-PLOT,26913,,,
177-ER18,TR-177-ENGLMAN,4302923.391,318021.79,3009.885,CP-PLOT,26913,,,
177-ER18,177-A,4311610.154,325623.384,2962.922,CP-PLOT,26913,,,
177-ER18,177-B,4311610.147,325622.355,2962.971,CP-PLOT,26913,,,
177-ER18,177-C,4311611.235,325622.523,2962.988,CP-PLOT,26913,,,
177-ER18,177-D,4311611.133,325623.571,2962.966,CP-PLOT,26913,,,
178-ER18,TR-178-ENGLMAN,4303059.96,317967.631,3013.723,CP-PLOT,26913,,,
178-ER18,178-A,4311601.079,325635.017,2961.737,CP-PLOT,26913,,,
178-ER18,178-B,4311601.385,325633.995,2961.788,CP-PLOT,26913,,,
178-ER18,178-C,4311602.34,325634.273,2961.836,CP-PLOT,26913,,,
178-ER18,178-D,4311602.143,325635.36,2961.809,CP-PLOT,26913,,,
179-ER18,TR-179-ENGLMAN,4303057.382,317945.816,3016.961,CP-PLOT,26913,,,
179-ER18,179-A,4311487.667,325632.226,2947.49,CP-PLOT,26913,,,
179-ER18,179-B,4311487.979,325631.161,2947.502,CP-PLOT,26913,,,
179-ER18,179-C,4311488.933,325631.515,2947.503,CP-PLOT,26913,,,
179-ER18,179-D,4311488.631,325632.57,2947.467,CP-PLOT,26913,,,
180-ER18,180-A,4311474.373,325636.805,2947.001,CP-PLOT,26913,,,
180-ER18,180-B,4311474.561,325635.822,2947.022,CP-PLOT,26913,,,
180-ER18,180-C,4311475.66,325636.022,2947.036,CP-PLOT,26913,,,
180-ER18,180-D,4311475.374,325637.044,2947.036,CP-PLOT,26913,,,
181-ER18,TR-181,4302963.92,317898.41,3037.182,CP-PLOT,26913,,,
181-ER18,181-A,4311452.879,325622.963,2947.042,CP-PLOT,26913,,,
181-ER18,181-B,4311453.041,325621.872,2946.977,CP-PLOT,26913,,,
181-ER18,181-C,4311454.031,325622.021,2947.111,CP-PLOT,26913,,,
181-ER18,181-D,4311453.888,325623.012,2947.128,CP-PLOT,26913,,,
182-ER18,182-A,4311448.278,325600.836,2944.762,CP-PLOT,26913,,,
182-ER18,182-B,4311448.477,325599.758,2944.782,CP-PLOT,26913,,,
182-ER18,182-C,4311449.477,325599.967,2944.795,CP-PLOT,26913,,,
182-ER18,182-D,4311449.339,325601.053,2944.77,CP-PLOT,26913,,,
183-ER18,TR-183,4302989.603,318506.278,3014.08,CP-PLOT,26913,,,
183-ER18,183-A,4311436.431,325595.99,2944.404,CP-PLOT,26913,,,
183-ER18,183-B,4311436.338,325594.987,2944.46,CP-PLOT,26913,,,
183-ER18,183-C,4311437.303,325594.935,2944.498,CP-PLOT,26913,,,
183-ER18,183-D,4311437.437,325595.931,2944.509,CP-PLOT,26913,,,
184-ER18,TR-184-ASPEN,4302999.684,318549.198,3031.47,CP-PLOT,26913,,,
185-ER18,TR-185-ASPEN,4303106.655,318557.795,3069.297,CP-PLOT,26913,,,
186-ER18,TR-186-ASPEN,4303140.246,318466.2,3045.799,CP-PLOT,26913,,,
187-ER18,TR-187-ENGLMAN,4303096.469,318428.445,3019.849,CP-PLOT,26913,,,
188-ER18,TR-188-SUBALPINE-FIR,4302967.819,318501.214,3005.639,CP-PLOT,26913,,,
189-ER18,L-189,4303137.38,318054.842,3004.488,CP-PLOT,26913,,,
190-ER18,L-190,4303105.933,318067.682,3003.113,CP-PLOT,26913,,,
191-ER18,L-191,4303010.737,318059.829,3005.276,CP-PLOT,26913,,,
192-ER18,L-192-WILLOW,4302969.135,318036.177,3006.958,CP-PLOT,26913,,,
193-ER18,L-193-WILLOW,4303029.357,318097.698,3000.12,CP-PLOT,26913,,,
194-ER18,L-194,4303087.208,318212.225,3000.006,CP-PLOT,26913,,,
195-ER18,L-195,4302965.175,318412.778,2994.298,CP-PLOT,26913,,,
196-ER18,L-196-POTENTILLA,4302990.527,318449.714,3002.642,CP-PLOT,26913,,,
197-ER18,L-197,4302953.211,318468.886,2999.138,CP-PLOT,26913,,,
198-ER18,L-198,4303017.363,318419.145,3005.695,CP-PLOT,26913,,,
199-ER18,199-A,4303048.243,318002.729,3010.616,CP-PLOT,26913,,,
199-ER18,199-B,4303048.491,318001.668,3010.72,CP-PLOT,26913,,,
199-ER18,199-C,4303049.508,318001.919,3010.59,CP-PLOT,26913,,,
199-ER18,199-D,4303049.18,318002.98,3010.509,CP-PLOT,26913,,,
200-ER18,200-A,4303054.052,318014.612,3008.88,CP-PLOT,26913,,,
200-ER18,200-B,4303053.997,318013.603,3008.914,CP-PLOT,26913,,,
200-ER18,200-C,4303054.964,318013.504,3008.875,CP-PLOT,26913,,,
200-ER18,200-D,4303055.136,318014.586,3008.75,CP-PLOT,26913,,,
201-ER18,201-A,4303060.112,318030.849,3006.231,CP-PLOT,26913,,,
201-ER18,201-B,4303059.894,318029.779,3006.38,CP-PLOT,26913,,,
201-ER18,201-C,4303060.939,318029.645,3006.266,CP-PLOT,26913,,,
201-ER18,201-D,4303061.122,318030.624,3006.148,CP-PLOT,26913,,,
202-ER18,202-A,4303069.58,318032.443,3004.969,CP-PLOT,26913,,,
202-ER18,202-B,4303069.331,318031.5,3005.136,CP-PLOT,26913,,,
202-ER18,202-C,4303070.416,318031.237,3005.067,CP-PLOT,26913,,,
202-ER18,202-D,4303070.634,318032.247,3004.928,CP-PLOT,26913,,,
204-ER18,204-A,4302940.438,318443.575,2996.03,CP-PLOT,26913,,,
204-ER18,204-B,4302940.76,318442.486,2995.912,CP-PLOT,26913,,,
204-ER18,204-C,4302941.837,318442.81,2996.013,CP-PLOT,26913,,,
204-ER18,204-D,4302941.456,318443.855,2996.119,CP-PLOT,26913,,,
205-ER18,205-A,4302960.908,318460.836,2999.361,CP-PLOT,26913,,,
205-ER18,205-B,4302961.119,318459.802,2999.267,CP-PLOT,26913,,,
205-ER18,205-C,4302962.191,318459.926,2999.416,CP-PLOT,26913,,,
205-ER18,205-D,4302961.987,318461.112,2999.48,CP-PLOT,26913,,,
206-ER18,206-A,4302967.743,318463.865,3000.453,CP-PLOT,26913,,,
206-ER18,206-B,4302967.786,318462.827,3000.442,CP-PLOT,26913,,,
206-ER18,206-C,4302968.87,318462.923,3000.599,CP-PLOT,26913,,,
206-ER18,206-D,4302968.729,318463.958,3000.718,CP-PLOT,26913,,,
207-ER18,207-A,4302976.116,318468.3,3002.403,CP-PLOT,26913,,,
207-ER18,207-B,4302976.474,318467.296,3002.282,CP-PLOT,26913,,,
207-ER18,207-C,4302977.451,318467.653,3002.556,CP-PLOT,26913,,,
207-ER18,207-D,4302976.962,318468.623,3002.568,CP-PLOT,26913,,,
208-ER18,208-A,4303030.588,317970.894,3014.724,CP-PLOT,26913,,,
208-ER18,208-B,4303030.862,317969.754,3014.852,CP-PLOT,26913,,,
208-ER18,208-C,4303031.8,317970.162,3014.835,CP-PLOT,26913,,,
208-ER18,208-D,4303031.5,317971.24,3014.694,CP-PLOT,26913,,,
211-ER18,211-A,4302992.473,318482.143,3009.082,CP-PLOT,26913,,,
211-ER18,211-B,4302992.648,318481.2,3008.905,CP-PLOT,26913,,,
211-ER18,211-C,4302993.634,318481.289,3009.234,CP-PLOT,26913,,,
211-ER18,211-D,4302993.423,318482.396,3009.407,CP-PLOT,26913,,,
212-ER18,212-A,4302999.692,318487.178,3012.39,CP-PLOT,26913,,,
212-ER18,212-B,4302999.906,318486.14,3012.217,CP-PLOT,26913,,,
212-ER18,212-C,4303000.88,318486.348,3012.652,CP-PLOT,26913,,,
212-ER18,212-D,4303000.544,318487.391,3012.815,CP-PLOT,26913,,,
213-ER18,213-A,4303004.292,318491.247,3015.113,CP-PLOT,26913,,,
213-ER18,213-B,4303004.54,318490.237,3015.044,CP-PLOT,26913,,,
213-ER18,213-C,4303005.612,318490.461,3015.441,CP-PLOT,26913,,,
213-ER18,213-D,4303005.171,318491.518,3015.639,CP-PLOT,26913,,,
214-ER18,214-A,4303015.674,318499.688,3021.459,CP-PLOT,26913,,,
214-ER18,214-B,4303016.015,318498.694,3021.334,CP-PLOT,26913,,,
214-ER18,214-C,4303016.998,318499.03,3021.735,CP-PLOT,26913,,,
214-ER18,214-D,4303016.636,318499.974,3021.869,CP-PLOT,26913,,,
215-ER18,215-A,4303022.856,318504.726,3025.494,CP-PLOT,26913,,,
215-ER18,215-B,4303023.3,318503.756,3025.338,CP-PLOT,26913,,,
215-ER18,215-C,4303024.157,318504.157,3025.732,CP-PLOT,26913,,,
215-ER18,215-D,4303023.715,318505.154,3025.964,CP-PLOT,26913,,,
216-ER18,216-A,4303029.053,318510.619,3029.507,CP-PLOT,26913,,,
216-ER18,216-B,4303029.356,318509.585,3029.291,CP-PLOT,26913,,,
216-ER18,216-C,4303030.272,318509.849,3029.761,CP-PLOT,26913,,,
216-ER18,216-D,4303029.959,318510.806,3030.031,CP-PLOT,26913,,,
217-ER18,217-A,4303059.186,318505.277,3039.632,CP-PLOT,26913,,,
217-ER18,217-B,4303059.493,318504.273,3039.565,CP-PLOT,26913,,,
217-ER18,217-C,4303060.431,318504.541,3039.909,CP-PLOT,26913,,,
217-ER18,217-D,4303060.13,318505.575,3040.008,CP-PLOT,26913,,,
218-ER18,218-A,4303071.413,318515.566,3046.957,CP-PLOT,26913,,,
218-ER18,218-B,4303071.852,318514.658,3046.766,CP-PLOT,26913,,,
218-ER18,218-C,4303072.762,318514.996,3047.121,CP-PLOT,26913,,,
218-ER18,218-D,4303072.301,318515.938,3047.367,CP-PLOT,26913,,,
219-ER18,219-A,4314546.206,324116.396,3226.917,CP-PLOT,26913,,,
219-ER18,219-B,4314546.488,324115.296,3226.941,CP-PLOT,26913,,,
219-ER18,219-C,4314547.564,324115.597,3227.23,CP-PLOT,26913,,,
219-ER18,219-D,4314547.217,324116.695,3227.299,CP-PLOT,26913,,,
220-ER18,220-A,4314539.627,324110.251,3224.277,CP-PLOT,26913,,,
220-ER18,220-B,4314540.03,324109.207,3224.234,CP-PLOT,26913,,,
220-ER18,220-C,4314540.985,324109.597,3224.509,CP-PLOT,26913,,,
220-ER18,220-D,4314540.57,324110.622,3224.56,CP-PLOT,26913,,,
221-ER18,221-A,4314532.768,324104.31,3221.006,CP-PLOT,26913,,,
221-ER18,221-B,4314532.91,324103.257,3220.929,CP-PLOT,26913,,,
221-ER18,221-C,4314533.851,324103.276,3221.299,CP-PLOT,26913,,,
221-ER18,221-D,4314533.748,324104.43,3221.419,CP-PLOT,26913,,,
222-ER18,222-A,4314527.873,324100.471,3218.813,CP-PLOT,26913,,,
222-ER18,222-B,4314528.209,324099.496,3218.742,CP-PLOT,26913,,,
222-ER18,222-C,4314529.168,324099.744,3219.09,CP-PLOT,26913,,,
222-ER18,222-D,4314528.799,324100.797,3219.057,CP-PLOT,26913,,,
223-ER18,223-A,4314515.071,324101.107,3213.97,CP-PLOT,26913,,,
223-ER18,223-B,4314515.334,324100.071,3213.953,CP-PLOT,26913,,,
223-ER18,223-C,4314516.311,324100.329,3214.348,CP-PLOT,26913,,,
223-ER18,223-D,4314516.034,324101.376,3214.442,CP-PLOT,26913,,,
224-ER18,224-A,4314498.802,324091.1,3205.842,CP-PLOT,26913,,,
224-ER18,224-B,4314499.001,324090.01,3205.655,CP-PLOT,26913,,,
224-ER18,224-C,4314499.987,324090.103,3206.007,CP-PLOT,26913,,,
224-ER18,224-D,4314499.807,324091.23,3206.184,CP-PLOT,26913,,,
225-ER18,225-A,4314494.922,324085.209,3203.85,CP-PLOT,26913,,,
225-ER18,225-B,4314495.186,324084.108,3203.806,CP-PLOT,26913,,,
225-ER18,225-C,4314496.199,324084.334,3204.134,CP-PLOT,26913,,,
225-ER18,225-D,4314495.976,324085.431,3204.212,CP-PLOT,26913,,,
226-ER18,226-A,4314496.804,324078.499,3203.631,CP-PLOT,26913,,,
226-ER18,226-B,4314497.083,324077.452,3203.647,CP-PLOT,26913,,,
226-ER18,226-C,4314498.087,324077.672,3203.906,CP-PLOT,26913,,,
226-ER18,226-D,4314497.784,324078.81,3203.954,CP-PLOT,26913,,,
227-ER18,227-A,4314487.565,324073.563,3201.238,CP-PLOT,26913,,,
227-ER18,227-B,4314487.681,324072.478,3201.216,CP-PLOT,26913,,,
227-ER18,227-C,4314488.749,324072.687,3201.424,CP-PLOT,26913,,,
227-ER18,227-D,4314488.533,324073.805,3201.439,CP-PLOT,26913,,,
228-ER18,228-A,4314472.84,324065.461,3198.581,CP-PLOT,26913,,,
228-ER18,228-B,4314472.908,324064.476,3198.627,CP-PLOT,26913,,,
228-ER18,228-C,4314473.983,324064.5,3198.8,CP-PLOT,26913,,,
228-ER18,228-D,4314473.819,324065.722,3198.723,CP-PLOT,26913,,,
229-ER18,229-A,4314498.432,324148.017,3215.022,CP-PLOT,26913,,,
229-ER18,229-B,4314498.48,324147.009,3215.159,CP-PLOT,26913,,,
229-ER18,229-C,4314499.39,324147.132,3215.535,CP-PLOT,26913,,,
229-ER18,229-D,4314499.353,324148.113,3215.378,CP-PLOT,26913,,,
232-ER18,232-A,4314468.701,324148.924,3201.111,CP-PLOT,26913,,,
232-ER18,232-B,4314468.8,324148.214,3201.506,CP-PLOT,26913,,,
232-ER18,232-C,4314469.735,324148.356,3201.774,CP-PLOT,26913,,,
232-ER18,232-D,4314469.628,324149.222,3201.475,CP-PLOT,26913,,,
233-ER18,233-A,4314464.39,324150.671,3198.632,CP-PLOT,26913,,,
233-ER18,233-B,4314464.78,324149.907,3199.042,CP-PLOT,26913,,,
233-ER18,233-C,4314465.504,324150.195,3199.26,CP-PLOT,26913,,,
233-ER18,233-D,4314465.22,324151.185,3198.933,CP-PLOT,26913,,,
234-ER18,234-A,4314461.779,324147.76,3198.057,CP-PLOT,26913,,,
234-ER18,234-B,4314462.012,324146.673,3198.361,CP-PLOT,26913,,,
234-ER18,234-C,4314462.823,324146.871,3198.705,CP-PLOT,26913,,,
234-ER18,234-D,4314462.668,324147.886,3198.412,CP-PLOT,26913,,,
235-ER18,235-A,4314456.63,324132.555,3198.765,CP-PLOT,26913,,,
235-ER18,235-B,4314456.578,324131.576,3198.929,CP-PLOT,26913,,,
235-ER18,235-C,4314457.39,324131.565,3199.314,CP-PLOT,26913,,,
235-ER18,235-D,4314457.484,324132.584,3199.294,CP-PLOT,26913,,,
236-ER18,236-A,4314383.84,324143.494,3162.424,CP-PLOT,26913,,,
236-ER18,236-B,4314384.213,324142.699,3162.844,CP-PLOT,26913,,,
236-ER18,236-C,4314385.07,324143.157,3162.948,CP-PLOT,26913,,,
236-ER18,236-D,4314384.486,324143.99,3162.464,CP-PLOT,26913,,,
237-ER18,237-A,4314371.985,324142.081,3159.544,CP-PLOT,26913,,,
237-ER18,237-D,4314372.756,324142.177,3159.67,CP-PLOT,26913,,,
237-ER18,237-B,4314371.87,324141.127,3159.909,CP-PLOT,26913,,,
237-ER18,237-C,4314372.667,324141.166,3160.072,CP-PLOT,26913,,,
238-ER18,238-A,4314361.359,324139.207,3157.801,CP-PLOT,26913,,,
238-ER18,238-D,4314362.287,324139.184,3158.061,CP-PLOT,26913,,,
238-ER18,238-C,4314362.371,324138.334,3158.469,CP-PLOT,26913,,,
238-ER18,238-B,4314361.486,324138.453,3158.112,CP-PLOT,26913,,,
239-ER18,L-239,4314564.416,324155.213,3232.098,CP-PLOT,26913,,,
240-ER18,L-240,4314578.219,324136.989,3235.858,CP-PLOT,26913,,,
241-ER18,L-241,4314475.329,324155.686,3202.728,CP-PLOT,26913,,,
242-ER18,L-242,4314461.549,324171.91,3194.183,CP-PLOT,26913,,,
243-ER18,L-243-WILLOW,4314425.346,324106.573,3192.169,CP-PLOT,26913,,,
244-ER18,L-244,4314386.697,324154.231,3160.074,CP-PLOT,26913,,,
245-ER18,L-245-WILLOW,4314372.253,324149.005,3158.223,CP-PLOT,26913,,,
246-ER18,L-246-WILLOW,4314329.676,324150.116,3146.789,CP-PLOT,26913,,,
247-ER18,L-247,4314306.547,324146.133,3142.823,CP-PLOT,26913,,,
248-ER18,L-248-WILLOW1,4314373.54,323943.045,3161.766,CP-PLOT,26913,,,
249-ER18,TR-249-ASPEN,4314463.284,324238.706,3186.595,CP-PLOT,26913,,,
250-ER18,TR-250-ASPEN,4314466.898,324201.212,3196.024,CP-PLOT,26913,,,
251-ER18,TR-251,4314500.085,324236.336,3202.779,CP-PLOT,26913,,,
252-ER18,TR-252,4314525.555,324217.962,3214.097,CP-PLOT,26913,,,
253-ER18,TR-253,4314535.298,324172.827,3228.848,CP-PLOT,26913,,,
254-ER18,TR-254,4314537.279,324173.579,3229.339,CP-PLOT,26913,,,
255-ER18,TR-255,4314669.095,324178.636,3246.032,CP-PLOT,26913,,,
256-ER18,TR-256,4314666.782,324262.571,3246.371,CP-PLOT,26913,,,
257-ER18,TR-257,4314673.722,324352.824,3246.25,CP-PLOT,26913,,,
258-ER18,TR-258,4314597.729,324128.711,3235.078,CP-PLOT,26913,,,
259-ER18,259-A,4316475.449,323276.971,3479.455,CP-PLOT,26913,,,
259-ER18,259-B,4316475.756,323276.038,3479.495,CP-PLOT,26913,,,
259-ER18,259-C,4316476.72,323276.338,3479.453,CP-PLOT,26913,,,
259-ER18,259-D,4316476.426,323277.29,3479.455,CP-PLOT,26913,,,
260-ER18,260-A,4316504.238,323255.378,3478.945,CP-PLOT,26913,,,
260-ER18,260-B,4316504.369,323254.375,3478.981,CP-PLOT,26913,,,
260-ER18,260-C,4316505.313,323254.459,3478.892,CP-PLOT,26913,,,
260-ER18,260-D,4316505.214,323255.492,3478.866,CP-PLOT,26913,,,
261-ER18,261-A,4316534.459,323258.18,3476.824,CP-PLOT,26913,,,
261-ER18,261-B,4316534.954,323257.301,3476.81,CP-PLOT,26913,,,
261-ER18,261-C,4316535.833,323257.799,3476.722,CP-PLOT,26913,,,
261-ER18,261-D,4316535.344,323258.683,3476.775,CP-PLOT,26913,,,
262-ER18,262-A,4316600.225,323294.259,3472.506,CP-PLOT,26913,,,
262-ER18,262-B,4316600.784,323293.503,3472.53,CP-PLOT,26913,,,
262-ER18,262-C,4316601.596,323294.078,3472.546,CP-PLOT,26913,,,
262-ER18,262-D,4316601.034,323294.858,3472.49,CP-PLOT,26913,,,
263-ER18,263-A,4316558.809,323271.722,3474.482,CP-PLOT,26913,,,
263-ER18,263-B,4316559.384,323270.9,3474.469,CP-PLOT,26913,,,
263-ER18,263-C,4316560.166,323271.457,3474.345,CP-PLOT,26913,,,
263-ER18,263-D,4316559.611,323272.293,3474.419,CP-PLOT,26913,,,
264-ER18,264-A,4316551.926,323285.012,3474.455,CP-PLOT,26913,,,
264-ER18,264-B,4316552.4,323284.142,3474.461,CP-PLOT,26913,,,
264-ER18,264-C,4316553.274,323284.603,3474.363,CP-PLOT,26913,,,
264-ER18,264-D,4316552.817,323285.481,3474.36,CP-PLOT,26913,,,
265-ER18,265-A,4316586.694,323298.204,3472.174,CP-PLOT,26913,,,
265-ER18,265-B,4316587.327,323297.475,3472.315,CP-PLOT,26913,,,
265-ER18,265-C,4316588.134,323298.048,3472.251,CP-PLOT,26913,,,
265-ER18,265-D,4316587.528,323298.856,3472.225,CP-PLOT,26913,,,
266-ER18,266-A,4316637.147,323286.236,3472.889,CP-PLOT,26913,,,
266-ER18,266-B,4316637.795,323285.571,3472.941,CP-PLOT,26913,,,
266-ER18,266-C,4316638.618,323286.19,3472.903,CP-PLOT,26913,,,
266-ER18,266-D,4316638.044,323286.858,3472.879,CP-PLOT,26913,,,
267-ER18,267-A,4316636.148,323278.317,3473.231,CP-PLOT,26913,,,
267-ER18,267-B,4316636.682,323277.52,3473.316,CP-PLOT,26913,,,
267-ER18,267-C,4316637.545,323278.213,3473.323,CP-PLOT,26913,,,
267-ER18,267-D,4316636.959,323278.927,3473.284,CP-PLOT,26913,,,
268-ER18,268-A,4316670.434,323271.397,3475.082,CP-PLOT,26913,,,
268-ER18,268-B,4316670.64,323270.451,3475.071,CP-PLOT,26913,,,
268-ER18,268-C,4316671.626,323270.687,3475.207,CP-PLOT,26913,,,
268-ER18,268-D,4316671.367,323271.713,3475.144,CP-PLOT,26913,,,
269-ER18,269-A,4316512.775,323487.708,3455.51,CP-PLOT,26913,,,
269-ER18,269-B,4316513.465,323487.032,3455.739,CP-PLOT,26913,,,
269-ER18,269-C,4316514.221,323487.723,3455.576,CP-PLOT,26913,,,
269-ER18,269-D,4316513.55,323488.477,3455.426,CP-PLOT,26913,,,
270-ER18,270-A,4316513.156,323459.651,3460.877,CP-PLOT,26913,,,
270-ER18,270-B,4316513.91,323459.019,3460.999,CP-PLOT,26913,,,
270-ER18,270-C,4316514.562,323459.633,3461.019,CP-PLOT,26913,,,
270-ER18,270-D,4316513.907,323460.38,3460.842,CP-PLOT,26913,,,
271-ER18,271-A,4316461.802,323436.308,3463.1,CP-PLOT,26913,,,
271-ER18,271-B,4316462.299,323435.416,3463.417,CP-PLOT,26913,,,
271-ER18,271-C,4316463.163,323435.82,3463.318,CP-PLOT,26913,,,
271-ER18,271-D,4316462.723,323436.714,3463.007,CP-PLOT,26913,,,
272-ER18,272-A,4316465.043,323447.811,3460.846,CP-PLOT,26913,,,
272-ER18,272-B,4316465.733,323447.147,3460.931,CP-PLOT,26913,,,
272-ER18,272-C,4316466.355,323447.857,3460.749,CP-PLOT,26913,,,
272-ER18,272-D,4316465.724,323448.523,3460.761,CP-PLOT,26913,,,
273-ER18,273-A,4316470.391,323490.896,3454.981,CP-PLOT,26913,,,
273-ER18,273-B,4316470.696,323489.851,3454.991,CP-PLOT,26913,,,
273-ER18,273-C,4316471.58,323490.158,3454.951,CP-PLOT,26913,,,
273-ER18,273-D,4316471.326,323491.12,3454.908,CP-PLOT,26913,,,
274-ER18,274-A,4316466.536,323489.528,3455.025,CP-PLOT,26913,,,
274-ER18,274-B,4316466.947,323488.62,3455.171,CP-PLOT,26913,,,
274-ER18,274-C,4316467.932,323489.021,3455.088,CP-PLOT,26913,,,
274-ER18,274-D,4316467.513,323489.955,3454.982,CP-PLOT,26913,,,
275-ER18,275-A,4316440.787,323493.434,3455.714,CP-PLOT,26913,,,
275-ER18,275-B,4316441.393,323492.638,3455.751,CP-PLOT,26913,,,
275-ER18,275-C,4316442.173,323493.084,3455.688,CP-PLOT,26913,,,
275-ER18,275-D,4316441.728,323493.953,3455.627,CP-PLOT,26913,,,
276-ER18,276-A,4316432.875,323509.221,3454.325,CP-PLOT,26913,,,
276-ER18,276-B,4316432.975,323508.171,3454.448,CP-PLOT,26913,,,
276-ER18,276-C,4316434.043,323508.285,3454.401,CP-PLOT,26913,,,
276-ER18,276-D,4316433.878,323509.348,3454.31,CP-PLOT,26913,,,
277-ER18,277-A,4316396.058,323513.622,3456.234,CP-PLOT,26913,,,
277-ER18,277-B,4316396.757,323512.725,3456.145,CP-PLOT,26913,,,
277-ER18,277-C,4316397.679,323513.364,3456.087,CP-PLOT,26913,,,
277-ER18,277-D,4316397.067,323514.295,3456.156,CP-PLOT,26913,,,
278-ER18,278-A,4316375.996,323494.521,3458.21,CP-PLOT,26913,,,
278-ER18,278-B,4316376.133,323493.59,3458.31,CP-PLOT,26913,,,
278-ER18,278-C,4316377.054,323493.749,3458.2,CP-PLOT,26913,,,
278-ER18,278-D,4316376.915,323494.754,3458.117,CP-PLOT,26913,,,
279-ER18,L-279,4316374.961,323519.645,3457.4,CP-PLOT,26913,,,
280-ER18,L-280,4316448.208,323509.507,3454.265,CP-PLOT,26913,,,
281-ER18,L-281,4316455.647,323485.168,3456.478,CP-PLOT,26913,,,
282-ER18,L-282,4316494.641,323480.969,3455.992,CP-PLOT,26913,,,
283-ER18,L-283,4316594.02,323305.329,3472.026,CP-PLOT,26913,,,
284-ER18,L-284,4316677.878,323308.981,3477.111,CP-PLOT,26913,,,
285-ER18,L-285,4316589.642,323429.73,3460.92,CP-PLOT,26913,,,
286-ER18,L-286,4316607.612,323390.457,3473.263,CP-PLOT,26913,,,
287-ER18,L-287,4316610.424,323390.001,3473.108,CP-PLOT,26913,,,
288-ER18,L-288,4316497.795,323418.543,3468.849,CP-PLOT,26913,,,
289-ER18,TR-289,4316513.766,323585.996,3449.314,CP-PLOT,26913,,,
290-ER18,TR-290,4316405.833,323654.22,3457.172,CP-PLOT,26913,,,
291-ER18,TR-291,4316531.53,323613.942,3442.514,CP-PLOT,26913,,,
292-ER18,TR-292,4316319.731,323356.577,3490.771,CP-PLOT,26913,,,
293-ER18,TR-293,4316356.667,323661.078,3456.27,CP-PLOT,26913,,,
294-ER18,TR-294,4316403.278,323661.241,3455.863,CP-PLOT,26913,,,
295-ER18,TR-295,4316516.608,323607.628,3446.211,CP-PLOT,26913,,,
296-ER18,TR-296,4316364.262,323327.996,3491.474,CP-PLOT,26913,,,
297-ER18,TR-297,4316217.468,323321.22,3489.731,CP-PLOT,26913,,,
298-ER18,TR-298,4316344.22,323266.896,3496.263,CP-PLOT,26913,,,
299-ER18,TR-299,4308409.659,324206.654,2734.543,CP-PLOT,26913,,,
300-ER18,TR-300,4308482.973,324149.002,2724.438,CP-PLOT,26913,,,
301-ER18,TR-301,4308559.014,324101.567,2730.049,CP-PLOT,26913,,,
302-ER18,TR-302,4308528.127,324094.51,2727.479,CP-PLOT,26913,,,
303-ER18,TR-303,4308531.641,324078.823,2735.099,CP-PLOT,26913,,,
304-ER18,TR-304-LODGEPOLE,4308606.088,323994.253,2741.481,CP-PLOT,26913,,,
305-ER18,TR-305-LODGEPOLE,4308598.502,324003.233,2745.752,CP-PLOT,26913,,,
306-ER18,TR-306-ASPEN,4308420.982,324044.401,2757.237,CP-PLOT,26913,,,
307-ER18,TR-307-ENGELMAN,4308332.362,324078.106,2772.288,CP-PLOT,26913,,,
308-ER18,TR-308-ASPEN,4308365.611,324070.926,2762.229,CP-PLOT,26913,,,
309-ER18,L-309-WILLOW,4308677.246,324144.317,2725.678,CP-PLOT,26913,,,
310-ER18,L-310-WILLOW,4308687.247,324134.029,2725.181,CP-PLOT,26913,,,
311-ER18,L-311-WILLOW,4308686.69,324130.759,2725.14,CP-PLOT,26913,,,
312-ER18,L-312-POTENTILLA,4308681.472,324103.089,2725.201,CP-PLOT,26913,,,
313-ER18,L-313-WILLOW,4308715.512,324107.508,2724.944,CP-PLOT,26913,,,
314-ER18,L-314-WILLOW,4308707.211,324109.501,2725.535,CP-PLOT,26913,,,
315-ER18,L-315-WILLOW,4308698.091,324123.727,2725.454,CP-PLOT,26913,,,
316-ER18,L-316-WILLOW,4308685.227,324118.474,2725.183,CP-PLOT,26913,,,
317-ER18,L-317-WILLOW,4308680.481,324110.031,2725.253,CP-PLOT,26913,,,
318-ER18,L-318-WILLOW,4308697.136,324134.09,2725.113,CP-PLOT,26913,,,
319-ER18,TR-319,4313586.058,320890.12,2882.23,CP-PLOT,26913,,,
320-ER18,TR-320,4313579.562,320888.85,2882.219,CP-PLOT,26913,,,
321-ER18,TR-321,4313630.814,320912.336,2888.151,CP-PLOT,26913,,,
322-ER18,TR-322,4313647.406,320896.704,2889.619,CP-PLOT,26913,,,
323-ER18,TR-323,4313653.684,320880.781,2893.604,CP-PLOT,26913,,,
324-ER18,TR-324,4313929.859,327964.144,2915.565,CP-PLOT,26913,,,
325-ER18,TR-325,4313990.312,327911,2907.659,CP-PLOT,26913,,,
326-ER18,TR-326,4313992.985,328037.518,2915.771,CP-PLOT,26913,,,
327-ER18,TR-327,4313999.569,328062.167,2916.943,CP-PLOT,26913,,,
328-ER18,TR-328,4313616.307,320856.244,2890.981,CP-PLOT,26913,,,
329-ER18,TR-329,4313622.403,320861.652,2887.311,CP-PLOT,26913,,,
330-ER18,TR-330,4313671.313,320814.675,2899.964,CP-PLOT,26913,,,
331-ER18,TR-331,4313689.437,320845.06,2899.471,CP-PLOT,26913,,,
332-ER18,TR-332,4313659.283,320797.976,2902.157,CP-PLOT,26913,,,
333-ER18,TR-333,4316105.904,321132.124,3001.217,CP-PLOT,26913,,,
334-ER18,334-A,4313570.45,320869.144,2884.64,CP-PLOT,26913,,,
334-ER18,334-B,4313570.764,320868.107,2884.777,CP-PLOT,26913,,,
334-ER18,334-C,4313571.751,320868.545,2884.842,CP-PLOT,26913,,,
334-ER18,334-D,4313571.384,320869.499,2884.728,CP-PLOT,26913,,,
335-ER18,335-A,4313565.891,320878.513,2883.312,CP-PLOT,26913,,,
335-ER18,335-B,4313565.898,320877.528,2883.394,CP-PLOT,26913,,,
335-ER18,335-C,4313566.858,320877.396,2883.46,CP-PLOT,26913,,,
335-ER18,335-D,4313566.996,320878.47,2883.36,CP-PLOT,26913,,,
336-ER18,336-A,4313569.748,320884.18,2882.571,CP-PLOT,26913,,,
336-ER18,336-B,4313569.857,320883.164,2882.843,CP-PLOT,26913,,,
336-ER18,336-C,4313571.015,320883.024,2882.924,CP-PLOT,26913,,,
336-ER18,336-D,4313571.035,320884.275,2882.779,CP-PLOT,26913,,,
337-ER18,337-A,4313554.013,320906.865,2878.134,CP-PLOT,26913,,,
337-ER18,337-B,4313554.029,320905.948,2878.244,CP-PLOT,26913,,,
337-ER18,337-C,4313555.157,320905.983,2878.293,CP-PLOT,26913,,,
337-ER18,337-D,4313555.046,320907.118,2878.155,CP-PLOT,26913,,,
338-ER18,338-A,4313563.556,320916.753,2876.775,CP-PLOT,26913,,,
338-ER18,338-B,4313563.708,320915.886,2876.924,CP-PLOT,26913,,,
338-ER18,338-C,4313564.584,320916.217,2876.867,CP-PLOT,26913,,,
338-ER18,338-D,4313564.369,320917.074,2876.779,CP-PLOT,26913,,,
340-ER18,340-A,4313566.806,320943.577,2875.98,CP-PLOT,26913,,,
340-ER18,340-B,4313566.718,320942.557,2875.963,CP-PLOT,26913,,,
340-ER18,340-C,4313567.687,320942.563,2876.044,CP-PLOT,26913,,,
340-ER18,340-D,4313567.702,320943.688,2876.14,CP-PLOT,26913,,,
341-ER18,341-A,4313579.862,320943.199,2877.696,CP-PLOT,26913,,,
341-ER18,341-B,4313580.339,320942.467,2877.757,CP-PLOT,26913,,,
341-ER18,341-C,4313581.198,320942.883,2877.811,CP-PLOT,26913,,,
341-ER18,341-D,4313580.66,320943.845,2877.659,CP-PLOT,26913,,,
342-ER18,342-A,4313601.191,320952.679,2878.65,CP-PLOT,26913,,,
342-ER18,342-B,4313600.834,320951.812,2878.853,CP-PLOT,26913,,,
342-ER18,342-C,4313601.7,320951.482,2878.909,CP-PLOT,26913,,,
342-ER18,342-D,4313602.004,320952.31,2878.783,CP-PLOT,26913,,,
343-ER18,343-A,4313598.484,320964.294,2877.547,CP-PLOT,26913,,,
343-ER18,343-B,4313598.593,320963.448,2877.535,CP-PLOT,26913,,,
343-ER18,343-C,4313599.763,320963.666,2877.694,CP-PLOT,26913,,,
343-ER18,343-D,4313599.408,320964.628,2877.668,CP-PLOT,26913,,,
344-ER18,344-A,4313560.908,320947.236,2875.422,CP-PLOT,26913,,,
344-ER18,344-B,4313560.987,320946.5,2875.443,CP-PLOT,26913,,,
344-ER18,344-C,4313561.907,320946.474,2875.524,CP-PLOT,26913,,,
344-ER18,344-D,4313561.889,320947.47,2875.554,CP-PLOT,26913,,,
345-ER18,345-A,4313528.654,320957.379,2872.073,CP-PLOT,26913,,,
345-ER18,345-B,4313528.84,320956.549,2872.139,CP-PLOT,26913,,,
345-ER18,345-C,4313529.817,320956.455,2872.155,CP-PLOT,26913,,,
345-ER18,345-D,4313530.031,320957.405,2872.167,CP-PLOT,26913,,,
346-ER18,346-A,4313527.979,320912.887,2874.753,CP-PLOT,26913,,,
346-ER18,346-B,4313527.956,320912.064,2874.796,CP-PLOT,26913,,,
346-ER18,346-C,4313528.974,320911.925,2874.725,CP-PLOT,26913,,,
346-ER18,346-D,4313529.076,320912.928,2874.677,CP-PLOT,26913,,,
347-ER18,347-A,4313559.331,320885.206,2881.651,CP-PLOT,26913,,,
347-ER18,347-B,4313559.242,320884.235,2881.75,CP-PLOT,26913,,,
347-ER18,347-C,4313560.254,320884.174,2881.908,CP-PLOT,26913,,,
347-ER18,347-D,4313560.305,320885.167,2881.794,CP-PLOT,26913,,,
348-ER18,348-A,4313680.713,320826.673,2901.254,CP-PLOT,26913,,,
348-ER18,348-B,4313680.585,320825.824,2901.351,CP-PLOT,26913,,,
348-ER18,348-C,4313681.35,320825.593,2901.546,CP-PLOT,26913,,,
348-ER18,348-D,4313681.738,320826.475,2901.459,CP-PLOT,26913,,,
349-ER18,349-A,4313679.946,320844.624,2898.439,CP-PLOT,26913,,,
349-ER18,349-B,4313680.18,320843.733,2898.635,CP-PLOT,26913,,,
349-ER18,349-C,4313681.169,320844.005,2898.765,CP-PLOT,26913,,,
349-ER18,349-D,4313680.719,320844.844,2898.555,CP-PLOT,26913,,,
351-ER18,TR-351,4317615.657,321237.257,3438.366,CP-PLOT,26913,,,
352-ER18,TR-352,4317606.696,321218.269,3441.446,CP-PLOT,26913,,,
353-ER18,TR-353,4317612.32,321212.456,3440.796,CP-PLOT,26913,,,
354-ER18,L-354,4313701.694,320707.696,2923.066,CP-PLOT,26913,,,
355-ER18,L-355,4313693.742,320695.45,2919.499,CP-PLOT,26913,,,
356-ER18,L-356,4313678.22,320650.536,2913.817,CP-PLOT,26913,,,
357-ER18,L-357-POTENTILLA,4313651.265,320652.251,2907.848,CP-PLOT,26913,,,
358-ER18,L-358,4313646.118,320692.79,2904.48,CP-PLOT,26913,,,
359-ER18,L-359,4313627.258,320643.666,2897.096,CP-PLOT,26913,,,
360-ER18,L-360,4313619.475,320740.435,2895.061,CP-PLOT,26913,,,
361-ER18,L-361,4313649.453,320839.272,2895.128,CP-PLOT,26913,,,
362-ER18,TR-362,4313662.501,320829.542,2899.523,CP-PLOT,26913,,,
363-ER18,L-363-WILLOW,4313609.874,320876.06,2886.937,CP-PLOT,26913,,,
364-ER18,364-A,4317854.278,321123.379,3449.898,CP-PLOT,26913,,,
364-ER18,364-B,4317854.359,321122.553,3450.129,CP-PLOT,26913,,,
364-ER18,364-C,4317855.453,321122.648,3450.188,CP-PLOT,26913,,,
364-ER18,364-D,4317855.21,321123.451,3450.008,CP-PLOT,26913,,,
365-ER18,365-A,4317863.621,321139.386,3445.147,CP-PLOT,26913,,,
365-ER18,365-B,4317863.717,321138.47,3445.565,CP-PLOT,26913,,,
365-ER18,365-C,4317864.769,321138.634,3445.628,CP-PLOT,26913,,,
365-ER18,365-D,4317864.597,321139.568,3445.258,CP-PLOT,26913,,,
366-ER18,366-A,4317876.105,321167.485,3440.455,CP-PLOT,26913,,,
366-ER18,366-B,4317876.411,321166.574,3440.642,CP-PLOT,26913,,,
366-ER18,366-C,4317877.346,321166.825,3440.814,CP-PLOT,26913,,,
366-ER18,366-D,4317877.107,321167.696,3440.509,CP-PLOT,26913,,,
367-ER18,367-A,4317879.263,321178.099,3437.86,CP-PLOT,26913,,,
367-ER18,367-B,4317879.432,321177.101,3437.994,CP-PLOT,26913,,,
367-ER18,367-C,4317880.37,321177.311,3438.136,CP-PLOT,26913,,,
367-ER18,367-D,4317880.285,321178.271,3437.978,CP-PLOT,26913,,,
368-ER18,368-A,4317867.019,321186.868,3431.868,CP-PLOT,26913,,,
368-ER18,368-B,4317867.197,321185.931,3432.136,CP-PLOT,26913,,,
368-ER18,368-C,4317868.152,321186.08,3432.162,CP-PLOT,26913,,,
368-ER18,368-D,4317867.028,321186.987,3431.929,CP-PLOT,26913,,,
369-ER18,369-A,4317845.32,321189.141,3425.438,CP-PLOT,26913,,,
369-ER18,369-B,4317845.446,321188.183,3425.821,CP-PLOT,26913,,,
369-ER18,369-C,4317846.358,321188.388,3425.995,CP-PLOT,26913,,,
369-ER18,369-D,4317846.215,321189.345,3425.768,CP-PLOT,26913,,,
370-ER18,370-A,4317829.777,321196.601,3419.669,CP-PLOT,26913,,,
370-ER18,370-B,4317829.883,321195.676,3419.969,CP-PLOT,26913,,,
370-ER18,370-C,4317830.884,321195.787,3420.016,CP-PLOT,26913,,,
370-ER18,370-D,4317830.779,321196.67,3419.707,CP-PLOT,26913,,,
371-ER18,371-A,4317817.956,321202.883,3416.664,CP-PLOT,26913,,,
371-ER18,371-B,4317817.955,321201.889,3416.921,CP-PLOT,26913,,,
371-ER18,371-C,4317818.93,321201.886,3416.918,CP-PLOT,26913,,,
371-ER18,371-D,4317818.964,321202.854,3416.719,CP-PLOT,26913,,,
372-ER18,372-A,4317807.689,321220.543,3412.884,CP-PLOT,26913,,,
372-ER18,372-B,4317807.895,321219.52,3412.952,CP-PLOT,26913,,,
372-ER18,372-C,4317808.846,321219.744,3412.999,CP-PLOT,26913,,,
372-ER18,372-D,4317808.741,321220.66,3412.944,CP-PLOT,26913,,,
373-ER18,373-A,4317788.012,321232.415,3411.478,CP-PLOT,26913,,,
373-ER18,373-B,4317788.174,321231.373,3411.593,CP-PLOT,26913,,,
373-ER18,373-C,4317789.143,321231.455,3411.567,CP-PLOT,26913,,,
373-ER18,373-D,4317788.996,321232.545,3411.473,CP-PLOT,26913,,,
374-ER18,374-A,4317773.828,321359.233,3389.214,CP-PLOT,26913,,,
374-ER18,374-B,4317774.04,321358.203,3389.394,CP-PLOT,26913,,,
374-ER18,374-C,4317774.843,321358.213,3389.255,CP-PLOT,26913,,,
374-ER18,374-D,4317774.863,321359.251,3389.12,CP-PLOT,26913,,,
375-ER18,375-A,4317768.018,321392.786,3385.534,CP-PLOT,26913,,,
375-ER18,375-B,4317768.101,321391.808,3385.63,CP-PLOT,26913,,,
375-ER18,375-C,4317769.093,321391.919,3385.626,CP-PLOT,26913,,,
375-ER18,375-D,4317768.995,321392.898,3385.555,CP-PLOT,26913,,,
376-ER18,376-A,4317750.036,321446.187,3383.414,CP-PLOT,26913,,,
376-ER18,376-B,4317750.295,321445.294,3383.357,CP-PLOT,26913,,,
376-ER18,376-C,4317751.255,321445.406,3383.34,CP-PLOT,26913,,,
376-ER18,376-D,4317751.073,321446.343,3383.328,CP-PLOT,26913,,,
377-ER18,377-A,4317799.789,321514.376,3376.815,CP-PLOT,26913,,,
377-ER18,377-B,4317800.087,321513.492,3376.775,CP-PLOT,26913,,,
377-ER18,377-C,4317800.99,321513.713,3376.847,CP-PLOT,26913,,,
377-ER18,377-D,4317800.73,321514.617,3376.808,CP-PLOT,26913,,,
378-ER18,378-A,4317777.649,321550.33,3379.729,CP-PLOT,26913,,,
378-ER18,378-B,4317777.884,321549.428,3379.712,CP-PLOT,26913,,,
378-ER18,378-C,4317778.76,321549.531,3379.56,CP-PLOT,26913,,,
378-ER18,378-D,4317778.628,321550.56,3379.574,CP-PLOT,26913,,,
379-ER18,379-A,4317780.995,321585.837,3381.577,CP-PLOT,26913,,,
379-ER18,379-B,4317781.211,321584.904,3381.479,CP-PLOT,26913,,,
379-ER18,379-C,4317782.142,321585.153,3381.561,CP-PLOT,26913,,,
379-ER18,379-D,4317781.931,321586.163,3381.599,CP-PLOT,26913,,,
381-ER18,381-A,4317734.141,321601.345,3387.193,CP-PLOT,26913,,,
381-ER18,381-B,4317734.274,321600.289,3387.04,CP-PLOT,26913,,,
381-ER18,381-C,4317735.208,321600.454,3386.976,CP-PLOT,26913,,,
381-ER18,381-D,4317735.161,321601.377,3387.097,CP-PLOT,26913,,,
382-ER18,382-A,4317733.548,321610.714,3387.92,CP-PLOT,26913,,,
382-ER18,382-B,4317734.002,321609.822,3387.763,CP-PLOT,26913,,,
382-ER18,382-C,4317734.856,321610.285,3387.415,CP-PLOT,26913,,,
382-ER18,382-D,4317734.432,321611.129,3387.766,CP-PLOT,26913,,,
383-ER18,383-A,4317723.371,321624.537,3393.324,CP-PLOT,26913,,,
383-ER18,383-B,4317723.602,321623.569,3393.331,CP-PLOT,26913,,,
383-ER18,383-C,4317724.561,321623.8,3393.138,CP-PLOT,26913,,,
383-ER18,383-D,4317724.247,321624.738,3393.314,CP-PLOT,26913,,,
384-ER18,L-384,4317921.725,321193.78,3441.513,CP-PLOT,26913,,,
385-ER18,L-385,4317922.241,321210.395,3439.515,CP-PLOT,26913,,,
386-ER18,L-386,4317960.693,321241.517,3435.548,CP-PLOT,26913,,,
387-ER18,L-387,4317946.992,321281.972,3414.944,CP-PLOT,26913,,,
388-ER18,L-388,4317862.525,321331.448,3388.319,CP-PLOT,26913,,,
389-ER18,L-389,4317857.934,321383.121,3379.939,CP-PLOT,26913,,,
390-ER18,L-390,4317760.009,321386.816,3387.709,CP-PLOT,26913,,,
391-ER18,L-391,4317758.901,321468.923,3382.261,CP-PLOT,26913,,,
392-ER18,L-392,4317763.818,321591.654,3383.723,CP-PLOT,26913,,,
393-ER18,L-393,4317762.815,321664.577,3394.631,CP-PLOT,26913,,,
394-ER18,TR-394,4317604.685,321206.446,3441.42,CP-PLOT,26913,,,
395-ER18,TR-395,4317561.11,321218.305,3443.586,CP-PLOT,26913,,,
396-ER18,TR-396,4317612.366,321251.666,3438.421,CP-PLOT,26913,,,
397-ER18,TR-397,4317650.106,321289.131,3425.091,CP-PLOT,26913,,,
398-ER18,TR-398,4317590.689,321315.857,3433.399,CP-PLOT,26913,,,
399-ER18,TR-399,4317601.399,321305.096,3430.729,CP-PLOT,26913,,,
400-ER18,TR-400,4316132.152,321224.646,3047.797,CP-PLOT,26913,,,
401-ER18,TR-401,4316118.091,321227.299,3053.294,CP-PLOT,26913,,,
402-ER18,TR-402,4316122.849,321247.678,3062.11,CP-PLOT,26913,,,
403-ER18,TR-403,4316136.236,321268.2,3066.651,CP-PLOT,26913,,,
404-ER18,404-A,4316107.764,321059.815,2976.057,CP-PLOT,26913,,,
404-ER18,404-B,4316108.264,321058.835,2975.784,CP-PLOT,26913,,,
404-ER18,404-C,4316109.214,321059.297,2975.694,CP-PLOT,26913,,,
404-ER18,404-D,4316108.795,321060.251,2976.043,CP-PLOT,26913,,,
405-ER18,405-A,4316093.006,321073.887,2979.267,CP-PLOT,26913,,,
405-ER18,405-B,4316093.471,321072.926,2979.013,CP-PLOT,26913,,,
405-ER18,405-C,4316094.385,321073.436,2979.056,CP-PLOT,26913,,,
405-ER18,405-D,4316093.904,321074.356,2979.315,CP-PLOT,26913,,,
406-ER18,406-A,4316090.058,321062.657,2977.558,CP-PLOT,26913,,,
406-ER18,406-B,4316090.222,321061.604,2977.383,CP-PLOT,26913,,,
406-ER18,406-C,4316091.351,321061.835,2977.329,CP-PLOT,26913,,,
406-ER18,406-D,4316091.09,321062.908,2977.483,CP-PLOT,26913,,,
407-ER18,407-A,4316055.315,321067.654,2978.054,CP-PLOT,26913,,,
407-ER18,407-B,4316055.646,321066.701,2977.894,CP-PLOT,26913,,,
407-ER18,407-C,4316056.632,321066.983,2977.901,CP-PLOT,26913,,,
407-ER18,407-D,4316056.277,321068.033,2978.11,CP-PLOT,26913,,,
408-ER18,408-A,4316038.849,321063.828,2976.703,CP-PLOT,26913,,,
408-ER18,408-B,4316038.951,321062.778,2976.595,CP-PLOT,26913,,,
408-ER18,408-C,4316040.06,321062.93,2976.64,CP-PLOT,26913,,,
408-ER18,408-D,4316039.883,321063.994,2976.76,CP-PLOT,26913,,,
409-ER18,409-A,4316028.16,321072.841,2979.124,CP-PLOT,26913,,,
409-ER18,409-B,4316028.234,321071.755,2978.909,CP-PLOT,26913,,,
409-ER18,409-C,4316029.304,321071.704,2978.899,CP-PLOT,26913,,,
409-ER18,409-D,4316029.131,321072.883,2979.186,CP-PLOT,26913,,,
410-ER18,410-A,4316017.451,321066.978,2977.444,CP-PLOT,26913,,,
410-ER18,410-B,4316017.488,321065.991,2977.221,CP-PLOT,26913,,,
410-ER18,410-C,4316018.522,321065.986,2977.229,CP-PLOT,26913,,,
410-ER18,410-D,4316018.504,321067.01,2977.508,CP-PLOT,26913,,,
411-ER18,411-A,4316000.713,321063.538,2977.184,CP-PLOT,26913,,,
411-ER18,411-B,4316000.662,321062.528,2976.803,CP-PLOT,26913,,,
411-ER18,411-C,4316001.695,321062.489,2976.639,CP-PLOT,26913,,,
411-ER18,411-D,4316001.791,321063.494,2977.039,CP-PLOT,26913,,,
412-ER18,412-A,4315977.024,321099.222,2988.106,CP-PLOT,26913,,,
412-ER18,412-B,4315977.154,321098.267,2987.765,CP-PLOT,26913,,,
412-ER18,412-C,4315978.21,321098.279,2987.88,CP-PLOT,26913,,,
412-ER18,412-D,4315978.115,321099.274,2988.343,CP-PLOT,26913,,,
413-ER18,413-A,4315963.442,321089.634,2981.897,CP-PLOT,26913,,,
413-ER18,413-B,4315963.535,321088.631,2981.495,CP-PLOT,26913,,,
413-ER18,413-C,4315964.54,321088.702,2981.769,CP-PLOT,26913,,,
413-ER18,413-D,4315964.452,321089.637,2982.063,CP-PLOT,26913,,,
414-ER18,414-A,4316118.456,321071.414,2977.818,CP-PLOT,26913,,,
414-ER18,414-B,4316118.585,321070.392,2977.632,CP-PLOT,26913,,,
414-ER18,414-C,4316119.727,321070.66,2977.405,CP-PLOT,26913,,,
414-ER18,414-D,4316119.514,321071.689,2977.655,CP-PLOT,26913,,,
415-ER18,415-A,4316107.609,321088.833,2982.503,CP-PLOT,26913,,,
415-ER18,415-B,4316107.693,321087.859,2982.222,CP-PLOT,26913,,,
415-ER18,415-C,4316108.889,321088.054,2982.187,CP-PLOT,26913,,,
415-ER18,415-D,4316108.685,321089.089,2982.601,CP-PLOT,26913,,,
416-ER18,416-A,4316113.3,321119.45,2993.803,CP-PLOT,26913,,,
416-ER18,416-B,4316113.822,321118.477,2993.346,CP-PLOT,26913,,,
416-ER18,416-C,4316114.732,321118.856,2993.488,CP-PLOT,26913,,,
416-ER18,416-D,4316114.283,321119.757,2993.823,CP-PLOT,26913,,,
417-ER18,417-A,4316132.152,321146.014,3004.516,CP-PLOT,26913,,,
417-ER18,417-B,4316132.396,321144.947,3004.183,CP-PLOT,26913,,,
417-ER18,417-C,4316133.494,321145.169,3004.176,CP-PLOT,26913,,,
417-ER18,417-D,4316133.304,321146.166,3004.573,CP-PLOT,26913,,,
418-ER18,418-A,4316248.016,320997.312,2976.278,CP-PLOT,26913,,,
418-ER18,418-D,4316249.356,320997.592,2976.357,CP-PLOT,26913,,,
418-ER18,418-C,4316249.582,320996.545,2976.42,CP-PLOT,26913,,,
418-ER18,418-B,4316248.61,320996.285,2976.342,CP-PLOT,26913,,,
419-ER18,419-A,4316255.84,321000.396,2977.013,CP-PLOT,26913,,,
419-ER18,419-B,4316256.005,320999.21,2977.009,CP-PLOT,26913,,,
419-ER18,419-C,4316257.07,320999.495,2977.178,CP-PLOT,26913,,,
419-ER18,419-D,4316256.894,321000.592,2977.154,CP-PLOT,26913,,,
420-ER18,420-A,4316236.476,320976.852,2975.973,CP-PLOT,26913,,,
420-ER18,420-B,4316236.899,320975.885,2976.091,CP-PLOT,26913,,,
420-ER18,420-C,4316237.802,320976.325,2976.133,CP-PLOT,26913,,,
420-ER18,420-D,4316237.378,320977.334,2976.062,CP-PLOT,26913,,,
421-ER18,421-A,4316252.233,320969.673,2978.157,CP-PLOT,26913,,,
421-ER18,421-B,4316252.41,320968.602,2978.235,CP-PLOT,26913,,,
421-ER18,421-C,4316253.445,320968.815,2978.324,CP-PLOT,26913,,,
421-ER18,421-D,4316253.225,320969.9,2978.194,CP-PLOT,26913,,,
422-ER18,422-A,4316131.861,321067.744,2975.535,CP-PLOT,26913,,,
422-ER18,422-B,4316132.717,321067.179,2975.401,CP-PLOT,26913,,,
422-ER18,422-C,4316133.366,321067.948,2975.477,CP-PLOT,26913,,,
422-ER18,422-D,4316132.573,321068.692,2975.605,CP-PLOT,26913,,,
423-ER18,423-A,4316122.298,321088.241,2980.657,CP-PLOT,26913,,,
423-ER18,423-B,4316122.939,321087.43,2980.426,CP-PLOT,26913,,,
423-ER18,423-C,4316123.784,321088.06,2980.483,CP-PLOT,26913,,,
423-ER18,423-D,4316123.126,321088.906,2980.728,CP-PLOT,26913,,,
424-ER18,L-424-POTENTILLA,4316012.283,320980.664,2967.531,CP-PLOT,26913,,,
425-ER18,L-425-WILLOW,4316007.127,320967.318,2963.945,CP-PLOT,26913,,,
426-ER18,L-426-WILLOW,4316038.786,320963.935,2963.64,CP-PLOT,26913,,,
427-ER18,L-427,4316104.467,321030.206,2972.867,CP-PLOT,26913,,,
428-ER18,L-428,4316114.543,321076.248,2978.809,CP-PLOT,26913,,,
429-ER18,L-429-JUNIPER,4316116.91,321109.482,2990.374,CP-PLOT,26913,,,
430-ER18,L-430,4316087.906,321104.473,2989.267,CP-PLOT,26913,,,
431-ER18,L-431-WILLOW,4316098.889,320900.992,2978.965,CP-PLOT,26913,,,
432-ER18,L-432,4316166.539,320919.499,2986.554,CP-PLOT,26913,,,
433-ER18,L-433-GOOSEBERRY,4316229.135,320960.477,2976.418,CP-PLOT,26913,,,
434-ER18,TR-434,4316230.319,321249.11,3054.656,CP-PLOT,26913,,,
435-ER18,TR-435,4316238.844,321265.816,3061.681,CP-PLOT,26913,,,
436-ER18,TR-436,4316201.889,321201.045,3027.257,CP-PLOT,26913,,,
437-ER18,TR-437,4316231.185,321135.395,2996.52,CP-PLOT,26913,,,
438-ER18,TR-438,4316226.29,321125.685,2995.001,CP-PLOT,26913,,,
,Base-JULY02-2018,4313899.612,327887.383,2907.11,BASE,26913,,,
,BASE-CO-JUNE14-2018,4313891.623,327891.757,2907.518,BASE,26913,,,
,Base-JUNE15-2018,4309811.362,330899.621,2773.229,BASE,26913,,,
,Base-JUNE16-2018,4310565.32,328403.308,3161.63,BASE,26913,,,
,Base-JUNE18-2018,4310527.892,328933.291,3058.001,BASE,26913,,,
,Base-JUNE19-2018,4309811.362,330899.621,2772.371,BASE,26913,,,
,Base-JUNE20A-2018,4316731.038,326081.071,2951.997,BASE,26913,,,
,Base-JUNE21-2018,4303084.873,318126.822,3001.805,BASE,26913,,,
,Base-JUNE22-2018,4314469.075,324122.481,3206.725,BASE,26913,,,
,Base-JUNE23-GOOD-2018,4316349.65,323432.762,3479.682,BASE,26913,,,
,Base-JUNE24-2018,4311735.339,325510.683,2972.428,BASE,26913,,,
,Base-JUNE24-2018,4308421.036,324224.994,2730.889,BASE,26913,,,
,Base-JUNE26-2018,4313603.033,320840.961,2891.279,BASE,26913,,,
,Base-JUNE19-2018,4317824.417,321107.511,3451.378,BASE,26913,,,
,Base-JUNE19-2018,4316067.643,321032.149,2975.204,BASE,26913,,,
,Base-JUNE29-2018,4317422.182,326240.936,2967.918,BASE,26913,,,