Plot,Treatment,Collar,DateTime,gC.m2.hr,DateTime
1,H,A,3/05/14 NA,0.713394,3/5/14
1,H,B,3/05/14 NA,0.5793624,3/5/14
1,H,C,3/05/14 NA,0.35496756,3/5/14
1,H,D,3/05/14 NA,0.31951404,3/5/14
1,H,E,3/05/14 NA,0.6355692,3/5/14
1,H,F,3/05/14 NA,0.30870504,3/5/14
1,H,G,3/05/14 NA,0.34977924,3/5/14
1,C,A,3/05/14 NA,0.26071308,3/5/14
1,C,B,3/05/14 NA,0.28406052,3/5/14
1,C,C,3/05/14 NA,0.23174496,3/5/14
1,C,D,3/05/14 NA,0.37701792,3/5/14
1,C,E,3/05/14 NA,0.3545352,3/5/14
1,C,F,3/05/14 NA,0.24168924,3/5/14
1,C,G,3/05/14 NA,0.5015376,3/5/14
2,H,A,3/05/14 NA,0.4193892,3/5/14
2,H,B,3/05/14 NA,0.33637608,3/5/14
2,H,C,3/05/14 NA,0.1924002,3/5/14
2,H,D,3/05/14 NA,0.31821696,3/5/14
2,H,E,3/05/14 NA,0.28924884,3/5/14
2,H,F,3/05/14 NA,0.38955636,3/5/14
2,H,G,3/05/14 NA,0.26849556,3/5/14
2,C,A,3/05/14 NA,0.33378192,3/5/14
2,C,B,3/05/14 NA,0.18764424,3/5/14
2,C,C,3/05/14 NA,0.24687756,3/5/14
2,C,D,3/05/14 NA,0.36620892,3/5/14
2,C,E,3/05/14 NA,0.40555368,3/5/14
2,C,F,3/05/14 NA,0.24125688,3/5/14
2,C,G,3/05/14 NA,0.1880766,3/5/14
3,H,A,3/05/14 NA,0.25638948,3/5/14
3,H,B,3/05/14 NA,0.27411624,3/5/14
3,H,C,3/05/14 NA,0.28362816,3/5/14
3,H,D,3/05/14 NA,0.36793836,3/5/14
3,H,E,3/05/14 NA,0.20450628,3/5/14
3,H,F,3/05/14 NA,0.2183418,3/5/14
3,H,G,3/05/14 NA,0.14873184,3/5/14
3,C,A,3/05/14 NA,0.2140182,3/5/14
3,C,B,3/05/14 NA,0.18764424,3/5/14
3,C,C,3/05/14 NA,0.18072648,3/5/14
3,C,D,3/05/14 NA,0.21574764,3/5/14
3,C,E,3/05/14 NA,0.1556496,3/5/14
3,C,F,3/05/14 NA,0.17769996,3/5/14
3,C,G,3/05/14 NA,0.22828608,3/5/14
1,C,A,4/21/14 14:09,0.076480396,4/21/14
1,C,B,4/21/14 14:13,0.079002118,4/21/14
1,C,C,4/21/14 14:17,0.093906301,4/21/14
1,C,D,4/21/14 14:21,0.117281488,4/21/14
1,C,E,4/21/14 14:26,0.139822368,4/21/14
1,C,F,4/21/14 14:35,0.120114863,4/21/14
1,C,G,4/21/14 14:30,0.097402324,4/21/14
1,H,D,4/21/14 14:02,0.184268791,4/21/14
1,H,E,4/21/14 14:05,0.246954898,4/21/14
2,C,A,4/21/14 15:44,0.102421933,4/21/14
2,C,B,4/21/14 16:00,0.117520357,4/21/14
2,C,D,4/21/14 15:53,0.160615827,4/21/14
2,C,E,4/21/14 16:15,0.093618144,4/21/14
2,C,G,4/21/14 16:27,0.129635116,4/21/14
2,H,A,4/21/14 14:52,0.145253354,4/21/14
2,H,B,4/21/14 15:01,0.148104901,4/21/14
2,H,C,4/21/14 15:07,0.146459757,4/21/14
2,H,D,4/21/14 15:12,0.108345146,4/21/14
2,H,E,4/21/14 15:21,0.16441556,4/21/14
2,H,F,4/21/14 15:27,0.127602769,4/21/14
2,H,G,4/21/14 15:33,0.100876697,4/21/14
2,C,A,4/21/14 16:55,0.052551743,4/21/14
2,C,B,4/21/14 17:01,0.08459884,4/21/14
2,C,C,4/21/14 17:05,0.059453258,4/21/14
2,C,D,4/21/14 17:11,0.089296889,4/21/14
2,C,E,4/21/14 17:15,0.054020139,4/21/14
2,C,F,4/21/14 17:21,0.06493173,4/21/14
2,C,G,4/21/14 17:26,0.097520381,4/21/14
3,H,A,4/21/14 17:35,0.095249129,4/21/14
3,H,B,4/21/14 17:40,0.111204485,4/21/14
3,H,C,4/21/14 17:45,0.62908195,4/21/14
3,H,D,4/21/14 17:50,0.115700714,4/21/14
3,H,E,4/21/14 17:54,0.120156769,4/21/14
3,H,F,4/21/14 18:01,0.10347699,4/21/14
3,H,G,4/21/14 18:06,0.081884912,4/21/14
1,C,A,5/29/14 14:30,0.104919524,5/29/14
1,C,B,5/29/14 14:36,0.168016452,5/29/14
1,C,C,5/29/14 14:41,0.124896291,5/29/14
1,C,D,5/29/14 14:47,0.182611601,5/29/14
1,C,E,5/29/14 14:53,0.241304617,5/29/14
1,C,F,5/29/14 14:58,0.170014264,5/29/14
1,C,G,5/29/14 15:04,0.098402813,5/29/14
1,H,A,5/29/14 13:52,0.186421225,5/29/14
1,H,B,5/29/14 13:58,0.158815013,5/29/14
1,H,C,5/29/14 14:03,0.133734628,5/29/14
1,H,D,5/29/14 14:08,0.123029684,5/29/14
1,H,E,5/29/14 14:14,0.283047355,5/29/14
1,H,F,5/29/14 14:19,0.030056825,5/29/14
1,H,G,5/29/14 14:25,0.193020758,5/29/14
2,C,A,5/29/14 12:31,0.150945103,5/29/14
2,C,B,5/29/14 12:38,0.164322991,5/29/14
2,C,C,5/29/14 12:42,0.135956764,5/29/14
2,C,E,5/29/14 12:53,0.180461726,5/29/14
2,C,F,5/29/14 12:59,0.091764731,5/29/14
2,C,G,5/29/14 13:06,0.21343859,5/29/14
2,H,A,5/29/14 11:52,0.13021798,5/29/14
2,H,B,5/29/14 11:58,0.137578441,5/29/14
2,H,C,5/29/14 12:03,0.126411139,5/29/14
2,H,D,5/29/14 12:09,0.117792925,5/29/14
2,H,E,5/29/14 12:14,0.132985081,5/29/14
2,H,F,5/29/14 12:20,0.122563162,5/29/14
2,H,G,5/29/14 12:25,0.067950626,5/29/14
3,C,A,5/29/14 15:12,0.144252081,5/29/14
3,C,B,5/29/14 15:17,0.07659791,5/29/14
3,C,C,5/29/14 15:23,0.136710038,5/29/14
3,C,D,5/29/14 15:28,0.150612215,5/29/14
3,C,E,5/29/14 15:33,0.106792278,5/29/14
3,C,F,5/29/14 15:39,0.064732427,5/29/14
3,C,F,5/29/14 15:49,0.089703236,5/29/14
3,C,G,5/29/14 15:44,0.216501882,5/29/14
3,H,A,5/29/14 15:55,0.180511812,5/29/14
3,H,B,5/29/14 16:01,0.132587011,5/29/14
3,H,C,5/29/14 16:06,0.251728196,5/29/14
3,H,D,5/29/14 16:12,0.164596206,5/29/14
3,H,E,5/29/14 16:17,0.147840094,5/29/14
3,H,F,5/29/14 16:23,0.142437702,5/29/14
3,H,G,5/29/14 16:28,0.122921827,5/29/14
1,C,A,6/24/14 16:23,0.095089283,6/24/14
1,C,B,6/24/14 16:02,0.11052602,6/24/14
1,C,C,6/24/14 16:07,0.197234205,6/24/14
1,C,D,6/24/14 16:12,0.17674001,6/24/14
1,C,E,6/24/14 16:17,0.209302387,6/24/14
1,C,F,6/24/14 16:28,0.135619415,6/24/14
1,C,G,6/24/14 16:34,0.205544567,6/24/14
1,H,A,6/24/14 15:19,0.271747085,6/24/14
1,H,B,6/24/14 15:25,0.228930925,6/24/14
1,H,C,6/24/14 15:30,0.203908406,6/24/14
1,H,D,6/24/14 15:35,0.175933667,6/24/14
1,H,E,6/24/14 15:41,0.293943589,6/24/14
1,H,F,6/24/14 15:46,0.155921654,6/24/14
2,H,G,6/24/14 15:51,0.31811746,6/24/14
2,C,A,6/24/14 12:44,0.152946455,6/24/14
2,C,B,6/24/14 12:51,0.083210147,6/24/14
2,C,D,6/24/14 13:01,0.066329585,6/24/14
2,C,E,6/24/14 13:06,0.139924707,6/24/14
2,C,F,6/24/14 13:12,0.105389404,6/24/14
2,C,G,6/24/14 13:18,0.100349348,6/24/14
2,H,A,6/24/14 12:05,0.109003898,6/24/14
2,H,B,6/24/14 12:11,0.109788427,6/24/14
2,H,D,6/24/14 12:16,0.064922314,6/24/14
2,H,D,6/24/14 13:23,0.133241238,6/24/14
2,H,E,6/24/14 12:27,0.126178837,6/24/14
2,H,F,6/24/14 12:34,0.084285533,6/24/14
2,H,G,6/24/14 12:39,0.094152711,6/24/14
3,C,A,6/24/14 14:35,0.205979007,6/24/14
3,C,B,6/24/14 14:41,0.19097203,6/24/14
3,C,C,6/24/14 14:46,0.102470089,6/24/14
3,C,D,6/24/14 14:51,0.15641522,6/24/14
3,C,E,6/24/14 14:56,0.157948051,6/24/14
3,C,F,6/24/14 15:02,0.126595055,6/24/14
3,C,F,6/24/14 15:12,0.132581931,6/24/14
3,C,G,6/24/14 15:07,0.152248431,6/24/14
3,H,A,6/24/14 13:56,0.128297067,6/24/14
3,H,B,6/24/14 14:01,0.200184862,6/24/14
3,H,C,6/24/14 14:07,0.210472944,6/24/14
3,H,D,6/24/14 14:12,0.198439088,6/24/14
3,H,E,6/24/14 14:17,0.142901146,6/24/14
3,H,F,6/24/14 14:23,0.159389108,6/24/14
3,H,G,6/24/14 14:29,0.125896428,6/24/14
1,C,A,7/28/14 17:02,0.121128626,7/28/14
1,C,B,7/28/14 17:11,0.124553377,7/28/14
1,C,C,7/28/14 17:19,0.119652903,7/28/14
1,C,D,7/28/14 17:28,0.1645855,7/28/14
1,C,E,7/28/14 17:36,0.212818586,7/28/14
1,C,G,7/28/14 17:53,0.152044247,7/28/14
1,H,A,7/28/14 16:00,0.31947452,7/28/14
1,H,B,7/28/14 16:09,0.299556924,7/28/14
1,H,C,7/28/14 16:19,0.346157448,7/28/14
1,H,D,7/28/14 16:27,0.218010104,7/28/14
1,H,E,7/28/14 16:37,0.377964526,7/28/14
1,H,F,7/28/14 16:45,0.182741314,7/28/14
1,H,G,7/28/14 16:54,0.213441072,7/28/14
2,C,C,7/29/14 10:01,0.131321326,7/29/14
2,C,F,7/29/14 10:25,0.125915016,7/29/14
2,C,G,7/29/14 10:35,0.086493096,7/29/14
2,H,A,7/29/14 8:34,0.165810631,7/29/14
2,H,E,7/29/14 9:07,0.161114767,7/29/14
2,H,F,7/29/14 9:16,0.137160128,7/29/14
2,H,G,7/29/14 9:24,0.103068029,7/29/14
3,C,A,7/29/14 11:51,0.148013549,7/29/14
3,C,B,7/29/14 12:12,0.113101633,7/29/14
3,C,D,7/29/14 12:28,0.103167884,7/29/14
3,C,G,7/29/14 12:53,0.103651487,7/29/14
3,H,A,7/29/14 10:50,0.107785652,7/29/14
3,H,C,7/29/14 11:06,0.12831603,7/29/14
3,H,E,7/29/14 11:23,0.094758759,7/29/14
3,H,F,7/29/14 11:31,0.109597363,7/29/14
3,H,G,7/29/14 11:40,0.151932121,7/29/14
1,C,A,9/3/14 13:23,0.07771098,9/3/14
1,C,B,9/3/14 13:33,0.102546956,9/3/14
1,C,C,9/3/14 13:42,0.170637656,9/3/14
1,C,D,9/3/14 13:51,0.106825086,9/3/14
1,C,E,9/3/14 14:00,0.132662685,9/3/14
1,C,F,9/3/14 14:10,0.078853044,9/3/14
1,C,G,9/3/14 14:21,0.089517046,9/3/14
1,H,A,9/3/14 12:03,0.294886605,9/3/14
1,H,B,9/3/14 12:12,0.213457126,9/3/14
1,H,C,9/3/14 12:44,0.118596986,9/3/14
1,H,D,9/3/14 12:32,0.133395816,9/3/14
1,H,E,9/3/14 12:54,0.345734207,9/3/14
1,H,F,9/3/14 13:05,0.174669503,9/3/14
1,H,G,9/3/14 13:14,0.227342763,9/3/14
2,C,A,9/3/14 15:58,0.10341279,9/3/14
2,C,B,9/3/14 16:59,0.108235387,9/3/14
2,C,C,9/3/14 16:24,0.08676149,9/3/14
2,C,D,9/3/14 16:34,0.185595815,9/3/14
2,C,E,9/3/14 16:49,0.165811918,9/3/14
2,C,F,9/3/14 17:14,0.102000595,9/3/14
2,C,G,9/3/14 17:27,0.084466301,9/3/14
2,H,A,9/3/14 14:32,0.102306211,9/3/14
2,H,B,9/3/14 14:42,0.094245467,9/3/14
2,H,C,9/3/14 14:52,0.070970108,9/3/14
2,H,D,9/3/14 15:01,0.092440619,9/3/14
2,H,E,9/3/14 15:10,0.100566059,9/3/14
2,H,F,9/3/14 15:21,0.067819111,9/3/14
2,H,G,9/3/14 15:44,0.062034607,9/3/14
3,C,A,9/4/14 8:01,0.062109157,9/4/14
3,C,B,9/4/14 8:11,0.051707025,9/4/14
3,C,C,9/4/14 8:34,0.061235127,9/4/14
3,C,D,9/4/14 8:42,0.069519031,9/4/14
3,C,E,9/4/14 9:13,0.071226491,9/4/14
3,C,F,9/4/14 9:23,0.096476424,9/4/14
3,C,G,9/4/14 9:33,0.099863685,9/4/14
3,H,A,9/4/14 9:42,0.075326788,9/4/14
3,H,B,9/4/14 9:52,0.08356074,9/4/14
3,H,C,9/4/14 10:01,0.085144757,9/4/14
3,H,D,9/4/14 10:11,0.084992941,9/4/14
3,H,E,9/4/14 10:23,0.073811547,9/4/14
3,H,F,9/4/14 10:34,0.079290324,9/4/14
3,H,G,9/4/14 10:43,0.100493272,9/4/14
2,C,A,10/6/14 14:53,0.167196604,10/6/14
2,C,B,10/6/14 15:02,0.152740564,10/6/14
2,C,C,10/6/14 15:11,0.106996619,10/6/14
2,C,D,10/6/14 15:20,0.217191969,10/6/14
2,C,E,10/6/14 15:29,0.280854792,10/6/14
2,C,F,10/6/14 15:39,0.19108726,10/6/14
2,C,G,10/6/14 15:50,0.138159154,10/6/14
2,H,A,10/6/14 13:47,0.196762969,10/6/14
2,H,B,10/6/14 13:57,0.166078625,10/6/14
2,H,C,10/6/14 14:07,0.121950585,10/6/14
2,H,D,10/6/14 14:15,0.141533669,10/6/14
2,H,E,10/6/14 14:24,0.186893802,10/6/14
2,H,F,10/6/14 14:35,0.153511913,10/6/14
2,H,G,10/6/14 14:43,0.098412316,10/6/14
1,C,A,10/10/14 16:05,0.090819521,10/10/14
1,C,B,10/10/14 16:15,0.127060712,10/10/14
1,C,C,10/10/14 16:24,0.124148357,10/10/14
1,C,D,10/10/14 16:34,0.138144859,10/10/14
1,C,E,10/10/14 16:43,0.154057616,10/10/14
1,C,F,10/10/14 16:52,0.133955458,10/10/14
1,C,G,10/10/14 17:04,0.099627038,10/10/14
1,H,A,10/10/14 15:00,0.318210716,10/10/14
1,H,B,10/10/14 15:09,0.221806001,10/10/14
1,H,C,10/10/14 15:19,0.214862638,10/10/14
1,H,D,10/10/14 15:28,0.169264047,10/10/14
1,H,E,10/10/14 15:36,0.308785488,10/10/14
1,H,F,10/10/14 15:47,0.174406901,10/10/14
1,H,G,10/10/14 15:56,0.178583591,10/10/14
3,C,A,10/10/14 13:44,0.087322804,10/10/14
3,C,B,10/10/14 13:56,0.080993376,10/10/14
3,C,C,10/10/14 14:08,0.188386265,10/10/14
3,C,D,10/10/14 14:18,0.095208013,10/10/14
3,C,E,10/10/14 14:27,0.082951564,10/10/14
3,C,F,10/10/14 14:37,0.100269608,10/10/14
3,C,G,10/10/14 14:47,0.117190873,10/10/14
3,H,A,10/10/14 12:33,0.108968176,10/10/14
3,H,B,10/10/14 12:43,0.124637942,10/10/14
3,H,C,10/10/14 12:52,0.148603728,10/10/14
3,H,D,10/10/14 13:01,0.099095151,10/10/14
3,H,E,10/10/14 13:13,0.090772151,10/10/14
3,H,F,10/10/14 13:23,0.108447186,10/10/14
3,H,G,10/10/14 13:32,0.091097811,10/10/14
1,C,A,11/17/14 12:57,0.129473308,11/17/14
1,C,B,11/17/14 13:06,0.174472464,11/17/14
1,C,C,11/17/14 13:15,0.109024363,11/17/14
1,C,D,11/17/14 13:45,0.220052572,11/17/14
1,C,E,11/17/14 13:54,0.150498095,11/17/14
1,C,F,11/17/14 14:03,0.114014673,11/17/14
1,C,G,11/17/14 14:14,0.136040839,11/17/14
1,H,A,11/17/14 11:58,0.364678381,11/17/14
1,H,B,11/17/14 12:05,0.335305448,11/17/14
1,H,C,11/17/14 12:14,0.230087867,11/17/14
1,H,D,11/17/14 12:22,0.222625984,11/17/14
1,H,E,11/17/14 12:31,0.429119513,11/17/14
1,H,F,11/17/14 12:40,0.230313357,11/17/14
1,H,G,11/17/14 12:49,0.207576094,11/17/14
2,C,A,11/17/14 15:33,0.145335878,11/17/14
2,C,B,11/17/14 16:35,0.139237674,11/17/14
2,C,C,11/17/14 15:42,0.097028191,11/17/14
2,C,D,11/17/14 15:51,0.191409826,11/17/14
2,C,E,11/17/14 15:59,0.277788154,11/17/14
2,C,F,11/17/14 16:08,0.140520855,11/17/14
2,C,G,11/17/14 16:26,0.118048806,11/17/14
2,H,A,11/17/14 14:29,0.203786982,11/17/14
2,H,B,11/17/14 14:38,0.185400846,11/17/14
2,H,C,11/17/14 14:46,0.103267628,11/17/14
2,H,D,11/17/14 14:55,0.19946416,11/17/14
2,H,E,11/17/14 15:04,0.181624839,11/17/14
2,H,F,11/17/14 15:14,0.15443462,11/17/14
2,H,G,11/17/14 15:23,0.128360334,11/17/14
3,C,A,11/18/14 8:06,0.107285281,11/18/14
3,C,B,11/18/14 8:15,0.074475269,11/18/14
3,C,C,11/18/14 8:24,0.090852573,11/18/14
3,C,D,11/18/14 8:32,0.317819953,11/18/14
3,C,E,11/18/14 8:41,0.094324207,11/18/14
3,C,F,11/18/14 8:50,0.070639519,11/18/14
3,C,G,11/18/14 8:58,0.127247837,11/18/14
3,H,A,11/18/14 9:07,0.124023361,11/18/14
3,H,B,11/18/14 9:16,0.127685787,11/18/14
3,H,C,11/18/14 9:25,0.182839535,11/18/14
3,H,D,11/18/14 9:34,0.102597132,11/18/14
3,H,E,11/18/14 9:42,0.110860256,11/18/14
3,H,F,11/18/14 9:51,0.121566535,11/18/14
3,H,G,11/18/14 10:00,0.107480904,11/18/14
1,C,A,1/8/15 13:28,0.086955618,1/8/15
1,C,B,1/8/15 13:36,0.109255646,1/8/15
1,C,C,1/8/15 13:45,0.094804835,1/8/15
1,C,D,1/8/15 13:53,0.170519511,1/8/15
1,C,E,1/8/15 14:02,0.096502069,1/8/15
1,C,F,1/8/15 14:10,0.085361863,1/8/15
1,C,G,1/8/15 14:20,0.096717119,1/8/15
1,H,A,1/8/15 12:19,0.303323774,1/8/15
1,H,B,1/8/15 12:29,0.230322751,1/8/15
1,H,C,1/8/15 12:39,0.149062413,1/8/15
1,H,D,1/8/15 12:48,0.136212736,1/8/15
1,H,E,1/8/15 12:59,0.293897318,1/8/15
1,H,F,1/8/15 13:09,0.137658408,1/8/15
1,H,G,1/8/15 13:19,0.192002394,1/8/15
2,C,A,1/8/15 15:34,0.095559776,1/8/15
2,C,B,1/8/15 15:44,0.080063703,1/8/15
2,C,C,1/8/15 15:54,0.080950797,1/8/15
2,C,D,1/8/15 16:48,0.091609348,1/8/15
2,C,E,1/8/15 16:15,0.167134369,1/8/15
2,C,F,1/8/15 16:25,0.087929866,1/8/15
2,C,G,1/8/15 16:38,0.07380925,1/8/15
2,H,A,1/8/15 14:29,0.176501327,1/8/15
2,H,B,1/8/15 14:38,0.1384897,1/8/15
2,H,C,1/8/15 14:46,0.097986264,1/8/15
2,H,D,1/8/15 14:55,0.126441989,1/8/15
2,H,E,1/8/15 15:05,0.149644204,1/8/15
2,H,F,1/8/15 15:15,0.119087795,1/8/15
2,H,G,1/8/15 15:24,0.090759178,1/8/15
3,C,A,1/9/15 8:16,0.090488311,1/9/15
3,C,B,1/9/15 8:24,0.047421534,1/9/15
3,C,C,1/9/15 8:35,0.054113847,1/9/15
3,C,D,1/9/15 8:44,0.075903188,1/9/15
3,C,E,1/9/15 8:52,0.064669421,1/9/15
3,C,F,1/9/15 9:01,0.053984194,1/9/15
3,C,G,1/9/15 9:09,0.089183163,1/9/15
3,H,A,1/9/15 9:18,0.093643914,1/9/15
3,H,B,1/9/15 9:27,0.085004237,1/9/15
3,H,C,1/9/15 9:35,0.11952797,1/9/15
3,H,D,1/9/15 9:44,0.083810848,1/9/15
3,H,E,1/9/15 9:52,0.09855799,1/9/15
3,H,F,1/9/15 10:03,0.12085436,1/9/15
3,H,G,1/9/15 10:12,0.080978348,1/9/15
1,C,A,2/10/15 16:34,0.115022467,2/10/15
1,C,B,2/10/15 16:43,0.117421002,2/10/15
1,C,C,2/10/15 16:53,0.104914438,2/10/15
1,C,D,2/10/15 17:03,0.23665258,2/10/15
1,C,E,2/10/15 17:13,0.13867393,2/10/15
1,C,F,2/10/15 17:23,0.11655957,2/10/15
1,C,G,2/10/15 17:31,0.097042826,2/10/15
1,H,A,2/11/15 9:37,0.130514508,2/11/15
1,H,B,2/11/15 9:46,0.10291712,2/11/15
1,H,C,2/11/15 9:54,0.113516751,2/11/15
1,H,D,2/11/15 10:03,0.118471218,2/11/15
1,H,E,2/11/15 10:12,0.158631116,2/11/15
1,H,F,2/11/15 10:20,0.091934236,2/11/15
1,H,G,2/11/15 10:29,0.090901217,2/11/15
2,C,A,2/10/15 13:53,0.169781329,2/10/15
2,C,B,2/10/15 14:03,0.138845674,2/10/15
2,C,C,2/10/15 14:13,0.07814312,2/10/15
2,C,D,2/10/15 14:22,0.102945477,2/10/15
2,C,E,2/10/15 14:32,0.126055257,2/10/15
2,C,F,2/10/15 14:41,0.126668241,2/10/15
2,C,G,2/10/15 14:51,0.133232002,2/10/15
2,H,A,2/10/15 12:47,0.079495074,2/10/15
2,H,B,2/10/15 12:57,0.078168688,2/10/15
2,H,C,2/10/15 13:06,0.076698178,2/10/15
2,H,D,2/10/15 13:15,0.086406711,2/10/15
2,H,E,2/10/15 13:25,0.068595115,2/10/15
2,H,F,2/10/15 13:34,0.071071313,2/10/15
2,H,G,2/10/15 13:44,0.091816287,2/10/15
3,C,A,2/10/15 15:05,0.278095058,2/10/15
3,C,B,2/10/15 15:15,0.275659284,2/10/15
3,C,C,2/10/15 15:25,0.129299665,2/10/15
3,C,D,2/10/15 15:34,0.126919461,2/10/15
3,C,E,2/10/15 15:44,0.190412935,2/10/15
3,C,F,2/10/15 15:53,0.145047576,2/10/15
3,C,G,2/10/15 16:03,0.252488899,2/10/15
3,H,A,2/11/15 8:27,0.06011836,2/11/15
3,H,B,2/11/15 8:36,0.063789228,2/11/15
3,H,C,2/11/15 8:52,0.129445651,2/11/15
3,H,D,2/11/15 8:44,0.055221069,2/11/15
3,H,E,2/11/15 9:01,0.063419493,2/11/15
3,H,F,2/11/15 9:11,0.109827838,2/11/15
3,H,G,2/11/15 9:21,0.061765661,2/11/15
1,C,A,3/9/15 14:36,0.116702778,3/9/15
1,C,B,3/9/15 14:46,0.134048467,3/9/15
1,C,C,3/9/15 14:54,0.104947872,3/9/15
1,C,D,3/9/15 15:03,0.171640098,3/9/15
1,C,E,3/9/15 15:12,0.150293688,3/9/15
1,C,F,3/9/15 15:22,0.117058822,3/9/15
1,C,G,3/9/15 15:31,0.085896978,3/9/15
1,H,A,3/9/15 13:31,0.333104825,3/9/15
1,H,B,3/9/15 13:40,0.257060917,3/9/15
1,H,C,3/9/15 13:49,0.183342342,3/9/15
1,H,D,3/9/15 13:58,0.149753379,3/9/15
1,H,E,3/9/15 14:07,0.281359499,3/9/15
1,H,F,3/9/15 14:16,0.232713918,3/9/15
1,H,G,3/9/15 14:25,0.219620268,3/9/15
2,C,A,3/9/15 16:41,0.113407055,3/9/15
2,C,B,3/9/15 16:50,0.108159077,3/9/15
2,C,C,3/9/15 16:59,0.10258037,3/9/15
2,C,D,3/9/15 17:07,0.148309613,3/9/15
2,C,E,3/9/15 17:16,0.157537574,3/9/15
2,C,F,3/9/15 17:26,0.103941717,3/9/15
2,C,G,3/9/15 17:34,0.105351291,3/9/15
2,H,A,3/9/15 15:41,0.214987883,3/9/15
2,H,B,3/9/15 15:49,0.131687351,3/9/15
2,H,C,3/9/15 15:59,0.113792483,3/9/15
2,H,D,3/9/15 16:07,0.124971044,3/9/15
2,H,E,3/9/15 16:15,0.167325085,3/9/15
2,H,F,3/9/15 16:23,0.130033901,3/9/15
2,H,G,3/9/15 16:32,0.112989219,3/9/15
3,C,A,3/10/15 8:11,0.155229845,3/10/15
3,C,B,3/10/15 8:21,0.049384759,3/10/15
3,C,C,3/10/15 8:31,0.053151035,3/10/15
3,C,D,3/10/15 8:39,0.062641055,3/10/15
3,C,E,3/10/15 8:47,0.064815079,3/10/15
3,C,F,3/10/15 8:57,0.05364012,3/10/15
3,C,G,3/10/15 9:06,0.076453107,3/10/15
3,H,A,3/10/15 9:14,0.129091258,3/10/15
3,H,B,3/10/15 9:23,0.100281147,3/10/15
3,H,C,3/10/15 9:31,0.162438322,3/10/15
3,H,D,3/10/15 9:39,0.473686184,3/10/15
3,H,E,3/10/15 9:48,0.116221987,3/10/15
3,H,F,3/10/15 9:56,0.106817091,3/10/15
3,H,G,3/10/15 10:05,0.053857087,3/10/15
1,C,A,4/14/15 8:30,0.095757582,4/14/15
1,C,B,4/14/15 8:41,0.098835756,4/14/15
1,C,C,4/14/15 8:50,0.097708927,4/14/15
1,C,D,4/14/15 8:59,0.134964994,4/14/15
1,C,E,4/14/15 9:07,0.108684741,4/14/15
1,C,F,4/14/15 9:15,0.083932072,4/14/15
1,C,G,4/14/15 9:24,0.077402336,4/14/15
1,H,A,4/14/15 9:34,0.245534209,4/14/15
1,H,B,4/14/15 9:42,0.156409985,4/14/15
1,H,C,4/14/15 9:51,0.119684808,4/14/15
1,H,D,4/14/15 10:00,0.122437436,4/14/15
1,H,E,4/14/15 10:08,0.188470778,4/14/15
1,H,F,4/14/15 10:17,0.1860693,4/14/15
1,H,G,4/14/15 10:25,0.187173177,4/14/15
2,C,A,4/14/15 10:40,0.105970808,4/14/15
2,C,B,4/14/15 10:48,0.107600278,4/14/15
2,C,C,4/14/15 10:57,0.096483479,4/14/15
2,C,D,4/14/15 11:05,0.142847776,4/14/15
2,C,E,4/14/15 11:13,0.133021997,4/14/15
2,C,F,4/14/15 11:22,0.105711282,4/14/15
2,C,G,4/14/15 11:30,0.109147596,4/14/15
2,H,A,4/14/15 11:39,0.241835562,4/14/15
2,H,B,4/14/15 11:48,0.212493083,4/14/15
2,H,C,4/14/15 11:56,0.129163866,4/14/15
2,H,D,4/14/15 12:30,0.131188494,4/14/15
2,H,E,4/14/15 12:39,0.174440097,4/14/15
2,H,F,4/14/15 12:47,0.152707955,4/14/15
2,H,G,4/14/15 12:56,0.161370843,4/14/15
3,C,A,4/13/15 17:02,0.105746205,4/13/15
3,C,B,4/13/15 17:11,0.053435979,4/13/15
3,C,C,4/13/15 17:19,0.115171028,4/13/15
3,C,D,4/13/15 17:28,0.096225789,4/13/15
3,C,E,4/13/15 17:36,0.074207894,4/13/15
3,C,F,4/13/15 17:45,0.058120318,4/13/15
3,C,G,4/13/15 17:53,0.099595132,4/13/15
3,H,A,4/13/15 18:02,0.124017033,4/13/15
3,H,B,4/13/15 18:10,0.103901627,4/13/15
3,H,C,4/13/15 18:19,0.170550005,4/13/15
3,H,D,4/13/15 18:27,0.126745207,4/13/15
3,H,E,4/13/15 18:37,0.126988985,4/13/15
3,H,F,4/13/15 18:45,0.131333349,4/13/15
3,H,G,4/13/15 18:54,0.099344157,4/13/15
1,C,A,5/11/15 14:43,0.113854193,5/11/15
1,C,B,5/11/15 14:52,0.16728557,5/11/15
1,C,C,5/11/15 15:01,0.156743475,5/11/15
1,C,D,5/11/15 15:10,0.233229646,5/11/15
1,C,E,5/11/15 15:18,0.183455945,5/11/15
1,C,F,5/11/15 15:29,0.143478372,5/11/15
1,C,G,5/11/15 15:38,0.140049944,5/11/15
1,H,A,5/11/15 13:30,0.326801323,5/11/15
1,H,B,5/11/15 13:42,0.243638348,5/11/15
1,H,C,5/11/15 13:51,0.18383196,5/11/15
1,H,D,5/11/15 14:00,0.139053723,5/11/15
1,H,E,5/11/15 14:10,0.264647207,5/11/15
1,H,F,5/11/15 14:24,0.175649444,5/11/15
1,H,G,5/11/15 14:33,0.178659674,5/11/15
2,C,A,5/11/15 16:50,0.123573298,5/11/15
2,C,B,5/11/15 16:59,0.10715066,5/11/15
2,C,C,5/11/15 17:07,0.091936463,5/11/15
2,C,D,5/11/15 17:16,0.120783851,5/11/15
2,C,E,5/11/15 17:25,0.134575642,5/11/15
2,C,F,5/11/15 17:37,0.121732947,5/11/15
2,C,G,5/11/15 17:46,0.103585712,5/11/15
2,H,A,5/11/15 15:49,0.243659462,5/11/15
2,H,B,5/11/15 15:57,0.185643231,5/11/15
2,H,C,5/11/15 16:05,0.117541479,5/11/15
2,H,D,5/11/15 16:14,0.178789842,5/11/15
2,H,E,5/11/15 16:22,0.193837424,5/11/15
2,H,F,5/11/15 16:31,0.14189551,5/11/15
2,H,G,5/11/15 16:40,0.106180127,5/11/15
3,C,A,5/12/15 8:26,0.107394408,5/12/15
3,C,B,5/12/15 8:35,0.049998473,5/12/15
3,C,C,5/12/15 8:44,0.1070289,5/12/15
3,C,D,5/12/15 8:53,0.088459536,5/12/15
3,C,E,5/12/15 9:02,0.081043694,5/12/15
3,C,F,5/12/15 9:10,0.072691692,5/12/15
3,C,G,5/12/15 9:19,0.108703322,5/12/15
3,H,A,5/12/15 9:31,0.103136057,5/12/15
3,H,B,5/12/15 9:40,0.08335055,5/12/15
3,H,C,5/12/15 9:49,0.171016342,5/12/15
3,H,D,5/12/15 9:57,0.104037404,5/12/15
3,H,E,5/12/15 10:05,0.155663408,5/12/15
3,H,F,5/12/15 10:15,0.158868231,5/12/15
3,H,G,5/12/15 10:24,0.083657047,5/12/15
1,C,A,6/11/15 12:55,0.205762012,6/11/15
1,C,B,6/11/15 13:02,0.256617155,6/11/15
1,C,C,6/11/15 13:10,0.313100269,6/11/15
1,C,D,6/11/15 13:17,0.436599526,6/11/15
1,C,E,6/11/15 13:25,0.542498372,6/11/15
1,C,F,6/11/15 13:33,0.259665724,6/11/15
1,C,G,6/11/15 13:41,0.181254489,6/11/15
1,H,A,6/11/15 11:55,0.468193708,6/11/15
1,H,B,6/11/15 12:02,0.406761652,6/11/15
1,H,C,6/11/15 12:10,0.312732719,6/11/15
1,H,D,6/11/15 12:18,0.24042397,6/11/15
1,H,E,6/11/15 12:26,0.503372456,6/11/15
1,H,F,6/11/15 12:36,0.382989207,6/11/15
1,H,G,6/11/15 12:45,0.51940974,6/11/15
2,C,A,6/11/15 14:45,0.424816539,6/11/15
2,C,B,6/11/15 14:52,0.266558581,6/11/15
2,C,C,6/11/15 15:01,0.223814498,6/11/15
2,C,D,6/11/15 15:09,0.278418185,6/11/15
2,C,E,6/11/15 15:17,0.245264753,6/11/15
2,C,F,6/11/15 15:25,0.209614227,6/11/15
2,C,G,6/11/15 15:32,0.202777458,6/11/15
2,H,A,6/11/15 13:49,0.267041655,6/11/15
2,H,B,6/11/15 13:57,0.239656509,6/11/15
2,H,C,6/11/15 14:04,0.172177571,6/11/15
2,H,D,6/11/15 14:13,0.169087918,6/11/15
2,H,E,6/11/15 14:21,0.190293219,6/11/15
2,H,F,6/11/15 14:29,0.162207585,6/11/15
2,H,G,6/11/15 14:37,0.234468536,6/11/15
3,C,A,6/11/15 16:37,0.193425365,6/11/15
3,C,B,6/11/15 16:45,0.14868381,6/11/15
3,C,C,6/11/15 17:03,0.1912009,6/11/15
3,C,D,6/11/15 17:18,0.225618575,6/11/15
3,C,E,6/11/15 17:26,0.229275848,6/11/15
3,C,F,6/11/15 17:34,0.15862074,6/11/15
3,C,G,6/11/15 17:41,0.213578701,6/11/15
3,H,A,6/11/15 15:40,0.227284458,6/11/15
3,H,B,6/11/15 15:48,0.265728273,6/11/15
3,H,C,6/11/15 15:58,0.327446258,6/11/15
3,H,D,6/11/15 16:05,0.24526695,6/11/15
3,H,E,6/11/15 16:13,0.26584561,6/11/15
3,H,F,6/11/15 16:22,0.238582078,6/11/15
3,H,G,6/11/15 16:29,0.149039376,6/11/15
1,C,A,7/28/15 14:36,0.072991433,7/28/15
1,C,B,7/28/15 14:45,0.103395715,7/28/15
1,C,C,7/28/15 14:53,0.109948453,7/28/15
1,C,D,7/28/15 15:02,0.131716965,7/28/15
1,C,E,7/28/15 15:11,0.17319673,7/28/15
1,C,F,7/28/15 15:29,0.133528655,7/28/15
1,C,G,7/28/15 15:29,0.103046064,7/28/15
1,H,A,7/28/15 13:29,0.299114471,7/28/15
1,H,B,7/28/15 13:38,0.204644359,7/28/15
1,H,C,7/28/15 13:48,0.142376285,7/28/15
1,H,D,7/28/15 13:56,0.21113618,7/28/15
1,H,E,7/28/15 14:05,0.243213689,7/28/15
1,H,F,7/28/15 14:14,0.134283783,7/28/15
1,H,G,7/28/15 14:24,0.128484779,7/28/15
2,C,A,7/28/15 17:09,0.119757834,7/28/15
2,C,B,7/28/15 17:18,0.124056796,7/28/15
2,C,C,7/28/15 17:27,0.164364614,7/28/15
2,C,D,7/28/15 17:36,0.133966343,7/28/15
2,C,E,7/28/15 17:46,0.125729081,7/28/15
2,C,F,7/28/15 17:55,0.119704339,7/28/15
2,C,G,7/28/15 18:06,0.10310287,7/28/15
2,H,A,7/28/15 16:02,0.14185987,7/28/15
2,H,B,7/28/15 16:11,0.099604904,7/28/15
2,H,C,7/28/15 16:21,0.078495827,7/28/15
2,H,D,7/28/15 16:30,0.09081831,7/28/15
2,H,E,7/28/15 16:39,0.114854417,7/28/15
2,H,F,7/28/15 16:48,0.091412354,7/28/15
2,H,G,7/28/15 16:57,0.066163141,7/28/15
3,C,A,7/29/15 10:22,0.103224679,7/29/15
3,C,B,7/29/15 10:34,0.09122988,7/29/15
3,C,C,7/29/15 10:45,0.089958284,7/29/15
3,C,D,7/29/15 10:53,0.114039909,7/29/15
3,C,E,7/29/15 11:03,0.097469964,7/29/15
3,C,F,7/29/15 11:11,0.10348721,7/29/15
3,C,G,7/29/15 11:20,0.121564545,7/29/15
3,H,A,7/29/15 11:30,0.101812898,7/29/15
3,H,B,7/29/15 11:38,0.094433442,7/29/15
3,H,E,7/29/15 11:48,0.152655564,7/29/15
3,H,D,7/29/15 11:56,0.099515368,7/29/15
3,H,C,7/29/15 12:06,0.122756575,7/29/15
3,H,F,7/29/15 12:15,0.089518608,7/29/15
3,H,G,7/29/15 12:24,0.09461448,7/29/15
1,C,A,8/26/15 15:37,0.063240153,8/26/15
1,C,B,8/26/15 15:46,0.081818752,8/26/15
1,C,C,8/26/15 15:54,0.087914549,8/26/15
1,C,D,8/26/15 16:03,0.094494469,8/26/15
1,C,E,8/26/15 16:11,0.090328849,8/26/15
1,C,F,8/26/15 16:22,0.065255842,8/26/15
1,C,G,8/26/15 16:31,0.063796429,8/26/15
1,H,A,8/26/15 14:35,0.188260903,8/26/15
1,H,B,8/26/15 14:43,0.179552775,8/26/15
1,H,C,8/26/15 14:53,0.108266023,8/26/15
1,H,D,8/26/15 15:01,0.149540604,8/26/15
1,H,E,8/26/15 15:10,0.202971731,8/26/15
1,H,F,8/26/15 15:20,0.097321716,8/26/15
1,H,G,8/26/15 15:28,0.102805598,8/26/15
2,C,A,8/26/15 12:42,0.085881043,8/26/15
2,C,B,8/26/15 13:27,0.069753448,8/26/15
2,C,C,8/26/15 13:36,0.070428113,8/26/15
2,C,D,8/26/15 13:45,0.101723916,8/26/15
2,C,E,8/26/15 13:53,0.114647813,8/26/15
2,C,F,8/26/15 14:02,0.078854642,8/26/15
2,C,G,8/26/15 14:21,0.056722645,8/26/15
2,H,A,8/26/15 11:42,0.08948925,8/26/15
2,H,B,8/26/15 11:51,0.076778983,8/26/15
2,H,C,8/26/15 11:59,0.074252956,8/26/15
2,H,D,8/26/15 12:08,0.068977298,8/26/15
2,H,E,8/26/15 12:16,0.08954484,8/26/15
2,H,F,8/26/15 12:25,0.057950409,8/26/15
2,H,G,8/26/15 12:33,0.053237369,8/26/15
3,C,A,8/26/15 8:58,0.084125926,8/26/15
3,C,B,8/26/15 9:53,0.063166231,8/26/15
3,C,C,8/26/15 9:43,0.067187869,8/26/15
3,C,D,8/26/15 9:19,0.072890761,8/26/15
3,C,E,8/26/15 9:28,0.068181298,8/26/15
3,C,F,8/26/15 10:05,0.06911734,8/26/15
3,C,G,8/26/15 10:16,0.088728226,8/26/15
3,H,A,8/26/15 10:27,0.083884966,8/26/15
3,H,B,8/26/15 10:37,0.077270439,8/26/15
3,H,C,8/26/15 10:55,0.092747218,8/26/15
3,H,D,8/26/15 10:46,0.080316075,8/26/15
3,H,E,8/26/15 11:03,0.106615286,8/26/15
3,H,F,8/26/15 11:12,0.080081517,8/26/15
3,H,G,8/26/15 11:20,0.068497909,8/26/15
1,C,A,9/28/15 14:30,0.05299567,9/28/15
1,C,B,9/28/15 14:25,0.05758482,9/28/15
1,C,C,9/28/15 14:39,0.048843604,9/28/15
1,C,D,9/28/15 14:47,0.060263156,9/28/15
1,C,E,9/28/15 14:55,0.089019005,9/28/15
1,C,F,9/28/15 15:29,0.06566927,9/28/15
1,C,G,9/28/15 15:17,0.048716112,9/28/15
1,H,A,9/28/15 12:46,0.161679339,9/28/15
1,H,B,9/28/15 13:01,0.127574214,9/28/15
1,H,C,9/28/15 13:12,0.105671633,9/28/15
1,H,D,9/28/15 13:20,0.096968428,9/28/15
1,H,E,9/28/15 13:55,0.179379024,9/28/15
1,H,F,9/28/15 14:05,0.089544886,9/28/15
1,H,G,9/28/15 14:13,0.077496168,9/28/15
2,C,A,9/28/15 16:57,0.060650347,9/28/15
2,C,B,9/28/15 17:06,0.048514307,9/28/15
2,C,C,9/28/15 17:16,0.054323226,9/28/15
2,C,D,9/28/15 17:24,0.06681733,9/28/15
2,C,E,9/28/15 17:36,0.071175914,9/28/15
2,C,F,9/28/15 17:46,0.057734587,9/28/15
2,C,G,9/28/15 18:02,0.064178703,9/28/15
2,H,A,9/28/15 15:46,0.062952955,9/28/15
2,H,B,9/28/15 15:54,0.053865335,9/28/15
2,H,C,9/28/15 16:03,0.045753361,9/28/15
2,H,D,9/28/15 16:11,0.050859417,9/28/15
2,H,E,9/28/15 16:20,0.066119195,9/28/15
2,H,F,9/28/15 16:40,0.050716876,9/28/15
2,H,G,9/28/15 16:48,0.042241549,9/28/15
3,C,A,9/29/15 8:46,0.059780443,9/29/15
3,C,B,9/29/15 9:56,0.06405035,9/29/15
3,C,C,9/29/15 9:04,0.054270302,9/29/15
3,C,D,9/29/15 9:12,0.054499515,9/29/15
3,C,E,9/29/15 9:21,0.049382572,9/29/15
3,C,F,9/29/15 9:37,0.061633495,9/29/15
3,C,G,9/29/15 9:47,0.069156935,9/29/15
3,H,A,9/29/15 10:15,0.05637745,9/29/15
3,H,B,9/29/15 10:24,0.064506749,9/29/15
3,H,C,9/29/15 10:33,0.079680539,9/29/15
3,H,D,9/29/15 10:50,0.051761977,9/29/15
3,H,E,9/29/15 10:07,0.075902475,9/29/15
3,H,F,9/29/15 11:07,0.065810029,9/29/15
3,H,G,9/29/15 10:59,0.05276577,9/29/15
1,C,A,10/29/15 13:53,0.105004698,10/29/15
1,C,B,10/29/15 14:02,0.124528678,10/29/15
1,C,C,10/29/15 14:10,0.102915606,10/29/15
1,C,D,10/29/15 14:18,0.125446193,10/29/15
1,C,E,10/29/15 14:26,0.130798698,10/29/15
1,C,F,10/29/15 14:35,0.121633172,10/29/15
1,C,G,10/29/15 14:43,0.10491994,10/29/15
1,H,A,10/29/15 14:51,0.163089736,10/29/15
1,H,B,10/29/15 14:59,0.200522265,10/29/15
1,H,C,10/29/15 15:08,0.129477028,10/29/15
1,H,D,10/29/15 15:16,0.11480243,10/29/15
1,H,E,10/29/15 15:42,0.195017865,10/29/15
1,H,F,10/29/15 15:24,0.10315791,10/29/15
1,H,G,10/29/15 15:33,0.126991138,10/29/15
2,C,A,10/29/15 16:50,0.119064434,10/29/15
2,C,B,10/29/15 16:58,0.072253418,10/29/15
2,C,C,10/29/15 17:07,0.09113034,10/29/15
2,C,D,10/29/15 17:15,0.12311646,10/29/15
2,C,E,10/29/15 17:23,0.110138299,10/29/15
2,C,F,10/29/15 17:31,0.093498479,10/29/15
2,C,G,10/29/15 17:39,0.109947662,10/29/15
2,H,A,10/29/15 15:52,0.13322259,10/29/15
2,H,B,10/29/15 16:00,0.11790188,10/29/15
2,H,C,10/29/15 16:08,0.100698801,10/29/15
2,H,D,10/29/15 16:16,0.099652993,10/29/15
2,H,E,10/29/15 16:25,0.12488993,10/29/15
2,H,F,10/29/15 16:33,0.083301376,10/29/15
2,H,G,10/29/15 16:42,0.073442757,10/29/15
3,C,A,10/30/15 10:13,0.088232319,10/30/15
3,C,B,10/30/15 10:21,0.103259123,10/30/15
3,C,C,10/30/15 10:30,0.095896892,10/30/15
3,C,D,10/30/15 10:38,0.11125563,10/30/15
3,C,E,10/30/15 10:46,0.094194118,10/30/15
3,C,F,10/30/15 10:54,0.08400228,10/30/15
3,C,G,10/30/15 11:02,0.116379889,10/30/15
3,H,A,10/30/15 11:13,0.097795488,10/30/15
3,H,B,10/30/15 11:21,0.134151693,10/30/15
3,H,C,10/30/15 11:30,0.122315809,10/30/15
3,H,D,10/30/15 11:39,0.087674167,10/30/15
3,H,E,10/30/15 11:47,0.094065655,10/30/15
3,H,F,10/30/15 11:55,0.115498959,10/30/15
3,H,G,10/30/15 12:04,0.109928738,10/30/15
1,C,A,12/2/15 11:54,0.083542053,12/2/15
1,C,B,12/2/15 12:02,0.10176389,12/2/15
1,C,C,12/2/15 12:11,0.088685185,12/2/15
1,C,D,12/2/15 12:20,0.139512139,12/2/15
1,C,E,12/2/15 12:28,0.096706566,12/2/15
1,C,F,12/2/15 12:36,0.079477396,12/2/15
1,C,G,12/2/15 13:47,0.104188559,12/2/15
1,H,A,12/2/15 12:46,0.225440924,12/2/15
1,H,B,12/2/15 12:54,0.223748012,12/2/15
1,H,C,12/2/15 13:03,0.169211925,12/2/15
1,H,D,12/2/15 13:12,0.1452839,12/2/15
1,H,E,12/2/15 13:21,0.250389536,12/2/15
1,H,F,12/2/15 13:30,0.166952402,12/2/15
1,H,G,12/2/15 13:38,0.170234256,12/2/15
2,C,A,12/2/15 9:52,0.070636773,12/2/15
2,C,B,12/2/15 10:01,0.077807205,12/2/15
2,C,C,12/2/15 10:09,0.07215904,12/2/15
2,C,D,12/2/15 10:18,0.113597356,12/2/15
2,C,E,12/2/15 10:26,0.106927725,12/2/15
2,C,F,12/2/15 10:36,0.066750279,12/2/15
2,C,G,12/2/15 10:44,0.098497353,12/2/15
2,H,A,12/2/15 10:52,0.160072688,12/2/15
2,H,B,12/2/15 11:01,0.123896727,12/2/15
2,H,C,12/2/15 11:18,0.094254019,12/2/15
2,H,D,12/2/15 11:26,0.096707901,12/2/15
2,H,E,12/2/15 11:09,0.117970819,12/2/15
2,H,F,12/2/15 11:34,0.115760662,12/2/15
2,H,G,12/2/15 11:44,0.093393973,12/2/15
3,C,A,12/2/15 8:58,0.073532877,12/2/15
3,C,B,12/2/15 9:02,0.057357764,12/2/15
3,C,C,12/2/15 9:10,0.05604694,12/2/15
3,C,D,12/2/15 9:18,0.086636607,12/2/15
3,C,E,12/2/15 9:26,0.052558645,12/2/15
3,C,F,12/2/15 9:35,0.053341147,12/2/15
3,C,G,12/2/15 9:44,0.089304226,12/2/15
3,H,A,12/2/15 7:54,0.074373708,12/2/15
3,H,B,12/2/15 8:02,0.109435922,12/2/15
3,H,C,12/2/15 8:12,0.103331426,12/2/15
3,H,D,12/2/15 8:20,0.112144697,12/2/15
3,H,E,12/2/15 8:29,0.083685985,12/2/15
3,H,F,12/2/15 8:37,0.104287775,12/2/15
3,H,G,12/2/15 8:45,0.056602265,12/2/15
1,C,A,2/10/16 16:25,0.087476628,2/10/16
1,C,B,2/10/16 16:31,0.101907111,2/10/16
1,C,C,2/10/16 16:42,0.084628164,2/10/16
1,C,D,2/10/16 16:51,0.139234423,2/10/16
1,C,E,2/10/16 17:05,0.081157412,2/10/16
1,C,F,2/10/16 17:14,0.082881396,2/10/16
1,C,G,2/10/16 17:24,0.09673657,2/10/16
1,H,A,2/10/16 14:01,0.250220534,2/10/16
1,H,B,2/10/16 14:09,0.203865288,2/10/16
1,H,C,2/10/16 14:18,0.158559401,2/10/16
1,H,D,2/10/16 14:27,0.132301512,2/10/16
1,H,E,2/10/16 14:35,0.248676789,2/10/16
1,H,F,2/10/16 14:45,0.172489486,2/10/16
1,H,G,2/10/16 14:53,0.187440584,2/10/16
2,C,A,2/10/16 11:41,0.09298186,2/10/16
2,C,B,2/10/16 11:49,0.06218875,2/10/16
2,C,C,2/10/16 11:58,0.086229743,2/10/16
2,C,D,2/10/16 12:07,0.111080808,2/10/16
2,C,E,2/10/16 12:16,0.087264322,2/10/16
2,C,F,2/10/16 12:26,0.070160562,2/10/16
2,C,G,2/10/16 12:35,0.067411873,2/10/16
2,H,A,2/10/16 10:41,0.136398272,2/10/16
2,H,B,2/10/16 10:50,0.11564188,2/10/16
2,H,C,2/10/16 10:58,0.104742711,2/10/16
2,H,D,2/10/16 11:07,0.100451776,2/10/16
2,H,E,2/10/16 11:16,0.119172601,2/10/16
2,H,F,2/10/16 11:24,0.127722928,2/10/16
2,H,G,2/10/16 11:33,0.085381002,2/10/16
3,C,A,2/10/16 9:33,0.056175573,2/10/16
3,C,B,2/10/16 9:41,0.041521654,2/10/16
3,C,C,2/10/16 9:51,0.0477787,2/10/16
3,C,D,2/10/16 9:59,0.070222435,2/10/16
3,C,E,2/10/16 10:07,0.049919172,2/10/16
3,C,F,2/10/16 10:16,0.068077924,2/10/16
3,C,G,2/10/16 10:34,0.086825127,2/10/16
3,H,A,2/10/16 8:32,0.061925926,2/10/16
3,H,B,2/10/16 8:42,0.068672073,2/10/16
3,H,C,2/10/16 8:51,0.090807425,2/10/16
3,H,D,2/10/16 9:00,0.040130692,2/10/16
3,H,E,2/10/16 9:08,0.047239304,2/10/16
3,H,F,2/10/16 9:16,0.077284753,2/10/16
3,H,G,2/10/16 9:25,0.063462405,2/10/16
1,C,A,3/22/16 17:45,0.066422374,3/22/16
1,C,B,3/22/16 17:53,0.064070167,3/22/16
1,C,C,3/22/16 18:01,0.057913057,3/22/16
1,C,D,3/22/16 18:10,0.084170143,3/22/16
1,C,E,3/22/16 18:18,0.074074543,3/22/16
1,C,F,3/22/16 18:31,0.057652855,3/22/16
1,C,G,3/22/16 18:39,0.046069768,3/22/16
1,H,A,3/22/16 16:46,0.150657214,3/22/16
1,H,B,3/22/16 16:55,0.109767854,3/22/16
1,H,C,3/22/16 17:03,0.0627656,3/22/16
1,H,D,3/22/16 17:12,0.057526188,3/22/16
1,H,E,3/22/16 17:20,0.093371383,3/22/16
1,H,F,3/22/16 17:28,0.076466525,3/22/16
1,H,F,3/22/16 18:59,0.097486586,3/22/16
1,H,G,3/22/16 17:36,0.304492397,3/22/16
1,H,G,3/22/16 18:50,0.347159574,3/22/16
2,C,A,3/22/16 10:00,0.063649449,3/22/16
2,C,B,3/22/16 10:10,0.051981075,3/22/16
2,C,C,3/22/16 10:19,0.051496318,3/22/16
2,C,D,3/22/16 10:28,0.078621937,3/22/16
2,C,E,3/22/16 10:37,0.089036851,3/22/16
2,C,F,3/22/16 10:46,0.064649907,3/22/16
2,C,G,3/22/16 10:54,0.080491672,3/22/16
2,H,A,3/22/16 8:47,0.068815398,3/22/16
2,H,B,3/22/16 8:55,0.052475988,3/22/16
2,H,C,3/22/16 9:04,0.040061518,3/22/16
2,H,D,3/22/16 9:12,0.050462712,3/22/16
2,H,D,3/22/16 9:21,0.06028133,3/22/16
2,H,E,3/22/16 9:30,0.050192345,3/22/16
2,H,F,3/22/16 9:39,0.057448763,3/22/16
2,H,G,3/22/16 9:49,0.047408601,3/22/16
3,C,A,3/22/16 15:36,0.045486462,3/22/16
3,C,B,3/22/16 15:44,0.051055882,3/22/16
3,C,C,3/22/16 15:54,0.034223712,3/22/16
3,C,D,3/22/16 16:02,0.055467832,3/22/16
3,C,E,3/22/16 16:11,0.050479587,3/22/16
3,C,E,3/22/16 16:19,0.048271524,3/22/16
3,C,F,3/22/16 16:28,0.046024879,3/22/16
3,C,G,3/22/16 16:37,0.067031484,3/22/16
3,H,A,3/22/16 14:25,0.061406891,3/22/16
3,H,B,3/22/16 14:36,0.090372241,3/22/16
3,H,C,3/22/16 14:48,0.099103463,3/22/16
3,H,D,3/22/16 15:00,0.060983994,3/22/16
3,H,E,3/22/16 15:08,0.037715652,3/22/16
3,H,F,3/22/16 15:17,0.056156046,3/22/16
3,H,G,3/22/16 15:27,0.048838499,3/22/16
1,C,A,4/18/16 14:29,0.115136326,4/18/16
1,C,B,4/18/16 14:37,0.090248719,4/18/16
1,C,C,4/18/16 14:46,0.100054977,4/18/16
1,C,D,4/18/16 14:54,0.216262138,4/18/16
1,C,E,4/18/16 15:02,0.147891731,4/18/16
1,C,F,4/18/16 15:10,0.1249804,4/18/16
1,C,G,4/18/16 15:19,0.138440809,4/18/16
1,H,A,4/18/16 13:30,0.317406592,4/18/16
1,H,B,4/18/16 13:38,0.232006652,4/18/16
1,H,C,4/18/16 13:46,0.223679177,4/18/16
1,H,D,4/18/16 13:54,0.172117876,4/18/16
1,H,E,4/18/16 14:03,0.297494449,4/18/16
1,H,F,4/18/16 14:11,0.476678909,4/18/16
1,H,G,4/18/16 14:20,0.216381633,4/18/16
2,C,A,4/18/16 9:05,0.115933679,4/18/16
2,C,B,4/18/16 8:26,0.07963318,4/18/16
2,C,C,4/18/16 8:34,0.089145464,4/18/16
2,C,D,4/18/16 8:42,0.173052932,4/18/16
2,C,E,4/18/16 8:50,0.162083675,4/18/16
2,C,F,4/18/16 9:13,0.087280404,4/18/16
2,C,G,4/18/16 9:21,0.076874416,4/18/16
2,H,A,4/18/16 9:30,0.142930708,4/18/16
2,H,B,4/18/16 9:38,0.13250323,4/18/16
2,H,C,4/18/16 9:46,0.146314191,4/18/16
2,H,D,4/18/16 9:54,0.12916857,4/18/16
2,H,E,4/18/16 10:02,0.133278773,4/18/16
2,H,F,4/18/16 10:10,0.175330748,4/18/16
2,H,G,4/18/16 10:19,0.106384695,4/18/16
3,C,A,4/18/16 15:31,0.116256175,4/18/16
3,C,B,4/18/16 15:39,0.074104195,4/18/16
3,C,C,4/18/16 15:47,0.074405196,4/18/16
3,C,D,4/18/16 15:55,0.107963761,4/18/16
3,C,E,4/18/16 16:03,0.087665628,4/18/16
3,C,F,4/18/16 16:12,0.05860178,4/18/16
3,C,G,4/18/16 16:20,0.131970857,4/18/16
3,H,A,4/18/16 16:28,0.100992673,4/18/16
3,H,B,4/18/16 16:37,0.111623013,4/18/16
3,H,C,4/18/16 16:45,0.245263431,4/18/16
3,H,D,4/18/16 16:54,0.069793216,4/18/16
3,H,E,4/18/16 17:02,0.146925551,4/18/16
3,H,F,4/18/16 17:10,0.145165648,4/18/16
3,H,G,4/18/16 17:19,0.110690225,4/18/16
1,C,A,5/23/16 15:31,0.113318963,5/23/16
1,C,B,5/23/16 15:39,0.121614435,5/23/16
1,C,C,5/23/16 15:47,0.109142634,5/23/16
1,C,D,5/23/16 15:55,0.174790294,5/23/16
1,C,E,5/23/16 16:04,0.140151126,5/23/16
1,C,F,5/23/16 16:12,0.101004514,5/23/16
1,C,G,5/23/16 16:21,0.116065991,5/23/16
1,H,A,5/24/16 9:03,0.211270472,5/24/16
1,H,B,5/24/16 9:11,0.211242463,5/24/16
1,H,C,5/24/16 8:20,0.19530577,5/24/16
1,H,D,5/24/16 8:29,0.132691294,5/24/16
1,H,E,5/24/16 8:37,0.216973239,5/24/16
1,H,F,5/24/16 8:46,0.215692842,5/24/16
1,H,G,5/24/16 8:54,0.204617586,5/24/16
2,C,A,5/24/16 10:26,0.11616692,5/24/16
2,C,B,5/24/16 10:34,0.092134142,5/24/16
2,C,C,5/24/16 10:41,0.098903267,5/24/16
2,C,D,5/24/16 10:48,0.146804942,5/24/16
2,C,E,5/24/16 10:55,0.143075139,5/24/16
2,C,F,5/24/16 11:03,0.092019244,5/24/16
2,C,G,5/24/16 11:12,0.112015812,5/24/16
2,H,A,NA NA,NA,NA
2,H,B,NA NA,NA,NA
2,H,C,5/24/16 9:39,0.104411359,5/24/16
2,H,D,5/24/16 9:47,0.114376382,5/24/16
2,H,E,5/24/16 9:55,0.150381354,5/24/16
2,H,F,5/24/16 10:11,0.143640547,5/24/16
2,H,G,5/24/16 10:19,0.11444431,5/24/16
3,C,A,5/23/16 13:28,0.119799595,5/23/16
3,C,B,5/23/16 13:36,0.109284432,5/23/16
3,C,C,NA NA,NA,NA
3,C,D,5/23/16 13:53,0.114494694,5/23/16
3,C,E,5/23/16 14:01,0.079546784,5/23/16
3,C,F,5/23/16 14:09,0.072496734,5/23/16
3,C,G,5/23/16 14:18,0.073215702,5/23/16
3,H,A,5/23/16 14:26,0.124097702,5/23/16
3,H,B,5/23/16 14:35,0.110797925,5/23/16
3,H,C,5/23/16 14:43,0.154009818,5/23/16
3,H,D,5/23/16 14:51,0.099869931,5/23/16
3,H,E,5/23/16 14:59,0.109430084,5/23/16
3,H,F,5/23/16 15:08,0.12575656,5/23/16
3,H,G,5/23/16 15:17,0.085484219,5/23/16
1,C,A,6/28/16 12:46,0.113516526,6/28/16
1,C,B,6/28/16 12:54,0.119082749,6/28/16
1,C,C,6/28/16 13:02,0.135984047,6/28/16
1,C,D,6/28/16 13:10,0.186904421,6/28/16
1,C,E,6/28/16 13:19,0.232656802,6/28/16
1,C,F,6/28/16 13:27,0.135441884,6/28/16
1,C,G,6/28/16 13:35,0.139048809,6/28/16
1,H,A,6/28/16 11:46,0.237658919,6/28/16
1,H,B,6/28/16 11:54,0.143276175,6/28/16
1,H,C,6/28/16 12:03,0.195122314,6/28/16
1,H,D,6/28/16 12:12,0.130992258,6/28/16
1,H,E,6/28/16 12:20,0.186757302,6/28/16
1,H,F,6/28/16 12:28,0.33583879,6/28/16
1,H,G,6/28/16 12:32,0.211798283,6/28/16
2,C,A,6/28/16 14:38,0.163408794,6/28/16
2,C,B,6/28/16 14:46,0.105649603,6/28/16
2,C,C,6/28/16 14:53,0.105676779,6/28/16
2,C,D,6/28/16 15:01,0.140894691,6/28/16
2,C,E,6/28/16 15:08,0.187486487,6/28/16
2,C,F,6/28/16 15:16,0.10631302,6/28/16
2,C,G,6/28/16 15:24,0.122768523,6/28/16
2,H,A,6/28/16 13:44,0.145920695,6/28/16
2,H,B,6/28/16 13:51,0.110516538,6/28/16
2,H,C,6/28/16 13:59,0.090343638,6/28/16
2,H,D,6/28/16 14:06,0.077242782,6/28/16
2,H,E,6/28/16 14:14,0.140164513,6/28/16
2,H,F,6/28/16 14:21,0.091786996,6/28/16
2,H,G,6/28/16 14:29,0.076462808,6/28/16
3,C,A,6/28/16 15:36,0.122570823,6/28/16
3,C,B,6/28/16 15:44,0.105146025,6/28/16
3,C,C,6/28/16 15:51,0.153989096,6/28/16
3,C,D,6/28/16 15:59,0.126599546,6/28/16
3,C,E,6/28/16 16:24,0.133160516,6/28/16
3,C,F,6/28/16 16:07,0.116146644,6/28/16
3,C,G,6/28/16 16:15,0.135101939,6/28/16
3,H,A,6/28/16 16:32,0.071284127,6/28/16
3,H,B,6/28/16 16:41,0.111312718,6/28/16
3,H,C,6/28/16 16:48,0.154904802,6/28/16
3,H,D,6/28/16 16:56,0.09887138,6/28/16
3,H,E,6/28/16 17:04,0.148491276,6/28/16
3,H,F,6/28/16 17:12,0.12695665,6/28/16
3,H,G,6/28/16 17:20,0.092641862,6/28/16
1,C,A,8/3/16 15:12,0.105472284,8/3/16
1,C,B,8/3/16 15:20,0.122670276,8/3/16
1,C,C,8/3/16 15:27,0.133535332,8/3/16
1,C,D,8/3/16 15:35,0.175355568,8/3/16
1,C,E,8/3/16 15:42,0.15791673,8/3/16
1,C,F,8/3/16 15:51,0.098401805,8/3/16
1,C,G,8/3/16 15:59,0.106310341,8/3/16
1,H,A,8/3/16 14:12,0.234613718,8/3/16
1,H,B,8/3/16 14:21,0.166208239,8/3/16
1,H,C,8/3/16 14:24,0.161832839,8/3/16
1,H,D,8/3/16 14:38,0.133124934,8/3/16
1,H,E,8/3/16 14:47,0.150567967,8/3/16
1,H,F,8/3/16 14:57,0.194133931,8/3/16
1,H,G,8/3/16 15:04,0.129245043,8/3/16
2,C,A,8/3/16 17:02,0.107387977,8/3/16
2,C,B,8/3/16 17:11,0.092687431,8/3/16
2,C,C,8/3/16 17:19,0.111450693,8/3/16
2,C,D,8/3/16 17:28,0.13448679,8/3/16
2,C,E,8/3/16 17:36,0.094322929,8/3/16
2,C,F,8/3/16 17:45,0.083795559,8/3/16
2,C,G,8/3/16 17:54,0.104516744,8/3/16
2,H,A,8/3/16 16:07,0.122250245,8/3/16
2,H,B,8/3/16 16:15,0.083843868,8/3/16
2,H,C,8/3/16 16:22,0.070813934,8/3/16
2,H,D,8/3/16 16:30,0.079883693,8/3/16
2,H,E,8/3/16 16:37,0.11719895,8/3/16
2,H,F,8/3/16 16:44,0.082358739,8/3/16
2,H,G,8/3/16 16:53,0.064918774,8/3/16
3,C,A,8/3/16 8:09,0.096449565,8/3/16
3,C,B,8/3/16 8:18,0.058839803,8/3/16
3,C,C,8/3/16 8:30,0.082706389,8/3/16
3,C,D,8/3/16 8:38,0.100329819,8/3/16
3,C,E,8/3/16 8:47,0.099305313,8/3/16
3,C,F,8/3/16 9:04,0.08688195,8/3/16
3,C,G,8/3/16 9:13,0.103525419,8/3/16
3,H,A,8/3/16 9:24,0.09994609,8/3/16
3,H,B,8/3/16 9:32,0.086792822,8/3/16
3,H,C,8/3/16 9:41,0.120952072,8/3/16
3,H,D,8/3/16 9:49,0.066461307,8/3/16
3,H,E,8/3/16 9:58,0.113707315,8/3/16
3,H,F,8/3/16 10:09,0.108994934,8/3/16
3,H,G,8/3/16 10:19,0.081335764,8/3/16
1,C,A,9/28/16 9:42,0.050211449,9/28/16
1,C,B,9/28/16 9:51,0.061933735,9/28/16
1,C,C,9/28/16 9:59,0.073803553,9/28/16
1,C,D,9/28/16 10:07,0.065062152,9/28/16
1,C,E,9/28/16 10:16,0.079148957,9/28/16
1,C,F,9/28/16 10:24,0.063453856,9/28/16
1,C,G,9/28/16 10:33,0.065009957,9/28/16
1,H,A,9/28/16 8:40,0.152560181,9/28/16
1,H,B,9/28/16 8:49,0.117018651,9/28/16
1,H,C,9/28/16 8:58,0.113171952,9/28/16
1,H,D,9/28/16 9:06,0.084798374,9/28/16
1,H,E,9/28/16 9:15,0.103838698,9/28/16
1,H,F,9/28/16 9:25,0.083573989,9/28/16
1,H,G,9/28/16 9:33,0.072809066,9/28/16
2,C,A,9/27/16 16:19,0.064736299,9/27/16
2,C,B,9/27/16 16:12,0.056087167,9/27/16
2,C,C,9/27/16 16:27,0.06609583,9/27/16
2,C,D,9/27/16 16:34,0.08846445,9/27/16
2,C,E,9/27/16 16:42,0.098315392,9/27/16
2,C,F,9/27/16 16:49,0.067536913,9/27/16
2,C,G,9/27/16 17:05,0.078854353,9/27/16
2,H,A,9/27/16 17:13,0.073494815,9/27/16
2,H,B,9/27/16 17:20,0.047809055,9/27/16
2,H,C,9/27/16 17:28,0.050519733,9/27/16
2,H,D,9/27/16 17:35,0.058013073,9/27/16
2,H,E,9/27/16 18:00,0.069320341,9/27/16
2,H,F,9/27/16 17:51,0.042202252,9/27/16
2,H,G,9/27/16 18:09,0.055785116,9/27/16
3,C,A,9/27/16 13:58,0.070149414,9/27/16
3,C,B,9/27/16 14:05,0.058119658,9/27/16
3,C,C,9/27/16 14:14,0.062475397,9/27/16
3,C,D,9/27/16 14:22,0.062073457,9/27/16
3,C,E,9/27/16 14:29,0.055107317,9/27/16
3,C,F,9/27/16 14:37,0.049816495,9/27/16
3,C,G,9/27/16 14:52,0.07526441,9/27/16
3,H,A,9/27/16 14:59,0.058495642,9/27/16
3,H,B,9/27/16 15:07,0.071919612,9/27/16
3,H,C,9/27/16 15:14,0.082624643,9/27/16
3,H,D,9/27/16 15:22,0.06442335,9/27/16
3,H,E,9/27/16 15:29,0.082683774,9/27/16
3,H,F,9/27/16 15:37,0.078585604,9/27/16
3,H,G,9/27/16 15:45,0.058429644,9/27/16
1,C,A,10/19/16 13:34,0.23462736,10/19/16
1,C,B,10/19/16 13:42,0.291843,10/19/16
1,C,C,10/19/16 13:48,0.2104152,10/19/16
1,C,D,10/19/16 13:52,0.32628768,10/19/16
1,C,E,10/19/16 13:58,0.19412964,10/19/16
1,C,F,10/19/16 14:03,0.2118564,10/19/16
1,C,G,10/19/16 14:07,0.1686204,10/19/16
1,H,A,10/19/16 14:14,0.453978,10/19/16
1,H,B,10/19/16 14:18,0.4640664,10/19/16
1,H,C,10/19/16 14:22,0.2803134,10/19/16
1,H,D,10/19/16 14:26,0.23736564,10/19/16
1,H,E,10/19/16 14:31,0.5202732,10/19/16
1,H,F,10/19/16 14:54,0.33594372,10/19/16
1,H,G,10/19/16 14:57,0.33781728,10/19/16
2,H,A,10/19/16 15:22,0.30063432,10/19/16
2,H,B,10/19/16 15:25,0.27137796,10/19/16
2,H,C,10/19/16 15:29,0.16155852,10/19/16
2,H,D,10/19/16 15:33,0.29285184,10/19/16
2,H,E,10/19/16 15:36,0.29285184,10/19/16
2,H,F,10/19/16 15:40,0.20796516,10/19/16
2,H,G,10/19/16 15:45,0.2039298,10/19/16
2,C,A,10/19/16 15:52,0.22151244,10/19/16
2,C,B,10/19/16 15:55,0.16328796,10/19/16
2,C,C,10/19/16 15:59,0.20075916,10/19/16
2,C,D,10/19/16 16:03,0.2096946,10/19/16
2,C,E,10/19/16 16:07,0.30971388,10/19/16
2,C,F,10/19/16 16:12,0.20983872,10/19/16
2,C,G,10/19/16 16:17,0.22064772,10/19/16
3,C,A,10/19/16 16:26,0.15334368,10/19/16
3,C,B,10/19/16 16:30,0.17049396,10/19/16
3,C,C,10/19/16 16:36,0.18966192,10/19/16
3,C,D,10/19/16 16:40,0.20637984,10/19/16
3,C,E,10/19/16 16:43,0.18346476,10/19/16
3,C,F,10/19/16 16:48,0.17640288,10/19/16
3,C,G,10/19/16 16:56,0.21459468,10/19/16
3,H,A,10/19/16 17:02,0.18072648,10/19/16
3,H,B,10/19/16 17:07,0.19340904,10/19/16
3,H,C,10/19/16 17:12,0.2615778,10/19/16
3,H,D,10/19/16 17:17,0.15795552,10/19/16
3,H,E,10/19/16 17:23,0.08618376,10/19/16
3,H,F,10/19/16 17:31,0.19067076,10/19/16
3,H,G,10/19/16 17:36,0.13792284,10/19/16
1,C,A,10/20/16 8:23,0.17755584,10/20/16
1,C,B,10/20/16 8:27,0.21502704,10/20/16
1,C,C,10/20/16 8:31,0.1650174,10/20/16
1,C,D,10/20/16 8:36,0.28146636,10/20/16
1,C,E,10/20/16 8:40,0.19297668,10/20/16
1,C,F,10/20/16 8:46,0.17107044,10/20/16
1,C,G,10/20/16 8:50,0.14887596,10/20/16
1,H,A,10/20/16 8:57,0.407139,10/20/16
1,H,B,10/20/16 9:02,0.39676236,10/20/16
1,H,C,10/20/16 9:06,0.25091292,10/20/16
1,H,D,10/20/16 9:09,0.23145672,10/20/16
1,H,E,10/20/16 9:14,0.4669488,10/20/16
1,H,E,10/20/16 9:17,0.41838036,10/20/16
1,H,F,10/20/16 9:20,0.281034,10/20/16
1,H,G,10/20/16 9:23,0.255813,10/20/16
2,H,A,10/20/16 9:33,0.24846288,10/20/16
2,H,B,10/20/16 9:37,0.20292096,10/20/16
2,H,C,10/20/16 9:42,0.12740208,10/20/16
2,H,D,10/20/16 9:47,0.14815536,10/20/16
2,H,E,10/20/16 9:51,0.23592444,10/20/16
2,H,F,10/20/16 9:54,0.16890864,10/20/16
2,H,G,10/20/16 9:59,0.1527672,10/20/16
2,C,A,10/20/16 10:06,0.17986176,10/20/16
2,C,B,10/20/16 10:10,0.13806696,10/20/16
2,C,C,10/20/16 10:16,0.1751058,10/20/16
2,C,D,10/20/16 10:21,0.20047092,10/20/16
2,C,E,10/20/16 10:24,0.26359548,10/20/16
2,C,F,10/20/16 10:28,0.18822072,10/20/16
2,C,G,10/20/16 10:33,0.18793248,10/20/16
3,C,A,10/20/16 11:00,0.1433994,10/20/16
3,C,B,10/20/16 11:04,0.15031716,10/20/16
3,C,C,10/20/16 11:09,0.17697936,10/20/16
3,C,D,10/20/16 11:13,0.1866354,10/20/16
3,C,E,10/20/16 11:17,0.17769996,10/20/16
3,C,F,10/20/16 11:21,0.15867612,10/20/16
3,C,G,10/20/16 11:26,0.20493864,10/20/16
3,H,A,10/20/16 11:31,0.17741172,10/20/16
3,H,B,10/20/16 11:35,0.1808706,10/20/16
3,H,C,10/20/16 11:39,0.2291508,10/20/16
3,H,D,10/20/16 11:42,0.1470024,10/20/16
3,H,E,10/20/16 11:47,0.0958398,10/20/16
3,H,F,10/20/16 11:54,0.1880766,10/20/16
3,H,G,10/20/16 11:58,0.1289874,10/20/16
1,C,A,1/16/17 15:15,0.174328259,1/16/17
1,C,C,1/16/17 15:13,0.063232229,1/16/17
1,C,G,1/16/17 13:26,0.061501382,1/16/17
2,C,A,1/16/17 14:13,0.079384667,1/16/17
2,C,C,1/16/17 14:13,0.061680447,1/16/17
2,C,D,1/16/17 14:13,0.091018155,1/16/17
2,C,G,1/16/17 14:13,0.10226478,1/16/17
1,H,A,1/16/17 14:45,0.18511712,1/16/17
1,H,B,1/16/17 14:45,0.202919873,1/16/17
1,H,C,1/16/17 14:45,0.116663845,1/16/17
1,H,D,1/16/17 14:45,0.096726873,1/16/17
1,H,E,1/16/17 14:45,NA,1/16/17
1,H,F,1/16/17 15:07,0.134037323,1/16/17
1,H,G,1/16/17 15:09,0.131924827,1/16/17
2,H,B,1/16/17 13:45,0.09699489,1/16/17
2,H,C,1/16/17 13:50,0.0615167,1/16/17
2,H,D,1/16/17 13:56,0.092355082,1/16/17
2,H,E,1/16/17 14:01,0.138707386,1/16/17
2,H,F,1/16/17 14:04,0.097045367,1/16/17
3,H,A,1/16/17 11:25,0.049971539,1/16/17
3,H,B,1/16/17 11:40,0.059381569,1/16/17
3,H,C,1/16/17 11:55,0.076700176,1/16/17
3,H,D,1/16/17 12:24,0.049022435,1/16/17
3,H,E,1/16/17 12:36,0.024077035,1/16/17
3,H,F,1/16/17 13:05,0.076825594,1/16/17
3,H,G,1/16/17 13:21,0.044151947,1/16/17
1,C,A,3/16/17 13:30,0.087368571,3/16/17
1,C,B,3/16/17 13:38,0.124587059,3/16/17
1,C,C,3/16/17 13:46,0.104085159,3/16/17
1,C,D,3/16/17 13:55,0.168353493,3/16/17
1,C,E,3/16/17 14:03,0.104182287,3/16/17
1,C,F,3/16/17 14:11,0.088055185,3/16/17
1,C,G,3/16/17 14:19,0.100748822,3/16/17
1,H,A,3/16/17 14:28,0.300373807,3/16/17
1,H,B,3/16/17 14:37,0.217235535,3/16/17
1,H,C,3/16/17 14:45,0.205000803,3/16/17
1,H,D,3/16/17 14:53,0.124849447,3/16/17
1,H,E,3/16/17 15:02,0.304242837,3/16/17
1,H,F,3/16/17 15:10,0.193432882,3/16/17
1,H,G,3/16/17 15:18,0.176556886,3/16/17
2,C,A,3/16/17 16:27,0.081801339,3/16/17
2,C,B,3/16/17 16:38,0.081781608,3/16/17
2,C,C,3/16/17 16:46,0.085630889,3/16/17
2,C,D,3/16/17 16:55,0.098610959,3/16/17
2,C,E,3/16/17 17:03,0.097620282,3/16/17
2,C,F,3/16/17 17:12,0.087519738,3/16/17
2,C,G,3/16/17 17:20,0.077760237,3/16/17
2,H,A,3/16/17 15:28,0.144409552,3/16/17
2,H,B,3/16/17 15:37,0.11434265,3/16/17
2,H,C,3/16/17 15:45,0.080219198,3/16/17
2,H,D,3/16/17 15:53,0.138421561,3/16/17
2,H,E,3/16/17 16:02,0.116248438,3/16/17
2,H,F,3/16/17 16:10,0.192077034,3/16/17
2,H,G,3/16/17 16:18,0.094468532,3/16/17
3,C,A,3/16/17 10:22,0.058483183,3/16/17
3,C,B,3/16/17 10:30,0.041917901,3/16/17
3,C,C,3/16/17 11:07,0.061196305,3/16/17
3,C,D,3/16/17 10:49,0.057562673,3/16/17
3,C,E,3/16/17 10:39,0.062770286,3/16/17
3,C,F,3/16/17 10:57,0.049279227,3/16/17
3,C,G,3/16/17 11:16,0.052172313,3/16/17
3,H,A,3/16/17 9:22,0.082512319,3/16/17
3,H,B,3/16/17 9:31,0.102207353,3/16/17
3,H,C,3/16/17 9:39,0.141257304,3/16/17
3,H,D,3/16/17 9:45,0.079835382,3/16/17
3,H,E,3/16/17 9:56,0.145200713,3/16/17
3,H,F,3/16/17 10:05,0.12064281,3/16/17
3,H,G,3/16/17 10:13,0.082149428,3/16/17
1,C,A,4/19/17 14:29,0.110730902,4/19/17
1,C,B,4/19/17 14:34,0.163233915,4/19/17
1,C,C,4/19/17 14:39,0.110671807,4/19/17
1,C,D,4/19/17 14:44,0.2107755,4/19/17
1,C,E,4/19/17 14:48,0.166214223,4/19/17
1,C,F,4/19/17 14:55,0.107248651,4/19/17
1,C,G,4/19/17 14:59,0.12484395,4/19/17
1,H,A,4/19/17 13:56,0.4885668,4/19/17
1,H,B,4/19/17 14:01,0.33680844,4/19/17
1,H,C,4/19/17 14:07,0.2248272,4/19/17
1,H,D,4/19/17 14:12,0.163821204,4/19/17
1,H,E,4/19/17 14:16,0.364825368,4/19/17
1,H,F,4/19/17 14:21,0.229069733,4/19/17
1,H,G,4/19/17 14:25,0.23477148,4/19/17
2,C,A,4/19/17 16:37,0.15838788,4/19/17
2,C,B,4/19/17 16:45,0.11659308,4/19/17
2,C,C,4/19/17 16:50,0.11255772,4/19/17
2,C,D,4/19/17 16:54,0.17323224,4/19/17
2,C,E,4/19/17 16:59,0.20421804,4/19/17
2,C,F,4/19/17 17:04,0.1340316,4/19/17
2,C,G,4/19/17 17:08,0.14642592,4/19/17
2,H,A,4/19/17 15:48,0.1974444,4/19/17
2,H,B,4/19/17 15:51,0.13777872,4/19/17
2,H,C,4/19/17 16:02,0.08113956,4/19/17
2,H,D,4/19/17 16:09,0.11659308,4/19/17
2,H,E,4/19/17 16:12,0.16689096,4/19/17
2,H,F,4/19/17 16:25,0.12668148,4/19/17
2,H,G,4/19/17 16:30,0.1073694,4/19/17
3,C,A,4/19/17 11:48,0.077899632,4/19/17
3,C,B,4/19/17 12:09,0.101982915,4/19/17
3,C,C,4/19/17 12:16,0.09228484,4/19/17
3,C,D,4/19/17 12:22,0.117785345,4/19/17
3,C,E,4/19/17 12:26,0.096034194,4/19/17
3,C,F,4/19/17 12:38,0.10890668,4/19/17
3,C,G,4/19/17 12:44,0.140148693,4/19/17
3,H,A,4/19/17 12:59,0.130467905,4/19/17
3,H,B,4/19/17 13:04,0.220746803,4/19/17
3,H,C,4/19/17 13:10,0.282273432,4/19/17
3,H,D,4/19/17 13:13,0.12603294,4/19/17
3,H,E,4/19/17 13:17,0.094613247,4/19/17
3,H,F,4/19/17 13:26,0.180097593,4/19/17
3,H,G,4/19/17 13:33,0.112450659,4/19/17
1,C,A,6/6/17 16:46,0.17885292,6/6/17
1,C,B,6/6/17 16:51,0.20191212,6/6/17
1,C,C,6/6/17 16:55,0.19225608,6/6/17
1,C,D,6/6/17 17:00,0.32455824,6/6/17
1,C,E,6/6/17 17:05,0.29270772,6/6/17
1,C,F,6/6/17 17:12,0.20652396,6/6/17
1,C,G,6/6/17 17:18,0.21488292,6/6/17
1,H,A,6/6/17 17:26,0.4510956,6/6/17
1,H,B,6/6/17 17:32,0.35294988,6/6/17
1,H,C,6/6/17 17:38,0.3631824,6/6/17
1,H,D,6/6/17 17:41,0.1830324,6/6/17
1,H,E,6/6/17 17:47,0.36411918,6/6/17
1,H,F,6/6/17 17:54,0.25927188,6/6/17
1,H,G,6/6/17 18:02,0.2745486,6/6/17
2,C,A,6/6/17 15:48,0.26092926,6/6/17
2,C,B,6/6/17 15:58,0.175991109,6/6/17
2,C,C,6/6/17 16:04,0.18753615,6/6/17
2,C,D,6/6/17 16:09,0.224417596,6/6/17
2,C,E,6/6/17 16:17,0.26546904,6/6/17
2,C,F,6/6/17 16:20,0.13540074,6/6/17
2,C,G,6/6/17 16:25,0.21082354,6/6/17
2,H,A,6/6/17 14:54,0.23568424,6/6/17
2,H,B,6/6/17 15:03,0.21123188,6/6/17
2,H,C,6/6/17 15:10,0.1718631,6/6/17
2,H,D,6/6/17 15:17,0.189078889,6/6/17
2,H,E,6/6/17 15:21,0.17087828,6/6/17
2,H,F,6/6/17 15:35,0.155958429,6/6/17
2,H,G,6/6/17 15:41,0.153508389,6/6/17
3,C,A,6/7/17 8:42,0.15752316,6/7/17
3,C,B,6/7/17 8:52,0.09454272,6/7/17
3,C,C,6/7/17 8:58,0.14930832,6/7/17
3,C,D,6/7/17 9:03,0.14080524,6/7/17
3,C,E,6/7/17 9:09,0.11976372,6/7/17
3,C,F,6/7/17 9:16,0.1671792,6/7/17
3,C,G,6/7/17 9:22,0.1851942,6/7/17
3,H,A,6/7/17 9:40,0.18130296,6/7/17
3,H,B,6/7/17 9:45,0.16602624,6/7/17
3,H,C,6/7/17 9:49,0.21416232,6/7/17
3,H,D,6/7/17 9:54,0.15435252,6/7/17
3,H,E,6/7/17 9:58,0.18346476,6/7/17
3,H,F,6/7/17 10:22,0.17856468,6/7/17
3,H,G,6/7/17 10:27,0.136914,6/7/17
1,C,A,7/10/17 10:01,0.172972411,7/10/17
1,C,B,7/10/17 10:07,0.177183494,7/10/17
1,C,C,7/10/17 10:12,0.213374951,7/10/17
1,C,D,7/10/17 10:16,0.287497161,7/10/17
1,C,E,7/10/17 10:21,0.373604865,7/10/17
1,C,F,7/10/17 10:26,0.232640393,7/10/17
1,C,G,7/10/17 10:29,0.201750793,7/10/17
1,H,A,7/10/17 9:28,0.468275536,7/10/17
1,H,B,7/10/17 9:33,0.2440736,7/10/17
1,H,C,7/10/17 9:37,0.412134654,7/10/17
1,H,D,7/10/17 9:41,0.199485898,7/10/17
1,H,E,7/10/17 9:46,0.486615442,7/10/17
1,H,F,7/10/17 9:50,0.258342016,7/10/17
1,H,G,7/10/17 9:54,0.276079616,7/10/17
2,C,A,7/10/17 15:59,0.322828489,7/10/17
2,C,B,7/10/17 16:03,0.213402249,7/10/17
2,C,C,7/10/17 16:07,0.281921721,7/10/17
2,C,D,7/10/17 16:12,0.374113191,7/10/17
2,C,E,7/10/17 16:16,0.530961298,7/10/17
2,C,F,7/10/17 16:21,0.228670935,7/10/17
2,C,G,7/10/17 16:26,0.247528487,7/10/17
2,H,A,7/10/17 16:34,0.231259218,7/10/17
2,H,B,7/10/17 16:38,0.201874736,7/10/17
2,H,C,7/10/17 16:46,0.205228043,7/10/17
2,H,D,7/10/17 16:51,0.236071218,7/10/17
2,H,E,7/10/17 16:57,0.219614039,7/10/17
2,H,F,7/10/17 17:03,0.192025067,7/10/17
2,H,G,7/10/17 17:07,0.144234724,7/10/17
3,C,A,7/10/17 14:55,0.190057861,7/10/17
3,C,B,7/10/17 15:03,0.113682518,7/10/17
3,C,C,7/10/17 15:12,0.144885923,7/10/17
3,C,D,7/10/17 15:16,0.153361613,7/10/17
3,C,E,7/10/17 15:22,0.167923639,7/10/17
3,C,F,7/10/17 15:31,0.185395962,7/10/17
3,C,G,7/10/17 15:37,0.199021683,7/10/17
3,H,A,7/10/17 14:03,0.154510547,7/10/17
3,H,B,7/10/17 14:16,0.236923992,7/10/17
3,H,C,7/10/17 14:22,0.103078322,7/10/17
3,H,D,7/10/17 14:29,0.149357627,7/10/17
3,H,E,7/10/17 14:34,0.352952793,7/10/17
3,H,F,7/10/17 14:41,0.16697484,7/10/17
3,H,G,7/10/17 14:46,0.108882486,7/10/17
1,C,A,8/29/17 12:08,0.216090186,8/29/17
1,C,B,8/29/17 12:11,0.215836926,8/29/17
1,C,C,8/29/17 NA,NA,8/29/17
1,C,D,8/29/17 NA,NA,8/29/17
1,C,E,8/29/17 NA,NA,8/29/17
1,C,F,8/29/17 NA,NA,8/29/17
1,C,G,8/29/17 NA,NA,8/29/17
1,H,A,8/29/17 11:52,0.524170963,8/29/17
1,H,B,8/29/17 11:54,0.295308383,8/29/17
1,H,C,8/29/17 NA,NA,8/29/17
1,H,D,8/29/17 NA,NA,8/29/17
1,H,E,8/29/17 NA,NA,8/29/17
1,H,F,8/29/17 NA,NA,8/29/17
1,H,G,8/29/17 NA,NA,8/29/17
2,C,A,8/29/17 12:52,0.229728728,8/29/17
2,C,B,8/29/17 12:44,0.173824152,8/29/17
2,C,C,8/29/17 NA,NA,8/29/17
2,C,D,8/29/17 NA,NA,8/29/17
2,C,E,8/29/17 NA,NA,8/29/17
2,C,F,8/29/17 NA,NA,8/29/17
2,C,G,8/29/17 NA,NA,8/29/17
2,H,A,8/29/17 14:48,0.153625729,8/29/17
2,H,B,8/29/17 15:01,0.121074932,8/29/17
2,H,C,8/29/17 NA,NA,8/29/17
2,H,D,8/29/17 NA,NA,8/29/17
2,H,E,8/29/17 NA,NA,8/29/17
2,H,F,8/29/17 NA,NA,8/29/17
2,H,G,8/29/17 NA,NA,8/29/17
3,C,A,8/29/17 12:18,0.126006271,8/29/17
3,C,B,8/29/17 12:25,0.086391125,8/29/17
3,C,C,8/29/17 12:33,0.137672062,8/29/17
3,C,D,8/29/17 12:38,0.106783085,8/29/17
3,C,E,8/29/17 12:46,0.127546737,8/29/17
3,C,F,8/29/17 12:51,0.133916248,8/29/17
3,C,G,8/29/17 12:55,0.146843563,8/29/17
3,H,A,8/29/17 11:26,0.124923524,8/29/17
3,H,B,8/29/17 11:32,0.128268518,8/29/17
3,H,C,8/29/17 11:38,0.065146412,8/29/17
3,H,D,8/29/17 11:46,0.100234265,8/29/17
3,H,E,8/29/17 11:52,0.110554942,8/29/17
3,H,F,8/29/17 12:01,0.110683729,8/29/17
3,H,G,8/29/17 12:08,0.075848418,8/29/17
1,C,A,10/4/17 14:05,0.118302435,10/4/17
1,C,B,10/4/17 14:10,0.117706667,10/4/17
1,C,C,10/4/17 14:16,0.087164001,10/4/17
1,C,D,10/4/17 14:23,0.135937678,10/4/17
1,C,E,10/4/17 14:29,0.154252921,10/4/17
1,C,F,10/4/17 14:33,0.104924992,10/4/17
1,C,G,10/4/17 14:39,0.09028333,10/4/17
1,H,A,10/4/17 1:48,0.290530451,10/4/17
1,H,B,10/4/17 14:52,0.192920035,10/4/17
1,H,C,10/4/17 14:58,0.174232984,10/4/17
1,H,D,10/4/17 15:02,0.160324763,10/4/17
1,H,E,10/4/17 15:06,0.271250589,10/4/17
1,H,F,10/4/17 15:10,0.144829437,10/4/17
1,H,G,10/4/17 15:15,0.133342974,10/4/17
2,C,A,10/4/17 12:51,0.125266691,10/4/17
2,C,B,10/4/17 12:56,0.093166748,10/4/17
2,C,C,10/4/17 13:01,0.112417959,10/4/17
2,C,D,10/4/17 13:06,0.133992094,10/4/17
2,C,E,10/4/17 13:10,0.17377231,10/4/17
2,C,F,10/4/17 13:16,0.094584752,10/4/17
2,C,G,10/4/17 13:21,0.127288283,10/4/17
2,H,A,10/4/17 12:04,0.099834738,10/4/17
2,H,B,10/4/17 12:09,0.084232054,10/4/17
2,H,C,10/4/17 12:16,0.0806048,10/4/17
2,H,D,10/4/17 12:22,0.059095614,10/4/17
2,H,E,10/4/17 12:29,0.113191017,10/4/17
2,H,F,10/4/17 12:33,0.072303398,10/4/17
2,H,G,10/4/17 1:41,0.063803817,10/4/17
3,C,A,10/4/17 15:25,0.086208948,10/4/17
3,C,B,10/4/17 15:30,0.050019421,10/4/17
3,C,C,10/4/17 15:38,0.071177122,10/4/17
3,C,D,10/4/17 15:44,0.061194924,10/4/17
3,C,E,10/4/17 15:51,0.072114315,10/4/17
3,C,F,10/4/17 15:57,0.076410442,10/4/17
3,C,G,10/4/17 16:04,0.083784844,10/4/17
3,H,A,10/4/17 16:11,0.074533769,10/4/17
3,H,B,10/4/17 16:17,0.089720415,10/4/17
3,H,C,10/4/17 16:27,0.06102234,10/4/17
3,H,D,10/4/17 16:31,0.070183634,10/4/17
3,H,E,10/4/17 16:36,0.104648801,10/4/17
3,H,F,10/4/17 16:42,0.074451969,10/4/17
3,H,G,10/4/17 16:52,0.056477884,10/4/17
1,C,A,11/7/17 13:20,0.498341826,11/7/17
1,C,B,11/7/17 13:23,0.476633098,11/7/17
1,C,C,11/7/17 13:26,0.320830153,11/7/17
1,C,D,11/7/17 13:30,0.283579487,11/7/17
1,C,E,11/7/17 13:33,0.473007717,11/7/17
1,C,F,11/7/17 13:36,0.320084422,11/7/17
1,C,G,11/7/17 13:40,0.285094793,11/7/17
1,H,A,11/7/17 13:49,0.235006082,11/7/17
1,H,B,11/7/17 13:54,0.250968876,11/7/17
1,H,C,11/7/17 13:57,0.222713623,11/7/17
1,H,D,11/7/17 13:59,0.388947006,11/7/17
1,H,E,11/7/17 14:03,0.262181238,11/7/17
1,H,F,11/7/17 14:06,0.190926039,11/7/17
1,H,G,11/7/17 14:09,0.184633406,11/7/17
2,C,A,11/7/17 11:40,0.261258883,11/7/17
2,C,B,11/7/17 11:44,0.21362329,11/7/17
2,C,C,11/7/17 11:48,0.148593293,11/7/17
2,C,D,11/7/17 11:51,0.195636962,11/7/17
2,C,E,11/7/17 11:55,0.254320048,11/7/17
2,C,F,11/7/17 11:58,0.201674782,11/7/17
2,C,G,11/7/17 12:01,0.203775824,11/7/17
2,H,A,11/7/17 12:47,0.167930555,11/7/17
2,H,B,11/7/17 12:51,0.159805488,11/7/17
2,H,C,11/7/17 12:55,0.208155287,11/7/17
2,H,D,11/7/17 12:59,0.238746656,11/7/17
2,H,E,11/7/17 13:02,0.297859536,11/7/17
2,H,F,11/7/17 13:06,0.20115342,11/7/17
2,H,G,11/7/17 13:09,0.27832078,11/7/17
3,C,A,11/7/17 11:05,0.171702721,11/7/17
3,C,B,11/7/17 11:10,0.143059876,11/7/17
3,C,C,11/7/17 11:15,0.144205351,11/7/17
3,C,D,11/7/17 11:20,0.199898241,11/7/17
3,C,E,11/7/17 11:24,0.164733907,11/7/17
3,C,F,11/7/17 11:29,0.156355733,11/7/17
3,C,G,11/7/17 11:33,0.184739949,11/7/17
3,H,A,11/7/17 10:32,0.172616125,11/7/17
3,H,B,11/7/17 10:38,0.158405021,11/7/17
3,H,C,11/7/17 10:43,0.15331146,11/7/17
3,H,D,11/7/17 10:47,0.152794635,11/7/17
3,H,E,11/7/17 10:51,0.23733643,11/7/17
3,H,F,11/7/17 10:56,0.163829655,11/7/17
3,H,G,11/7/17 11:01,0.14848569,11/7/17
1,C,A,12/20/17 8:56,0.107821894,12/20/17
1,C,B,12/20/17 9:03,0.107470266,12/20/17
1,C,C,12/20/17 9:08,0.08063558,12/20/17
1,C,D,12/20/17 9:14,0.176408896,12/20/17
1,C,E,12/20/17 9:20,0.126152556,12/20/17
1,C,F,12/20/17 9:27,0.082585695,12/20/17
1,C,G,12/20/17 9:33,0.083478324,12/20/17
1,H,A,12/20/17 8:14,0.286136097,12/20/17
1,H,B,12/20/17 8:27,0.299379647,12/20/17
1,H,C,12/20/17 8:34,0.216320748,12/20/17
1,H,D,12/20/17 8:38,0.127524991,12/20/17
1,H,E,12/20/17 8:44,0.341639514,12/20/17
1,H,F,12/20/17 8:47,0.181770493,12/20/17
1,H,G,12/20/17 8:51,0.150025132,12/20/17
2,C,A,12/20/17 15:52,0.088926636,12/20/17
2,C,B,12/20/17 15:59,0.076801175,12/20/17
2,C,C,12/20/17 16:09,0.148860866,12/20/17
2,C,D,12/20/17 16:14,0.118665913,12/20/17
2,C,E,12/20/17 16:21,0.14173494,12/20/17
2,C,F,12/20/17 16:25,0.105277886,12/20/17
2,C,G,12/20/17 16:30,0.12396145,12/20/17
2,H,A,12/20/17 15:11,0.164338437,12/20/17
2,H,B,12/20/17 15:16,0.123111986,12/20/17
2,H,C,12/20/17 15:22,0.082690728,12/20/17
2,H,D,12/20/17 15:30,0.10934817,12/20/17
2,H,E,12/20/17 15:36,0.169423295,12/20/17
2,H,F,12/20/17 15:41,0.16476087,12/20/17
2,H,G,12/20/17 15:45,0.096748798,12/20/17
3,C,A,12/20/17 13:13,0.098599831,12/20/17
3,C,B,12/20/17 13:20,0.062155672,12/20/17
3,C,C,12/20/17 13:30,0.117272598,12/20/17
3,C,D,12/20/17 13:36,0.115508117,12/20/17
3,C,E,12/20/17 13:46,0.084212646,12/20/17
3,C,F,12/20/17 14:01,0.080255435,12/20/17
3,C,G,12/20/17 14:10,0.097146211,12/20/17
3,H,A,12/20/17 14:21,0.123808302,12/20/17
3,H,B,12/20/17 14:27,0.090494718,12/20/17
3,H,C,12/20/17 14:33,0.079396694,12/20/17
3,H,D,12/20/17 14:43,0.095803457,12/20/17
3,H,E,12/20/17 14:50,0.129821988,12/20/17
3,H,F,12/20/17 14:55,0.109342205,12/20/17
3,H,G,12/20/17 15:01,0.078994251,12/20/17
1,C,A,1/23/18 10:57,0.246656067,1/23/18
1,C,B,1/23/18 11:03,0.30039968,1/23/18
1,C,C,1/23/18 11:15,0.27973583,1/23/18
1,C,D,1/23/18 11:22,0.488089409,1/23/18
1,C,E,1/23/18 11:25,0.337530697,1/23/18
1,C,F,1/23/18 11:32,0.306193214,1/23/18
1,C,G,1/23/18 11:37,0.25644098,1/23/18
1,H,A,1/23/18 10:12,1.065065644,1/23/18
1,H,B,1/23/18 10:16,0.871686357,1/23/18
1,H,C,1/23/18 10:34,0.578764306,1/23/18
1,H,D,1/23/18 10:42,0.43554285,1/23/18
1,H,E,1/23/18 10:45,1.10329683,1/23/18
1,H,F,1/23/18 10:48,0.528530018,1/23/18
1,H,G,1/23/18 10:52,0.489760139,1/23/18
2,C,A,1/23/18 12:45,0.309517265,1/23/18
2,C,B,1/23/18 12:51,0.249579362,1/23/18
2,C,C,1/23/18 12:57,0.307640039,1/23/18
2,C,D,1/23/18 13:04,0.342230986,1/23/18
2,C,E,1/23/18 13:09,0.335799565,1/23/18
2,C,F,1/23/18 13:15,0.41107304,1/23/18
2,C,G,1/23/18 13:19,0.363201676,1/23/18
2,H,A,1/23/18 11:46,0.381427791,1/23/18
2,H,B,1/23/18 11:49,0.324752835,1/23/18
2,H,C,1/23/18 11:55,0.243687012,1/23/18
2,H,D,1/23/18 12:03,0.396696118,1/23/18
2,H,E,1/23/18 12:07,0.566157577,1/23/18
2,H,F,1/23/18 12:12,0.944474388,1/23/18
2,H,G,1/23/18 12:14,0.321756633,1/23/18
3,C,A,1/23/18 13:29,0.28126554,1/23/18
3,C,B,1/23/18 13:55,0.215943001,1/23/18
3,C,C,1/23/18 13:42,0.260181352,1/23/18
3,C,D,1/23/18 13:48,0.335651004,1/23/18
3,C,E,1/23/18 13:53,0.252943301,1/23/18
3,C,F,1/23/18 14:00,0.279414511,1/23/18
3,C,G,1/23/18 14:07,0.3248801,1/23/18
3,H,A,1/23/18 14:13,0.452997525,1/23/18
3,H,B,1/23/18 14:20,0.350709183,1/23/18
3,H,C,1/23/18 14:25,0.326155474,1/23/18
3,H,D,1/23/18 14:31,0.313295105,1/23/18
3,H,E,1/23/18 14:38,0.359946757,1/23/18
3,H,F,1/23/18 14:44,0.384420248,1/23/18
3,H,G,1/23/18 14:49,0.344593432,1/23/18
1,C,A,4/3/18 17:45,0.142483038,4/3/18
1,C,B,4/3/18 17:52,0.147192008,4/3/18
1,C,C,4/3/18 17:56,0.132032051,4/3/18
1,C,D,4/3/18 18:01,0.169713657,4/3/18
1,C,E,4/3/18 18:05,0.130870533,4/3/18
1,C,F,4/3/18 18:11,0.14327499,4/3/18
1,C,G,4/3/18 18:15,0.122849663,4/3/18
1,H,A,4/3/18 17:20,0.721390752,4/3/18
1,H,B,4/3/18 17:24,0.243596917,4/3/18
1,H,C,4/3/18 17:27,0.260202612,4/3/18
1,H,D,4/3/18 17:30,0.191961061,4/3/18
1,H,E,4/3/18 17:34,0.53810823,4/3/18
1,H,F,4/3/18 17:37,0.260763241,4/3/18
1,H,G,4/3/18 17:41,0.303122155,4/3/18
2,C,A,4/3/18 10:51,0.078206595,4/3/18
2,C,B,4/3/18 11:15,0.075721471,4/3/18
2,C,C,4/3/18 11:23,0.112044162,4/3/18
2,C,D,4/3/18 11:30,0.140560468,4/3/18
2,C,E,4/3/18 11:43,0.149548808,4/3/18
2,C,F,4/3/18 11:47,0.062832875,4/3/18
2,C,G,4/3/18 11:55,0.082281716,4/3/18
2,H,A,4/3/18 9:57,0.12322489,4/3/18
2,H,B,4/3/18 10:02,0.108234509,4/3/18
2,H,C,4/03/18 NA,NA,4/3/18
2,H,D,4/03/18 NA,NA,4/3/18
2,H,E,4/03/18 NA,NA,4/3/18
2,H,F,4/3/18 10:39,0.113921107,4/3/18
2,H,G,4/3/18 10:45,0.145493891,4/3/18
3,C,A,4/03/18 NA,NA,4/3/18
3,C,B,4/03/18 NA,NA,4/3/18
3,C,C,4/3/18 15:57,0.099943372,4/3/18
3,C,D,4/3/18 16:03,0.08492687,4/3/18
3,C,E,4/3/18 16:10,0.058979345,4/3/18
3,C,F,4/3/18 16:30,0.109325301,4/3/18
3,C,G,4/3/18 16:34,0.107746693,4/3/18
3,H,A,4/3/18 16:45,0.090086829,4/3/18
3,H,B,4/3/18 17:00,0.091504172,4/3/18
3,H,C,4/3/18 17:05,0.08967757,4/3/18
3,H,D,4/3/18 17:10,0.084506073,4/3/18
3,H,E,4/3/18 17:23,0.077077432,4/3/18
3,H,F,4/3/18 17:30,0.074559426,4/3/18
3,H,G,4/3/18 17:35,0.057857794,4/3/18
1,C,A,5/9/18 11:07,0.161031724,5/9/18
1,C,B,5/9/18 11:11,0.183061895,5/9/18
1,C,C,5/9/18 11:15,0.193472173,5/9/18
1,C,D,5/9/18 11:19,0.322677051,5/9/18
1,C,E,5/9/18 11:22,0.207477967,5/9/18
1,C,F,5/9/18 11:27,0.186903901,5/9/18
1,C,G,5/9/18 11:31,0.172343005,5/9/18
1,H,A,5/9/18 10:27,0.542430556,5/9/18
1,H,B,5/9/18 10:32,0.261183855,5/9/18
1,H,C,5/9/18 10:40,0.331969946,5/9/18
1,H,D,5/9/18 10:46,0.243008479,5/9/18
1,H,E,5/9/18 10:51,0.475346986,5/9/18
1,H,F,5/9/18 10:57,0.309079663,5/9/18
1,H,G,5/9/18 11:01,0.267116367,5/9/18
2,C,A,5/9/18 12:22,0.196646352,5/9/18
2,C,B,5/9/18 12:25,0.190253728,5/9/18
2,C,C,5/9/18 12:30,0.185287952,5/9/18
2,C,D,5/9/18 12:34,0.235481077,5/9/18
2,C,E,5/9/18 12:38,0.287270096,5/9/18
2,C,F,5/9/18 12:42,0.172616484,5/9/18
2,C,G,5/9/18 12:45,0.177665276,5/9/18
2,H,A,5/9/18 11:43,0.255817066,5/9/18
2,H,B,5/9/18 11:46,0.229203622,5/9/18
2,H,C,5/9/18 11:50,0.182837835,5/9/18
2,H,D,5/9/18 11:54,0.299332313,5/9/18
2,H,E,5/9/18 11:59,0.318934928,5/9/18
2,H,F,5/9/18 12:05,0.255676423,5/9/18
2,H,G,5/9/18 12:08,0.171955231,5/9/18
3,C,A,5/9/18 14:40,0.218466191,5/9/18
3,C,B,5/9/18 14:44,0.110205794,5/9/18
3,C,C,5/9/18 14:50,0.169613343,5/9/18
3,C,D,5/9/18 14:53,0.176657257,5/9/18
3,C,E,5/9/18 14:59,0.122369204,5/9/18
3,C,F,5/9/18 15:05,0.142650093,5/9/18
3,C,G,5/9/18 15:13,0.205480507,5/9/18
3,H,A,5/9/18 13:48,0.169748919,5/9/18
3,H,B,5/9/18 13:58,0.185584952,5/9/18
3,H,C,5/9/18 14:02,0.213936507,5/9/18
3,H,D,5/9/18 14:09,0.168821437,5/9/18
3,H,E,5/9/18 14:15,0.278858893,5/9/18
3,H,F,5/9/18 14:25,0.22512697,5/9/18
3,H,G,5/9/18 14:30,0.164275397,5/9/18
1,C,A,6/4/18 11:58,0.185722113,6/4/18
1,C,B,6/4/18 12:03,0.25307492,6/4/18
1,C,C,6/4/18 12:06,0.177715693,6/4/18
1,C,D,6/4/18 12:10,0.40336013,6/4/18
1,C,E,6/4/18 12:13,0.281008449,6/4/18
1,C,F,6/4/18 12:18,0.220578512,6/4/18
1,C,G,6/4/18 12:22,0.261380792,6/4/18
1,H,A,6/4/18 11:33,0.538558646,6/4/18
1,H,B,6/4/18 11:37,0.247215046,6/4/18
1,H,C,6/4/18 11:40,0.362658948,6/4/18
1,H,D,6/4/18 11:43,0.213191291,6/4/18
1,H,E,6/4/18 11:45,0.504638788,6/4/18
1,H,F,6/4/18 11:49,0.433559913,6/4/18
1,H,G,6/4/18 11:52,0.331306717,6/4/18
2,C,A,6/4/18 11:02,0.304519763,6/4/18
2,C,B,6/4/18 11:05,0.220248074,6/4/18
2,C,C,6/4/18 11:09,0.245101762,6/4/18
2,C,D,6/4/18 11:12,0.369723464,6/4/18
2,C,E,6/4/18 11:17,0.413525953,6/4/18
2,C,F,6/4/18 11:20,0.170795489,6/4/18
2,C,G,6/4/18 11:24,0.229051011,6/4/18
2,H,A,6/4/18 10:35,0.248510046,6/4/18
2,H,B,6/4/18 10:38,0.240065948,6/4/18
2,H,C,6/4/18 10:42,0.231440052,6/4/18
2,H,D,6/4/18 10:46,0.386536549,6/4/18
2,H,E,6/4/18 10:49,0.383332421,6/4/18
2,H,F,6/4/18 10:52,0.286994546,6/4/18
2,H,G,6/4/18 10:56,0.194886103,6/4/18
3,C,A,6/4/18 14:42,0.299942653,6/4/18
3,C,B,6/4/18 14:47,0.16944517,6/4/18
3,C,C,6/4/18 14:52,0.232924518,6/4/18
3,C,D,6/4/18 14:56,0.216512471,6/4/18
3,C,E,6/4/18 15:00,0.222010735,6/4/18
3,C,F,6/4/18 15:08,0.210387172,6/4/18
3,C,G,6/4/18 15:14,0.265470838,6/4/18
3,H,A,6/4/18 14:09,0.279703139,6/4/18
3,H,B,6/4/18 14:13,0.26227721,6/4/18
3,H,C,6/4/18 14:17,0.213591268,6/4/18
3,H,D,6/4/18 14:21,0.20776921,6/4/18
3,H,E,6/4/18 14:25,0.350201241,6/4/18
3,H,F,6/4/18 14:29,0.273156461,6/4/18
3,H,G,6/4/18 14:33,0.151618002,6/4/18
1,C,A,7/5/18 9:45,0.420150627,7/5/18
1,C,B,7/5/18 9:49,0.539218507,7/5/18
1,C,C,7/5/18 9:52,0.45217072,7/5/18
1,C,D,7/5/18 9:57,1.120810444,7/5/18
1,C,E,7/5/18 10:03,0.592767258,7/5/18
1,C,F,7/5/18 10:07,0.558490331,7/5/18
1,C,G,7/5/18 10:10,0.460235761,7/5/18
1,H,A,7/5/18 10:18,0.665642768,7/5/18
1,H,B,7/5/18 10:21,0.529648328,7/5/18
1,H,C,7/5/18 10:26,0.720475752,7/5/18
1,H,D,7/5/18 10:29,0.612251956,7/5/18
1,H,E,7/5/18 10:33,0.838395883,7/5/18
1,H,F,7/5/18 10:36,1.007677762,7/5/18
1,H,G,7/5/18 10:38,0.591787145,7/5/18
2,C,A,7/5/18 13:15,0.668532465,7/5/18
2,C,B,7/5/18 13:17,0.427188367,7/5/18
2,C,C,7/5/18 13:32,0.475540075,7/5/18
2,C,D,7/5/18 13:37,0.772742079,7/5/18
2,C,E,7/5/18 13:38,0.842458233,7/5/18
2,C,F,7/5/18 13:27,0.541117888,7/5/18
2,C,G,7/5/18 13:23,0.522021868,7/5/18
2,H,A,7/5/18 13:43,0.543646011,7/5/18
2,H,B,7/5/18 13:46,0.421774255,7/5/18
2,H,C,7/5/18 13:51,0.586225081,7/5/18
2,H,D,7/5/18 13:55,0.546382016,7/5/18
2,H,E,7/5/18 13:58,0.50737082,7/5/18
2,H,F,7/5/18 14:02,0.383011146,7/5/18
2,H,G,7/5/18 14:08,0.345258501,7/5/18
3,C,A,7/5/18 11:24,0.435812519,7/5/18
3,C,B,7/5/18 11:30,0.307685688,7/5/18
3,C,C,7/5/18 11:35,0.516800358,7/5/18
3,C,D,7/5/18 11:40,0.287363103,7/5/18
3,C,E,7/5/18 11:44,0.516591978,7/5/18
3,C,F,7/5/18 11:47,0.491487463,7/5/18
3,C,G,7/5/18 11:55,0.504792132,7/5/18
3,H,A,7/5/18 10:46,0.526901485,7/5/18
3,H,B,7/5/18 10:51,0.441367719,7/5/18
3,H,C,7/5/18 10:56,0.346984536,7/5/18
3,H,D,7/5/18 11:07,0.422318808,7/5/18
3,H,E,7/5/18 11:10,0.411790704,7/5/18
3,H,F,7/5/18 11:15,0.405023835,7/5/18
3,H,G,7/5/18 11:18,0.285742578,7/5/18
1,C,A,8/1/18 7:44,0.277529838,8/1/18
1,C,B,8/1/18 7:54,0.222987873,8/1/18
1,C,C,8/1/18 8:03,0.191917122,8/1/18
1,C,D,8/1/18 8:12,0.280180765,8/1/18
1,C,E,8/1/18 8:22,0.247885824,8/1/18
1,C,F,8/1/18 8:31,0.228098961,8/1/18
1,C,G,8/1/18 8:42,0.248779692,8/1/18
1,H,A,8/1/18 8:54,0.479646593,8/1/18
1,H,B,8/1/18 9:04,0.231344406,8/1/18
1,H,C,8/1/18 9:13,0.230649827,8/1/18
1,H,D,8/1/18 9:22,0.271762003,8/1/18
1,H,E,8/1/18 9:35,0.350714975,8/1/18
1,H,F,8/1/18 9:43,0.295631769,8/1/18
1,H,G,8/1/18 9:52,0.312089267,8/1/18
2,C,A,7/31/18 13:39,0.235119944,7/31/18
2,C,B,7/31/18 13:48,0.190265642,7/31/18
2,C,C,7/31/18 13:57,0.241458847,7/31/18
2,C,D,7/31/18 14:08,0.327188811,7/31/18
2,C,E,7/31/18 14:16,0.414029249,7/31/18
2,C,F,7/31/18 14:23,0.297488574,7/31/18
2,C,G,7/31/18 14:33,0.266017224,7/31/18
2,H,A,7/31/18 14:59,0.216742169,7/31/18
2,H,B,7/31/18 14:44,0.170894312,7/31/18
2,H,C,7/31/18 15:08,0.186125907,7/31/18
2,H,D,7/31/18 15:16,0.175792672,7/31/18
2,H,E,7/31/18 15:24,0.193073568,7/31/18
2,H,F,7/31/18 15:33,0.154562962,7/31/18
2,H,G,7/31/18 15:41,0.124368108,7/31/18
3,C,A,7/31/18 10:20,0.188782748,7/31/18
3,C,B,7/31/18 10:34,0.138797371,7/31/18
3,C,C,7/31/18 10:44,0.172405701,7/31/18
3,C,D,7/31/18 10:56,0.14528362,7/31/18
3,C,E,7/31/18 11:08,0.198953497,7/31/18
3,C,F,7/31/18 11:22,0.182636289,7/31/18
3,C,G,7/31/18 11:33,0.212031044,7/31/18
3,H,A,7/31/18 12:25,0.182076107,7/31/18
3,H,B,7/31/18 12:36,0.169900154,7/31/18
3,H,C,7/31/18 12:44,0.136739438,7/31/18
3,H,D,7/31/18 12:54,0.160698523,7/31/18
3,H,E,7/31/18 13:04,0.200876005,7/31/18
3,H,F,7/31/18 1:13,0.179921565,7/31/18
3,H,G,7/31/18 13:24,0.12391151,7/31/18
1,C,A,9/4/18 15:07,0.198261822,9/4/18
1,C,B,9/4/18 15:09,0.165393919,9/4/18
1,C,C,9/4/18 15:14,0.110043391,9/4/18
1,C,D,9/4/18 15:19,0.175573674,9/4/18
1,C,E,9/4/18 15:34,0.150365647,9/4/18
1,C,F,9/4/18 15:23,0.119760476,9/4/18
1,C,G,9/4/18 15:28,0.144512181,9/4/18
1,H,A,9/4/18 14:41,0.382564942,9/4/18
1,H,B,9/4/18 14:44,0.154899709,9/4/18
1,H,C,9/4/18 14:47,0.200617199,9/4/18
1,H,D,9/4/18 14:51,0.200035612,9/4/18
1,H,E,9/4/18 15:01,0.303415601,9/4/18
1,H,F,9/4/18 14:55,0.184405885,9/4/18
1,H,G,9/4/18 14:57,0.167509891,9/4/18
2,C,A,9/4/18 16:30,0.164938123,9/4/18
2,C,B,9/4/18 16:34,0.189742728,9/4/18
2,C,C,9/4/18 16:38,0.249151229,9/4/18
2,C,D,9/4/18 16:43,0.416309431,9/4/18
2,C,E,9/4/18 17:00,0.38298871,9/4/18
2,C,F,9/4/18 16:47,0.199807244,9/4/18
2,C,G,9/4/18 16:52,0.211500532,9/4/18
2,H,A,9/4/18 15:42,0.146386579,9/4/18
2,H,B,9/4/18 15:46,0.094125594,9/4/18
2,H,C,9/4/18 16:03,0.081975062,9/4/18
2,H,D,9/4/18 15:51,0.134390506,9/4/18
2,H,E,9/4/18 16:18,0.141746404,9/4/18
2,H,F,9/4/18 15:57,0.086208365,9/4/18
2,H,G,9/4/18 16:10,0.067415785,9/4/18
3,C,A,9/4/18 12:18,0.151976371,9/4/18
3,C,B,9/4/18 12:29,0.122696935,9/4/18
3,C,C,9/4/18 13:09,0.132733265,9/4/18
3,C,D,9/4/18 12:44,0.111744829,9/4/18
3,C,E,9/4/18 12:55,0.130233424,9/4/18
3,C,F,9/4/18 13:17,0.116438344,9/4/18
3,C,G,9/4/18 13:24,0.154257629,9/4/18
3,H,A,9/4/18 13:32,0.12380877,9/4/18
3,H,B,9/4/18 13:44,0.14424158,9/4/18
3,H,C,9/4/18 14:21,0.116103077,9/4/18
3,H,D,9/4/18 13:38,0.120549896,9/4/18
3,H,E,9/4/18 14:28,0.12904067,9/4/18
3,H,F,9/4/18 14:32,0.123190765,9/4/18
3,H,G,9/4/18 14:15,0.097960454,9/4/18
1,C,A,10/8/18 14:56,0.30646196,10/8/18
1,C,B,10/8/18 14:59,0.344920913,10/8/18
1,C,C,10/8/18 15:12,0.264236984,10/8/18
1,C,D,10/8/18 15:15,0.456077899,10/8/18
1,C,E,10/8/18 15:17,0.279301242,10/8/18
1,C,F,10/8/18 15:20,0.287085492,10/8/18
1,C,G,10/8/18 15:24,0.284190227,10/8/18
1,H,A,10/8/18 14:29,0.368165801,10/8/18
1,H,B,10/8/18 14:32,0.622759314,10/8/18
1,H,C,10/8/18 14:35,0.352819745,10/8/18
1,H,D,10/8/18 14:38,0.391928765,10/8/18
1,H,E,10/8/18 14:43,0.512201583,10/8/18
1,H,F,10/8/18 14:47,0.374960946,10/8/18
1,H,G,10/8/18 14:50,0.345900471,10/8/18
2,C,A,10/8/18 10:49,0.281719522,10/8/18
2,C,B,10/8/18 10:52,0.193297478,10/8/18
2,C,C,10/8/18 10:58,0.283290906,10/8/18
2,C,D,10/8/18 11:01,0.338796552,10/8/18
2,C,E,10/8/18 11:04,0.416666399,10/8/18
2,C,F,10/8/18 11:12,0.278378367,10/8/18
2,C,G,10/8/18 11:15,0.274939608,10/8/18
2,H,A,10/8/18 10:23,0.283997644,10/8/18
2,H,B,10/8/18 10:25,0.251221003,10/8/18
2,H,C,10/8/18 10:30,0.176132129,10/8/18
2,H,D,10/8/18 10:34,0.258569453,10/8/18
2,H,E,10/8/18 10:36,0.287753215,10/8/18
2,H,F,10/8/18 10:40,0.223426432,10/8/18
2,H,G,10/8/18 10:45,0.210621487,10/8/18
3,C,A,10/8/18 11:52,0.247476829,10/8/18
3,C,B,10/8/18 11:59,0.236391636,10/8/18
3,C,C,10/8/18 12:04,0.233517063,10/8/18
3,C,D,10/8/18 12:07,0.249521378,10/8/18
3,C,E,10/8/18 12:10,0.183526887,10/8/18
3,C,F,10/8/18 12:15,0.582656552,10/8/18
3,C,G,10/8/18 12:18,0.45814986,10/8/18
3,H,A,10/8/18 11:22,0.241341533,10/8/18
3,H,B,10/8/18 11:25,0.246062668,10/8/18
3,H,C,10/8/18 11:32,0.220531818,10/8/18
3,H,D,10/8/18 11:35,0.193674703,10/8/18
3,H,E,10/8/18 11:39,0.28893672,10/8/18
3,H,F,10/8/18 11:45,0.251042703,10/8/18
3,H,G,10/8/18 11:48,0.2258065,10/8/18
1,C,A,11/13/18 16:40,0.104646589,11/13/18
1,C,B,11/13/18 16:47,0.112934039,11/13/18
1,C,C,11/13/18 16:54,0.067869666,11/13/18
1,C,D,11/13/18 17:03,0.1502484,11/13/18
1,C,E,11/13/18 17:08,0.127818518,11/13/18
1,C,F,11/13/18 17:16,0.087810223,11/13/18
1,C,G,11/13/18 16:32,0.070667015,11/13/18
1,H,A,11/13/18 17:27,0.194776512,11/13/18
1,H,B,11/13/18 17:31,0.130025664,11/13/18
1,H,C,11/13/18 17:35,0.103237838,11/13/18
1,H,D,11/13/18 17:42,0.11981966,11/13/18
1,H,E,11/13/18 18:08,0.185338075,11/13/18
1,H,F,11/13/18 17:48,0.097819311,11/13/18
1,H,G,11/13/18 17:56,0.096048063,11/13/18
2,C,A,11/13/18 14:41,0.116262413,11/13/18
2,C,B,11/13/18 14:47,0.074697404,11/13/18
2,C,C,11/13/18 14:55,0.096580878,11/13/18
2,C,D,11/13/18 15:01,0.100983968,11/13/18
2,C,E,11/13/18 15:15,0.12437313,11/13/18
2,C,F,11/13/18 15:08,0.100430705,11/13/18
2,C,G,11/13/18 15:19,0.114580376,11/13/18
2,H,A,11/13/18 15:41,0.132337574,11/13/18
2,H,B,11/13/18 15:46,0.112683347,11/13/18
2,H,C,11/13/18 15:52,0.117289985,11/13/18
2,H,D,11/13/18 16:01,0.096170031,11/13/18
2,H,E,11/13/18 15:26,0.122529294,11/13/18
2,H,F,11/13/18 16:07,0.064353316,11/13/18
2,H,G,11/13/18 15:34,0.088109678,11/13/18
3,C,A,11/13/18 12:49,0.093085008,11/13/18
3,C,B,11/13/18 12:59,0.07073234,11/13/18
3,C,C,11/13/18 13:09,0.083728847,11/13/18
3,C,D,11/13/18 13:17,0.073231827,11/13/18
3,C,E,11/13/18 13:24,0.078493612,11/13/18
3,C,F,11/13/18 13:35,0.080396146,11/13/18
3,C,G,11/13/18 13:42,0.094517382,11/13/18
3,H,A,11/13/18 11:54,0.126551446,11/13/18
3,H,B,11/13/18 12:00,0.082973027,11/13/18
3,H,C,11/13/18 12:09,0.121608823,11/13/18
3,H,D,11/13/18 12:18,0.081802329,11/13/18
3,H,E,11/13/18 12:25,0.297651007,11/13/18
3,H,F,11/13/18 12:32,0.111497887,11/13/18
3,H,G,11/13/18 12:40,0.075103671,11/13/18